{
  "features": [
    {
      "geometry": {
        "coordinates": [
          [
            [
              -122.13713,
              38.01967
            ],
            [
              -122.13707,
              38.01978
            ],
            [
              -122.13568,
              38.02005
            ],
            [
              -122.1347,
              38.02033
            ],
            [
              -122.13376,
              38.02069
            ],
            [
              -122.13271,
              38.02122
            ],
            [
              -122.13155,
              38.02199
            ],
            [
              -122.13147,
              38.02192
            ],
            [
              -122.1328,
              38.02105
            ],
            [
              -122.1337,
              38.0206
            ],
            [
              -122.13465,
              38.02024
            ],
            [
              -122.13565,
              38.01995
            ],
            [
              -122.13713,
              38.01967
            ]
          ]
        ],
        "type": "Polygon"
      },
      "properties": {
        "feature_id": "ebrpd:100",
        "gis_acres": 1.47328991,
        "name": "Radke Martinez Shoreline",
        "objectid": 100,
        "official_name": "Ted and Kathy Radke Martinez Regional Shoreline",
        "park_unit": "5",
        "source_object_id": 100,
        "status": "Landbank"
      },
      "type": "Feature"
    },
    {
      "geometry": {
        "coordinates": [
          [
            [
              -122.13075,
              38.03157
            ],
            [
              -122.13027,
              38.02905
            ],
            [
              -122.12947,
              38.02946
            ],
            [
              -122.12904,
              38.02716
            ],
            [
              -122.12912,
              38.02712
            ],
            [
              -122.12908,
              38.02707
            ],
            [
              -122.12942,
              38.02688
            ],
            [
              -122.13121,
              38.026
            ],
            [
              -122.13052,
              38.02501
            ],
            [
              -122.13058,
              38.02498
            ],
            [
              -122.13022,
              38.02443
            ],
            [
              -122.12936,
              38.02332
            ],
            [
              -122.13041,
              38.02285
            ],
            [
              -122.13135,
              38.02233
            ],
            [
              -122.13169,
              38.02212
            ],
            [
              -122.13155,
              38.02199
            ],
            [
              -122.13181,
              38.02181
            ],
            [
              -122.13271,
              38.02122
            ],
            [
              -122.13376,
              38.02069
            ],
            [
              -122.1347,
              38.02033
            ],
            [
              -122.13568,
              38.02005
            ],
            [
              -122.13707,
              38.01978
            ],
            [
              -122.13713,
              38.01967
            ],
            [
              -122.1373,
              38.01962
            ],
            [
              -122.13759,
              38.01958
            ],
            [
              -122.13839,
              38.02061
            ],
            [
              -122.14082,
              38.0204
            ],
            [
              -122.14085,
              38.01975
            ],
            [
              -122.14075,
              38.01922
            ],
            [
              -122.14084,
              38.01921
            ],
            [
              -122.14091,
              38.01962
            ],
            [
              -122.14119,
              38.01961
            ],
            [
              -122.1411,
              38.01962
            ],
            [
              -122.14111,
              38.01968
            ],
            [
              -122.14093,
              38.0197
            ],
            [
              -122.14091,
              38.02034
            ],
            [
              -122.14126,
              38.02031
            ],
            [
              -122.14129,
              38.02047
            ],
            [
              -122.14136,
              38.02046
            ],
            [
              -122.14137,
              38.02051
            ],
            [
              -122.14125,
              38.02053
            ],
            [
              -122.14139,
              38.02052
            ],
            [
              -122.14141,
              38.02065
            ],
            [
              -122.1416,
              38.02064
            ],
            [
              -122.14157,
              38.02044
            ],
            [
              -122.14192,
              38.02041
            ],
            [
              -122.14193,
              38.02052
            ],
            [
              -122.14371,
              38.02037
            ],
            [
              -122.14358,
              38.01953
            ],
            [
              -122.1447,
              38.0198
            ],
            [
              -122.14572,
              38.0201
            ],
            [
              -122.14572,
              38.02034
            ],
            [
              -122.14801,
              38.02116
            ],
            [
              -122.14907,
              38.02159
            ],
            [
              -122.15008,
              38.02213
            ],
            [
              -122.15165,
              38.02253
            ],
            [
              -122.15792,
              38.0249
            ],
            [
              -122.15644,
              38.0249
            ],
            [
              -122.15716,
              38.02516
            ],
            [
              -122.1409,
              38.02769
            ],
            [
              -122.14076,
              38.02715
            ],
            [
              -122.13974,
              38.02731
            ],
            [
              -122.13935,
              38.02631
            ],
            [
              -122.13962,
              38.0256
            ],
            [
              -122.13895,
              38.02424
            ],
            [
              -122.13767,
              38.02374
            ],
            [
              -122.13689,
              38.02213
            ],
            [
              -122.13543,
              38.02257
            ],
            [
              -122.13566,
              38.02305
            ],
            [
              -122.13555,
              38.02308
            ],
            [
              -122.13571,
              38.02341
            ],
            [
              -122.13344,
              38.02434
            ],
            [
              -122.13221,
              38.02475
            ],
            [
              -122.13292,
              38.02586
            ],
            [
              -122.1333,
              38.02598
            ],
            [
              -122.13503,
              38.02593
            ],
            [
              -122.1347,
              38.02844
            ],
            [
              -122.13429,
              38.02978
            ],
            [
              -122.13075,
              38.03157
            ]
          ],
          [
            [
              -122.14138,
              38.02358
            ],
            [
              -122.1415,
              38.02444
            ],
            [
              -122.14168,
              38.02442
            ],
            [
              -122.14121,
              38.02127
            ],
            [
              -122.14135,
              38.02126
            ],
            [
              -122.14127,
              38.02072
            ],
            [
              -122.1411,
              38.02073
            ],
            [
              -122.14104,
              38.02129
            ],
            [
              -122.14138,
              38.02358
            ]
          ],
          [
            [
              -122.14469,
              38.02087
            ],
            [
              -122.1455,
              38.02088
            ],
            [
              -122.14551,
              38.02022
            ],
            [
              -122.14468,
              38.02022
            ],
            [
              -122.14469,
              38.02087
            ]
          ]
        ],
        "type": "Polygon"
      },
      "properties": {
        "feature_id": "ebrpd:101",
        "gis_acres": 333.3680277,
        "name": "Radke Martinez Shoreline",
        "objectid": 101,
        "official_name": "Ted and Kathy Radke Martinez Regional Shoreline",
        "park_unit": "5",
        "source_object_id": 101,
        "status": "Parkland"
      },
      "type": "Feature"
    },
    {
      "geometry": {
        "coordinates": [
          [
            [
              -122.16693,
              37.807
            ],
            [
              -122.16706,
              37.80659
            ],
            [
              -122.16771,
              37.80661
            ],
            [
              -122.16887,
              37.80611
            ],
            [
              -122.16889,
              37.80721
            ],
            [
              -122.16694,
              37.80723
            ],
            [
              -122.16693,
              37.807
            ]
          ]
        ],
        "type": "Polygon"
      },
      "properties": {
        "feature_id": "ebrpd:104",
        "gis_acres": 3.51966303,
        "name": "Reinhardt Redwood",
        "objectid": 104,
        "official_name": "Dr. Aurelia Reinhardt Redwood Regional Park",
        "park_unit": "3",
        "source_object_id": 104,
        "status": "Landbank"
      },
      "type": "Feature"
    },
    {
      "geometry": {
        "coordinates": [
          [
            [
              [
                -122.17055,
                37.8072
              ],
              [
                -122.17058,
                37.81451
              ],
              [
                -122.17445,
                37.81451
              ],
              [
                -122.17474,
                37.81492
              ],
              [
                -122.17531,
                37.81543
              ],
              [
                -122.17551,
                37.8159
              ],
              [
                -122.17454,
                37.81601
              ],
              [
                -122.17427,
                37.81597
              ],
              [
                -122.17421,
                37.816
              ],
              [
                -122.17421,
                37.81608
              ],
              [
                -122.17448,
                37.81631
              ],
              [
                -122.17476,
                37.81646
              ],
              [
                -122.17545,
                37.81668
              ],
              [
                -122.17558,
                37.81678
              ],
              [
                -122.17629,
                37.81756
              ],
              [
                -122.17647,
                37.81794
              ],
              [
                -122.17662,
                37.81812
              ],
              [
                -122.17745,
                37.81856
              ],
              [
                -122.17792,
                37.81895
              ],
              [
                -122.17835,
                37.81984
              ],
              [
                -122.17966,
                37.82052
              ],
              [
                -122.18096,
                37.82092
              ],
              [
                -122.18245,
                37.82038
              ],
              [
                -122.18278,
                37.82018
              ],
              [
                -122.18296,
                37.8198
              ],
              [
                -122.18462,
                37.82017
              ],
              [
                -122.18444,
                37.82072
              ],
              [
                -122.18544,
                37.82093
              ],
              [
                -122.18562,
                37.82039
              ],
              [
                -122.18579,
                37.82043
              ],
              [
                -122.18688,
                37.82209
              ],
              [
                -122.18645,
                37.82337
              ],
              [
                -122.18671,
                37.82342
              ],
              [
                -122.18679,
                37.8237
              ],
              [
                -122.18637,
                37.82362
              ],
              [
                -122.18574,
                37.82537
              ],
              [
                -122.18703,
                37.82754
              ],
              [
                -122.18672,
                37.82986
              ],
              [
                -122.18646,
                37.83026
              ],
              [
                -122.18669,
                37.83047
              ],
              [
                -122.18646,
                37.83069
              ],
              [
                -122.18606,
                37.83091
              ],
              [
                -122.18556,
                37.83131
              ],
              [
                -122.18558,
                37.83163
              ],
              [
                -122.18469,
                37.83299
              ],
              [
                -122.1839,
                37.83268
              ],
              [
                -122.18301,
                37.83332
              ],
              [
                -122.17794,
                37.83137
              ],
              [
                -122.17098,
                37.82766
              ],
              [
                -122.16817,
                37.82611
              ],
              [
                -122.16557,
                37.8241
              ],
              [
                -122.16463,
                37.82255
              ],
              [
                -122.15854,
                37.81869
              ],
              [
                -122.15624,
                37.81762
              ],
              [
                -122.15455,
                37.81637
              ],
              [
                -122.15155,
                37.81575
              ],
              [
                -122.14919,
                37.81492
              ],
              [
                -122.14648,
                37.81302
              ],
              [
                -122.14521,
                37.81119
              ],
              [
                -122.14359,
                37.80997
              ],
              [
                -122.14292,
                37.80885
              ],
              [
                -122.14314,
                37.80819
              ],
              [
                -122.14247,
                37.80735
              ],
              [
                -122.1401,
                37.80735
              ],
              [
                -122.14009,
                37.80706
              ],
              [
                -122.13998,
                37.80686
              ],
              [
                -122.13986,
                37.80679
              ],
              [
                -122.13962,
                37.80677
              ],
              [
                -122.13953,
                37.80672
              ],
              [
                -122.1396,
                37.8064
              ],
              [
                -122.13958,
                37.80627
              ],
              [
                -122.13953,
                37.8062
              ],
              [
                -122.13916,
                37.80608
              ],
              [
                -122.13902,
                37.80597
              ],
              [
                -122.13898,
                37.80558
              ],
              [
                -122.13874,
                37.80531
              ],
              [
                -122.13866,
                37.80513
              ],
              [
                -122.13865,
                37.80505
              ],
              [
                -122.13876,
                37.80485
              ],
              [
                -122.13874,
                37.80468
              ],
              [
                -122.13845,
                37.80433
              ],
              [
                -122.13816,
                37.80377
              ],
              [
                -122.13768,
                37.80342
              ],
              [
                -122.13754,
                37.80303
              ],
              [
                -122.13743,
                37.80288
              ],
              [
                -122.13687,
                37.80259
              ],
              [
                -122.13677,
                37.80225
              ],
              [
                -122.13667,
                37.80208
              ],
              [
                -122.13605,
                37.80153
              ],
              [
                -122.13599,
                37.80134
              ],
              [
                -122.13594,
                37.80059
              ],
              [
                -122.13575,
                37.80012
              ],
              [
                -122.1356,
                37.79931
              ],
              [
                -122.13545,
                37.79904
              ],
              [
                -122.13545,
                37.79887
              ],
              [
                -122.1356,
                37.79858
              ],
              [
                -122.13556,
                37.79841
              ],
              [
                -122.13538,
                37.79827
              ],
              [
                -122.13515,
                37.79819
              ],
              [
                -122.13399,
                37.79796
              ],
              [
                -122.13282,
                37.79731
              ],
              [
                -122.13221,
                37.79686
              ],
              [
                -122.1318,
                37.79636
              ],
              [
                -122.13152,
                37.79613
              ],
              [
                -122.13138,
                37.79586
              ],
              [
                -122.13125,
                37.79541
              ],
              [
                -122.13134,
                37.79535
              ],
              [
                -122.13214,
                37.79588
              ],
              [
                -122.13249,
                37.79589
              ],
              [
                -122.13268,
                37.79595
              ],
              [
                -122.1329,
                37.79638
              ],
              [
                -122.13318,
                37.79652
              ],
              [
                -122.13356,
                37.79692
              ],
              [
                -122.13418,
                37.79735
              ],
              [
                -122.13472,
                37.79727
              ],
              [
                -122.13481,
                37.79729
              ],
              [
                -122.13538,
                37.79775
              ],
              [
                -122.13558,
                37.79781
              ],
              [
                -122.13588,
                37.79784
              ],
              [
                -122.13652,
                37.79781
              ],
              [
                -122.13674,
                37.79786
              ],
              [
                -122.13683,
                37.79828
              ],
              [
                -122.13692,
                37.79846
              ],
              [
                -122.13705,
                37.79857
              ],
              [
                -122.13721,
                37.79861
              ],
              [
                -122.13745,
                37.79853
              ],
              [
                -122.1378,
                37.79817
              ],
              [
                -122.13817,
                37.79765
              ],
              [
                -122.13829,
                37.79753
              ],
              [
                -122.13838,
                37.79753
              ],
              [
                -122.13863,
                37.79779
              ],
              [
                -122.13886,
                37.79815
              ],
              [
                -122.13901,
                37.79828
              ],
              [
                -122.13939,
                37.79835
              ],
              [
                -122.1407,
                37.79838
              ],
              [
                -122.14081,
                37.7985
              ],
              [
                -122.14115,
                37.79864
              ],
              [
                -122.14174,
                37.79867
              ],
              [
                -122.14202,
                37.79885
              ],
              [
                -122.14254,
                37.79934
              ],
              [
                -122.14321,
                37.79981
              ],
              [
                -122.14321,
                37.79997
              ],
              [
                -122.14343,
                37.79997
              ],
              [
                -122.14379,
                37.80025
              ],
              [
                -122.14403,
                37.80035
              ],
              [
                -122.14536,
                37.80038
              ],
              [
                -122.14609,
                37.80024
              ],
              [
                -122.14668,
                37.79996
              ],
              [
                -122.14793,
                37.79995
              ],
              [
                -122.14821,
                37.79989
              ],
              [
                -122.14874,
                37.79953
              ],
              [
                -122.14928,
                37.79929
              ],
              [
                -122.14939,
                37.79921
              ],
              [
                -122.14984,
                37.79864
              ],
              [
                -122.15045,
                37.79834
              ],
              [
                -122.15083,
                37.79833
              ],
              [
                -122.1516,
                37.7985
              ],
              [
                -122.15231,
                37.79848
              ],
              [
                -122.15261,
                37.79853
              ],
              [
                -122.15406,
                37.79908
              ],
              [
                -122.15461,
                37.79934
              ],
              [
                -122.15521,
                37.7999
              ],
              [
                -122.15604,
                37.80049
              ],
              [
                -122.15636,
                37.80086
              ],
              [
                -122.15681,
                37.80124
              ],
              [
                -122.15713,
                37.80163
              ],
              [
                -122.15754,
                37.80202
              ],
              [
                -122.15836,
                37.80256
              ],
              [
                -122.15987,
                37.80338
              ],
              [
                -122.1605,
                37.80394
              ],
              [
                -122.16086,
                37.80405
              ],
              [
                -122.16143,
                37.80403
              ],
              [
                -122.16189,
                37.80411
              ],
              [
                -122.16235,
                37.80452
              ],
              [
                -122.16292,
                37.80484
              ],
              [
                -122.16354,
                37.80502
              ],
              [
                -122.16399,
                37.80542
              ],
              [
                -122.16446,
                37.80563
              ],
              [
                -122.1651,
                37.80609
              ],
              [
                -122.16559,
                37.80617
              ],
              [
                -122.16656,
                37.80652
              ],
              [
                -122.16706,
                37.80659
              ],
              [
                -122.16693,
                37.807
              ],
              [
                -122.16694,
                37.80723
              ],
              [
                -122.16889,
                37.80721
              ],
              [
                -122.16887,
                37.80611
              ],
              [
                -122.16912,
                37.80603
              ],
              [
                -122.16915,
                37.80721
              ],
              [
                -122.17055,
                37.8072
              ]
            ]
          ],
          [
            [
              [
                -122.17274,
                37.80719
              ],
              [
                -122.17055,
                37.8072
              ],
              [
                -122.17054,
                37.80549
              ],
              [
                -122.17115,
                37.80512
              ],
              [
                -122.17133,
                37.80495
              ],
              [
                -122.17148,
                37.8047
              ],
              [
                -122.17154,
                37.80437
              ],
              [
                -122.17136,
                37.80385
              ],
              [
                -122.17125,
                37.80326
              ],
              [
                -122.17114,
                37.80306
              ],
              [
                -122.17056,
                37.8024
              ],
              [
                -122.17055,
                37.80161
              ],
              [
                -122.17104,
                37.80161
              ],
              [
                -122.17149,
                37.80058
              ],
              [
                -122.17071,
                37.80023
              ],
              [
                -122.17073,
                37.80019
              ],
              [
                -122.17314,
                37.80131
              ],
              [
                -122.17627,
                37.80285
              ],
              [
                -122.17643,
                37.80273
              ],
              [
                -122.17704,
                37.80323
              ],
              [
                -122.17727,
                37.80334
              ],
              [
                -122.17886,
                37.80492
              ],
              [
                -122.17826,
                37.80546
              ],
              [
                -122.17814,
                37.80575
              ],
              [
                -122.17814,
                37.80589
              ],
              [
                -122.17825,
                37.80614
              ],
              [
                -122.17765,
                37.80681
              ],
              [
                -122.17677,
                37.8072
              ],
              [
                -122.17641,
                37.80712
              ],
              [
                -122.17599,
                37.80716
              ],
              [
                -122.1742,
                37.80717
              ],
              [
                -122.17311,
                37.8067
              ],
              [
                -122.17274,
                37.80719
              ]
            ]
          ]
        ],
        "type": "MultiPolygon"
      },
      "properties": {
        "feature_id": "ebrpd:105",
        "gis_acres": 1779.49313051,
        "name": "Reinhardt Redwood",
        "objectid": 105,
        "official_name": "Dr. Aurelia Reinhardt Redwood Regional Park",
        "park_unit": "3",
        "source_object_id": 105,
        "status": "Parkland"
      },
      "type": "Feature"
    },
    {
      "geometry": {
        "coordinates": [
          [
            [
              -122.17421,
              37.81608
            ],
            [
              -122.17421,
              37.816
            ],
            [
              -122.17427,
              37.81597
            ],
            [
              -122.17454,
              37.81601
            ],
            [
              -122.17551,
              37.8159
            ],
            [
              -122.17531,
              37.81543
            ],
            [
              -122.17474,
              37.81492
            ],
            [
              -122.17445,
              37.81451
            ],
            [
              -122.17058,
              37.81451
            ],
            [
              -122.17055,
              37.8072
            ],
            [
              -122.17274,
              37.80719
            ],
            [
              -122.17311,
              37.8067
            ],
            [
              -122.1742,
              37.80717
            ],
            [
              -122.17599,
              37.80716
            ],
            [
              -122.17568,
              37.80731
            ],
            [
              -122.17549,
              37.8075
            ],
            [
              -122.17538,
              37.80779
            ],
            [
              -122.17536,
              37.80812
            ],
            [
              -122.17479,
              37.8092
            ],
            [
              -122.17412,
              37.80897
            ],
            [
              -122.1737,
              37.80975
            ],
            [
              -122.17475,
              37.81011
            ],
            [
              -122.17496,
              37.8106
            ],
            [
              -122.17549,
              37.81113
            ],
            [
              -122.17571,
              37.81152
            ],
            [
              -122.17577,
              37.81197
            ],
            [
              -122.17553,
              37.81272
            ],
            [
              -122.17557,
              37.81292
            ],
            [
              -122.17562,
              37.81291
            ],
            [
              -122.17572,
              37.81321
            ],
            [
              -122.17582,
              37.81335
            ],
            [
              -122.17564,
              37.81367
            ],
            [
              -122.17587,
              37.81452
            ],
            [
              -122.17564,
              37.81452
            ],
            [
              -122.17594,
              37.81526
            ],
            [
              -122.17602,
              37.81539
            ],
            [
              -122.18118,
              37.8194
            ],
            [
              -122.18296,
              37.8198
            ],
            [
              -122.18287,
              37.82006
            ],
            [
              -122.18278,
              37.82018
            ],
            [
              -122.18245,
              37.82038
            ],
            [
              -122.18096,
              37.82092
            ],
            [
              -122.17966,
              37.82052
            ],
            [
              -122.17835,
              37.81984
            ],
            [
              -122.17792,
              37.81895
            ],
            [
              -122.17745,
              37.81856
            ],
            [
              -122.17662,
              37.81812
            ],
            [
              -122.17647,
              37.81794
            ],
            [
              -122.17629,
              37.81756
            ],
            [
              -122.17558,
              37.81678
            ],
            [
              -122.17545,
              37.81668
            ],
            [
              -122.17476,
              37.81646
            ],
            [
              -122.17448,
              37.81631
            ],
            [
              -122.17421,
              37.81608
            ]
          ]
        ],
        "type": "Polygon"
      },
      "properties": {
        "feature_id": "ebrpd:106",
        "gis_acres": 120.64348924,
        "name": "Roberts",
        "objectid": 106,
        "official_name": "Roberts Regional Recreation Area",
        "park_unit": "3",
        "source_object_id": 106,
        "status": "Parkland"
      },
      "type": "Feature"
    },
    {
      "geometry": {
        "coordinates": [
          [
            [
              -121.74578,
              37.86704
            ],
            [
              -121.74597,
              37.86696
            ],
            [
              -121.74645,
              37.8669
            ],
            [
              -121.74658,
              37.86697
            ],
            [
              -121.74714,
              37.86697
            ],
            [
              -121.74761,
              37.86706
            ],
            [
              -121.74762,
              37.8678
            ],
            [
              -121.74332,
              37.86783
            ],
            [
              -121.74332,
              37.86684
            ],
            [
              -121.74399,
              37.8668
            ],
            [
              -121.74452,
              37.86683
            ],
            [
              -121.74554,
              37.86711
            ],
            [
              -121.74563,
              37.86712
            ],
            [
              -121.74578,
              37.86704
            ]
          ]
        ],
        "type": "Polygon"
      },
      "properties": {
        "feature_id": "ebrpd:107",
        "gis_acres": 9.11906271,
        "name": "Round Valley",
        "objectid": 107,
        "official_name": "Round Valley Regional Preserve",
        "park_unit": "7",
        "source_object_id": 107,
        "status": "Landbank"
      },
      "type": "Feature"
    },
    {
      "geometry": {
        "coordinates": [
          [
            [
              -121.74952,
              37.86987
            ],
            [
              -121.74955,
              37.86779
            ],
            [
              -121.74762,
              37.8678
            ],
            [
              -121.74761,
              37.86706
            ],
            [
              -121.74714,
              37.86697
            ],
            [
              -121.74658,
              37.86697
            ],
            [
              -121.74645,
              37.8669
            ],
            [
              -121.74597,
              37.86696
            ],
            [
              -121.74563,
              37.86712
            ],
            [
              -121.74452,
              37.86683
            ],
            [
              -121.74399,
              37.8668
            ],
            [
              -121.74332,
              37.86684
            ],
            [
              -121.74334,
              37.86446
            ],
            [
              -121.74209,
              37.86446
            ],
            [
              -121.74258,
              37.85298
            ],
            [
              -121.76988,
              37.85309
            ],
            [
              -121.76904,
              37.84586
            ],
            [
              -121.787,
              37.84592
            ],
            [
              -121.78724,
              37.85328
            ],
            [
              -121.78739,
              37.86785
            ],
            [
              -121.78578,
              37.86786
            ],
            [
              -121.78451,
              37.86776
            ],
            [
              -121.78149,
              37.86766
            ],
            [
              -121.77663,
              37.86758
            ],
            [
              -121.77606,
              37.86765
            ],
            [
              -121.7637,
              37.86781
            ],
            [
              -121.75864,
              37.86806
            ],
            [
              -121.758,
              37.86783
            ],
            [
              -121.75125,
              37.86778
            ],
            [
              -121.7513,
              37.87021
            ],
            [
              -121.74952,
              37.86987
            ]
          ]
        ],
        "type": "Polygon"
      },
      "properties": {
        "feature_id": "ebrpd:108",
        "gis_acres": 1896.64335432,
        "name": "Round Valley",
        "objectid": 108,
        "official_name": "Round Valley Regional Preserve",
        "park_unit": "7",
        "source_object_id": 108,
        "status": "Parkland"
      },
      "type": "Feature"
    },
    {
      "geometry": {
        "coordinates": [
          [
            [
              -121.68939,
              38.02099
            ],
            [
              -121.68917,
              38.02041
            ],
            [
              -121.6886,
              38.01963
            ],
            [
              -121.68799,
              38.01928
            ],
            [
              -121.6873,
              38.01898
            ],
            [
              -121.68663,
              38.01848
            ],
            [
              -121.68626,
              38.01832
            ],
            [
              -121.68613,
              38.01805
            ],
            [
              -121.68504,
              38.01771
            ],
            [
              -121.68434,
              38.01783
            ],
            [
              -121.68396,
              38.01796
            ],
            [
              -121.68359,
              38.01798
            ],
            [
              -121.68343,
              38.01795
            ],
            [
              -121.68333,
              38.0178
            ],
            [
              -121.68339,
              38.01764
            ],
            [
              -121.68409,
              38.01712
            ],
            [
              -121.6843,
              38.01705
            ],
            [
              -121.68497,
              38.01623
            ],
            [
              -121.68504,
              38.01588
            ],
            [
              -121.68495,
              38.01545
            ],
            [
              -121.68436,
              38.01415
            ],
            [
              -121.68431,
              38.01367
            ],
            [
              -121.68477,
              38.01373
            ],
            [
              -121.68517,
              38.01384
            ],
            [
              -121.68563,
              38.01382
            ],
            [
              -121.68614,
              38.01373
            ],
            [
              -121.68694,
              38.0137
            ],
            [
              -121.68761,
              38.0138
            ],
            [
              -121.68819,
              38.01395
            ],
            [
              -121.68869,
              38.014
            ],
            [
              -121.68931,
              38.01395
            ],
            [
              -121.68959,
              38.01381
            ],
            [
              -121.69015,
              38.01238
            ],
            [
              -121.69055,
              38.01155
            ],
            [
              -121.69123,
              38.01042
            ],
            [
              -121.69129,
              38.01022
            ],
            [
              -121.6911,
              38.0094
            ],
            [
              -121.69116,
              38.00871
            ],
            [
              -121.6914,
              38.00734
            ],
            [
              -121.69156,
              38.00578
            ],
            [
              -121.69169,
              38.0054
            ],
            [
              -121.69497,
              38.00721
            ],
            [
              -121.69626,
              38.00735
            ],
            [
              -121.6965,
              38.00651
            ],
            [
              -121.7116,
              38.00646
            ],
            [
              -121.71157,
              38.00843
            ],
            [
              -121.72314,
              38.00845
            ],
            [
              -121.72314,
              38.00872
            ],
            [
              -121.73225,
              38.00873
            ],
            [
              -121.73225,
              38.00901
            ],
            [
              -121.72982,
              38.009
            ],
            [
              -121.7298,
              38.01367
            ],
            [
              -121.7299,
              38.01367
            ],
            [
              -121.72987,
              38.02201
            ],
            [
              -121.72942,
              38.02226
            ],
            [
              -121.72882,
              38.02345
            ],
            [
              -121.72786,
              38.02505
            ],
            [
              -121.7259,
              38.02525
            ],
            [
              -121.724,
              38.02516
            ],
            [
              -121.72168,
              38.02466
            ],
            [
              -121.71852,
              38.02365
            ],
            [
              -121.71628,
              38.02242
            ],
            [
              -121.71439,
              38.02183
            ],
            [
              -121.71255,
              38.02169
            ],
            [
              -121.71147,
              38.02117
            ],
            [
              -121.71036,
              38.02074
            ],
            [
              -121.70965,
              38.02057
            ],
            [
              -121.7089,
              38.02054
            ],
            [
              -121.70834,
              38.02066
            ],
            [
              -121.70793,
              38.02085
            ],
            [
              -121.70782,
              38.02102
            ],
            [
              -121.70779,
              38.02118
            ],
            [
              -121.70787,
              38.02166
            ],
            [
              -121.70781,
              38.02194
            ],
            [
              -121.70739,
              38.02279
            ],
            [
              -121.70659,
              38.02357
            ],
            [
              -121.7058,
              38.02422
            ],
            [
              -121.70491,
              38.02462
            ],
            [
              -121.70237,
              38.02532
            ],
            [
              -121.70146,
              38.02564
            ],
            [
              -121.70087,
              38.02594
            ],
            [
              -121.69933,
              38.02646
            ],
            [
              -121.69895,
              38.02655
            ],
            [
              -121.69815,
              38.02664
            ],
            [
              -121.69766,
              38.02667
            ],
            [
              -121.69708,
              38.02661
            ],
            [
              -121.69547,
              38.02636
            ],
            [
              -121.69364,
              38.02623
            ],
            [
              -121.69287,
              38.02611
            ],
            [
              -121.69234,
              38.02592
            ],
            [
              -121.69207,
              38.02576
            ],
            [
              -121.69167,
              38.02539
            ],
            [
              -121.69137,
              38.02494
            ],
            [
              -121.69123,
              38.02433
            ],
            [
              -121.69123,
              38.02388
            ],
            [
              -121.69131,
              38.02342
            ],
            [
              -121.69111,
              38.02268
            ],
            [
              -121.69086,
              38.02222
            ],
            [
              -121.69065,
              38.02201
            ],
            [
              -121.69031,
              38.0218
            ],
            [
              -121.68967,
              38.0215
            ],
            [
              -121.68949,
              38.02129
            ],
            [
              -121.68939,
              38.02099
            ]
          ]
        ],
        "type": "Polygon"
      },
      "properties": {
        "feature_id": "ebrpd:11",
        "gis_acres": 1657.32671818,
        "name": "Big Break Shoreline",
        "objectid": 11,
        "official_name": "Big Break Regional Shoreline",
        "park_unit": "7",
        "source_object_id": 11,
        "status": "Parkland"
      },
      "type": "Feature"
    },
    {
      "geometry": {
        "coordinates": [
          [
            [
              [
                -121.83347,
                37.67273
              ],
              [
                -121.83348,
                37.66813
              ],
              [
                -121.83004,
                37.66759
              ],
              [
                -121.83008,
                37.66585
              ],
              [
                -121.84026,
                37.6658
              ],
              [
                -121.84068,
                37.66598
              ],
              [
                -121.8418,
                37.66603
              ],
              [
                -121.84222,
                37.66575
              ],
              [
                -121.84534,
                37.66575
              ],
              [
                -121.84532,
                37.66758
              ],
              [
                -121.84783,
                37.66831
              ],
              [
                -121.84919,
                37.6683
              ],
              [
                -121.85005,
                37.66837
              ],
              [
                -121.85105,
                37.66907
              ],
              [
                -121.85107,
                37.66962
              ],
              [
                -121.85183,
                37.66964
              ],
              [
                -121.85242,
                37.66936
              ],
              [
                -121.85337,
                37.66841
              ],
              [
                -121.85373,
                37.67068
              ],
              [
                -121.84529,
                37.67162
              ],
              [
                -121.82377,
                37.67387
              ],
              [
                -121.81452,
                37.67492
              ],
              [
                -121.81452,
                37.67479
              ],
              [
                -121.82377,
                37.67374
              ],
              [
                -121.83347,
                37.67273
              ]
            ]
          ],
          [
            [
              [
                -121.84072,
                37.66585
              ],
              [
                -121.84053,
                37.66576
              ],
              [
                -121.84198,
                37.66577
              ],
              [
                -121.84179,
                37.66589
              ],
              [
                -121.84072,
                37.66585
              ]
            ]
          ]
        ],
        "type": "MultiPolygon"
      },
      "properties": {
        "feature_id": "ebrpd:114",
        "gis_acres": 259.15849948,
        "name": "Shadow Cliffs",
        "objectid": 114,
        "official_name": "Shadow Cliffs Regional Recreation Area",
        "park_unit": "1",
        "source_object_id": 114,
        "status": "Parkland"
      },
      "type": "Feature"
    },
    {
      "geometry": {
        "coordinates": [
          [
            [
              [
                -122.21712,
                37.86212
              ],
              [
                -122.21704,
                37.86202
              ],
              [
                -122.21616,
                37.863
              ],
              [
                -122.21504,
                37.86231
              ],
              [
                -122.21338,
                37.86142
              ],
              [
                -122.21266,
                37.86128
              ],
              [
                -122.21166,
                37.86083
              ],
              [
                -122.21088,
                37.8608
              ],
              [
                -122.21018,
                37.86068
              ],
              [
                -122.20987,
                37.86045
              ],
              [
                -122.20962,
                37.85987
              ],
              [
                -122.20897,
                37.86005
              ],
              [
                -122.20921,
                37.8606
              ],
              [
                -122.20927,
                37.86087
              ],
              [
                -122.20915,
                37.8611
              ],
              [
                -122.2089,
                37.86012
              ],
              [
                -122.20822,
                37.86023
              ],
              [
                -122.20802,
                37.8604
              ],
              [
                -122.20738,
                37.86037
              ],
              [
                -122.20808,
                37.86095
              ],
              [
                -122.20805,
                37.86141
              ],
              [
                -122.209,
                37.86147
              ],
              [
                -122.20878,
                37.86233
              ],
              [
                -122.2076,
                37.86233
              ],
              [
                -122.20748,
                37.86223
              ],
              [
                -122.20682,
                37.86229
              ],
              [
                -122.20675,
                37.86233
              ],
              [
                -122.20674,
                37.86142
              ],
              [
                -122.20338,
                37.86142
              ],
              [
                -122.19772,
                37.86127
              ],
              [
                -122.19769,
                37.85776
              ],
              [
                -122.1942,
                37.85768
              ],
              [
                -122.19498,
                37.85667
              ],
              [
                -122.19384,
                37.85607
              ],
              [
                -122.19268,
                37.85561
              ],
              [
                -122.19125,
                37.85495
              ],
              [
                -122.1903,
                37.85421
              ],
              [
                -122.18952,
                37.8534
              ],
              [
                -122.18917,
                37.85317
              ],
              [
                -122.18863,
                37.85205
              ],
              [
                -122.18862,
                37.84681
              ],
              [
                -122.19329,
                37.8468
              ],
              [
                -122.1933,
                37.84408
              ],
              [
                -122.19343,
                37.84418
              ],
              [
                -122.19609,
                37.84383
              ],
              [
                -122.19631,
                37.84393
              ],
              [
                -122.19649,
                37.84406
              ],
              [
                -122.19656,
                37.84421
              ],
              [
                -122.1965,
                37.84439
              ],
              [
                -122.19643,
                37.84505
              ],
              [
                -122.19653,
                37.84554
              ],
              [
                -122.19674,
                37.84592
              ],
              [
                -122.19734,
                37.84629
              ],
              [
                -122.1977,
                37.84669
              ],
              [
                -122.19816,
                37.84702
              ],
              [
                -122.19837,
                37.84734
              ],
              [
                -122.19882,
                37.84757
              ],
              [
                -122.19936,
                37.8475
              ],
              [
                -122.19983,
                37.84761
              ],
              [
                -122.20042,
                37.84765
              ],
              [
                -122.20047,
                37.84802
              ],
              [
                -122.20056,
                37.84825
              ],
              [
                -122.20078,
                37.84851
              ],
              [
                -122.20125,
                37.84892
              ],
              [
                -122.20146,
                37.8496
              ],
              [
                -122.20167,
                37.84983
              ],
              [
                -122.20213,
                37.85015
              ],
              [
                -122.20216,
                37.85022
              ],
              [
                -122.2021,
                37.85063
              ],
              [
                -122.20213,
                37.85083
              ],
              [
                -122.20225,
                37.85107
              ],
              [
                -122.20246,
                37.85127
              ],
              [
                -122.20285,
                37.85144
              ],
              [
                -122.20362,
                37.85161
              ],
              [
                -122.20417,
                37.85182
              ],
              [
                -122.20445,
                37.85187
              ],
              [
                -122.20521,
                37.85174
              ],
              [
                -122.20704,
                37.85158
              ],
              [
                -122.20723,
                37.85159
              ],
              [
                -122.20761,
                37.85176
              ],
              [
                -122.20784,
                37.85181
              ],
              [
                -122.20881,
                37.85167
              ],
              [
                -122.20891,
                37.85197
              ],
              [
                -122.21086,
                37.85427
              ],
              [
                -122.21043,
                37.85508
              ],
              [
                -122.21047,
                37.85512
              ],
              [
                -122.21011,
                37.8552
              ],
              [
                -122.21066,
                37.85581
              ],
              [
                -122.21089,
                37.85619
              ],
              [
                -122.21079,
                37.85659
              ],
              [
                -122.21048,
                37.8567
              ],
              [
                -122.2105,
                37.85679
              ],
              [
                -122.21061,
                37.8569
              ],
              [
                -122.21078,
                37.85696
              ],
              [
                -122.21109,
                37.85684
              ],
              [
                -122.21145,
                37.85724
              ],
              [
                -122.21022,
                37.85801
              ],
              [
                -122.20995,
                37.85807
              ],
              [
                -122.20965,
                37.85801
              ],
              [
                -122.20959,
                37.85809
              ],
              [
                -122.20982,
                37.85816
              ],
              [
                -122.21009,
                37.85815
              ],
              [
                -122.21028,
                37.85809
              ],
              [
                -122.2103,
                37.85817
              ],
              [
                -122.21157,
                37.85737
              ],
              [
                -122.21183,
                37.85767
              ],
              [
                -122.21184,
                37.85786
              ],
              [
                -122.21192,
                37.85807
              ],
              [
                -122.21234,
                37.85844
              ],
              [
                -122.21228,
                37.85853
              ],
              [
                -122.21186,
                37.85873
              ],
              [
                -122.21224,
                37.85921
              ],
              [
                -122.21395,
                37.85886
              ],
              [
                -122.21587,
                37.86078
              ],
              [
                -122.21633,
                37.86047
              ],
              [
                -122.21637,
                37.86065
              ],
              [
                -122.21653,
                37.86091
              ],
              [
                -122.21716,
                37.86145
              ],
              [
                -122.21728,
                37.86166
              ],
              [
                -122.21733,
                37.86194
              ],
              [
                -122.2174,
                37.86207
              ],
              [
                -122.21753,
                37.86218
              ],
              [
                -122.21788,
                37.86234
              ],
              [
                -122.21859,
                37.86304
              ],
              [
                -122.21825,
                37.86323
              ],
              [
                -122.21712,
                37.86212
              ]
            ]
          ],
          [
            [
              [
                -122.19328,
                37.85061
              ],
              [
                -122.19328,
                37.85043
              ],
              [
                -122.19407,
                37.85043
              ],
              [
                -122.19407,
                37.8496
              ],
              [
                -122.19206,
                37.84961
              ],
              [
                -122.19207,
                37.85098
              ],
              [
                -122.19328,
                37.85098
              ],
              [
                -122.19328,
                37.85061
              ]
            ]
          ],
          [
            [
              [
                -122.19457,
                37.85058
              ],
              [
                -122.19564,
                37.85057
              ],
              [
                -122.19567,
                37.85042
              ],
              [
                -122.19457,
                37.85043
              ],
              [
                -122.19457,
                37.85058
              ]
            ]
          ],
          [
            [
              [
                -122.1749,
                37.85051
              ],
              [
                -122.17491,
                37.84691
              ],
              [
                -122.17437,
                37.84692
              ],
              [
                -122.17417,
                37.8449
              ],
              [
                -122.17421,
                37.844
              ],
              [
                -122.17412,
                37.84379
              ],
              [
                -122.17364,
                37.84334
              ],
              [
                -122.17335,
                37.84268
              ],
              [
                -122.17291,
                37.84199
              ],
              [
                -122.17045,
                37.84099
              ],
              [
                -122.17045,
                37.83987
              ],
              [
                -122.17504,
                37.83981
              ],
              [
                -122.17622,
                37.83749
              ],
              [
                -122.17798,
                37.83806
              ],
              [
                -122.17815,
                37.83767
              ],
              [
                -122.179,
                37.83794
              ],
              [
                -122.17893,
                37.83807
              ],
              [
                -122.17951,
                37.83828
              ],
              [
                -122.1795,
                37.83974
              ],
              [
                -122.18106,
                37.83972
              ],
              [
                -122.18168,
                37.83994
              ],
              [
                -122.18246,
                37.83999
              ],
              [
                -122.18306,
                37.83987
              ],
              [
                -122.18352,
                37.83968
              ],
              [
                -122.18405,
                37.83967
              ],
              [
                -122.18403,
                37.84685
              ],
              [
                -122.17948,
                37.84688
              ],
              [
                -122.17947,
                37.85049
              ],
              [
                -122.1749,
                37.85051
              ]
            ]
          ],
          [
            [
              [
                -122.20796,
                37.85121
              ],
              [
                -122.20761,
                37.85104
              ],
              [
                -122.20702,
                37.8511
              ],
              [
                -122.2068,
                37.85097
              ],
              [
                -122.20679,
                37.85081
              ],
              [
                -122.20666,
                37.85054
              ],
              [
                -122.20636,
                37.85042
              ],
              [
                -122.20601,
                37.85047
              ],
              [
                -122.20575,
                37.85061
              ],
              [
                -122.20472,
                37.85048
              ],
              [
                -122.20395,
                37.85072
              ],
              [
                -122.20388,
                37.85068
              ],
              [
                -122.20361,
                37.85011
              ],
              [
                -122.20339,
                37.84978
              ],
              [
                -122.2034,
                37.84956
              ],
              [
                -122.2036,
                37.84901
              ],
              [
                -122.20375,
                37.84878
              ],
              [
                -122.20383,
                37.84893
              ],
              [
                -122.20395,
                37.849
              ],
              [
                -122.20425,
                37.84904
              ],
              [
                -122.20459,
                37.84902
              ],
              [
                -122.20472,
                37.84911
              ],
              [
                -122.20481,
                37.84911
              ],
              [
                -122.20489,
                37.84904
              ],
              [
                -122.20481,
                37.84888
              ],
              [
                -122.20456,
                37.84879
              ],
              [
                -122.2045,
                37.84872
              ],
              [
                -122.20461,
                37.84833
              ],
              [
                -122.20464,
                37.84797
              ],
              [
                -122.20469,
                37.84787
              ],
              [
                -122.20489,
                37.84771
              ],
              [
                -122.20489,
                37.84741
              ],
              [
                -122.20497,
                37.84711
              ],
              [
                -122.20543,
                37.84638
              ],
              [
                -122.2054,
                37.84589
              ],
              [
                -122.20546,
                37.84577
              ],
              [
                -122.20572,
                37.84559
              ],
              [
                -122.20589,
                37.84495
              ],
              [
                -122.20603,
                37.84478
              ],
              [
                -122.20638,
                37.84465
              ],
              [
                -122.20649,
                37.84452
              ],
              [
                -122.20648,
                37.84413
              ],
              [
                -122.20637,
                37.84403
              ],
              [
                -122.20619,
                37.84401
              ],
              [
                -122.20631,
                37.84343
              ],
              [
                -122.20653,
                37.84341
              ],
              [
                -122.20657,
                37.84353
              ],
              [
                -122.20847,
                37.85045
              ],
              [
                -122.20845,
                37.85108
              ],
              [
                -122.20827,
                37.85118
              ],
              [
                -122.20796,
                37.85121
              ]
            ]
          ],
          [
            [
              [
                -122.20372,
                37.85144
              ],
              [
                -122.20278,
                37.85121
              ],
              [
                -122.20249,
                37.85101
              ],
              [
                -122.20235,
                37.85071
              ],
              [
                -122.20241,
                37.85034
              ],
              [
                -122.20236,
                37.85009
              ],
              [
                -122.20224,
                37.84994
              ],
              [
                -122.20171,
                37.84957
              ],
              [
                -122.20148,
                37.84885
              ],
              [
                -122.20078,
                37.84816
              ],
              [
                -122.20068,
                37.84779
              ],
              [
                -122.20072,
                37.84771
              ],
              [
                -122.20088,
                37.8477
              ],
              [
                -122.20084,
                37.84765
              ],
              [
                -122.20143,
                37.84791
              ],
              [
                -122.20159,
                37.84805
              ],
              [
                -122.20161,
                37.84828
              ],
              [
                -122.20172,
                37.84853
              ],
              [
                -122.20236,
                37.84897
              ],
              [
                -122.20275,
                37.84917
              ],
              [
                -122.20313,
                37.84982
              ],
              [
                -122.20341,
                37.85017
              ],
              [
                -122.20371,
                37.85078
              ],
              [
                -122.20388,
                37.85089
              ],
              [
                -122.2041,
                37.85088
              ],
              [
                -122.20442,
                37.85072
              ],
              [
                -122.20475,
                37.85065
              ],
              [
                -122.2058,
                37.85078
              ],
              [
                -122.20609,
                37.85062
              ],
              [
                -122.20633,
                37.85059
              ],
              [
                -122.2065,
                37.85066
              ],
              [
                -122.20658,
                37.85084
              ],
              [
                -122.2066,
                37.85106
              ],
              [
                -122.20697,
                37.85127
              ],
              [
                -122.20757,
                37.85121
              ],
              [
                -122.20792,
                37.85138
              ],
              [
                -122.20834,
                37.85134
              ],
              [
                -122.20864,
                37.85118
              ],
              [
                -122.20875,
                37.85148
              ],
              [
                -122.20788,
                37.85162
              ],
              [
                -122.20735,
                37.85142
              ],
              [
                -122.20702,
                37.85139
              ],
              [
                -122.20516,
                37.85155
              ],
              [
                -122.20459,
                37.85167
              ],
              [
                -122.20438,
                37.85167
              ],
              [
                -122.20372,
                37.85144
              ]
            ]
          ],
          [
            [
              [
                -122.21114,
                37.86183
              ],
              [
                -122.21117,
                37.86178
              ],
              [
                -122.21171,
                37.86181
              ],
              [
                -122.21311,
                37.86235
              ],
              [
                -122.21547,
                37.86375
              ],
              [
                -122.2137,
                37.86568
              ],
              [
                -122.21233,
                37.86503
              ],
              [
                -122.2124,
                37.86482
              ],
              [
                -122.21026,
                37.86481
              ],
              [
                -122.21008,
                37.86444
              ],
              [
                -122.20987,
                37.86444
              ],
              [
                -122.20964,
                37.86433
              ],
              [
                -122.20968,
                37.86376
              ],
              [
                -122.20976,
                37.86346
              ],
              [
                -122.21003,
                37.86289
              ],
              [
                -122.21022,
                37.86262
              ],
              [
                -122.21071,
                37.86215
              ],
              [
                -122.21114,
                37.86183
              ]
            ]
          ]
        ],
        "type": "MultiPolygon"
      },
      "properties": {
        "feature_id": "ebrpd:115",
        "gis_acres": 927.77478697,
        "name": "Sibley",
        "objectid": 115,
        "official_name": "Robert Sibley Volcanic Regional Preserve",
        "park_unit": "3",
        "source_object_id": 115,
        "status": "Parkland"
      },
      "type": "Feature"
    },
    {
      "geometry": {
        "coordinates": [
          [
            [
              -122.25836,
              37.96448
            ],
            [
              -122.25804,
              37.96447
            ],
            [
              -122.25782,
              37.96452
            ],
            [
              -122.25773,
              37.96466
            ],
            [
              -122.25762,
              37.96456
            ],
            [
              -122.25742,
              37.96453
            ],
            [
              -122.25622,
              37.9646
            ],
            [
              -122.2564,
              37.96435
            ],
            [
              -122.25637,
              37.96405
            ],
            [
              -122.25629,
              37.96388
            ],
            [
              -122.25582,
              37.96384
            ],
            [
              -122.25582,
              37.96364
            ],
            [
              -122.25572,
              37.96331
            ],
            [
              -122.25574,
              37.96322
            ],
            [
              -122.25895,
              37.96262
            ],
            [
              -122.25938,
              37.96247
            ],
            [
              -122.25973,
              37.96222
            ],
            [
              -122.26031,
              37.96137
            ],
            [
              -122.26067,
              37.96108
            ],
            [
              -122.2628,
              37.96025
            ],
            [
              -122.26359,
              37.95971
            ],
            [
              -122.26394,
              37.95959
            ],
            [
              -122.26422,
              37.95956
            ],
            [
              -122.26759,
              37.96284
            ],
            [
              -122.26861,
              37.96818
            ],
            [
              -122.26739,
              37.97406
            ],
            [
              -122.2607,
              37.97295
            ],
            [
              -122.26014,
              37.97209
            ],
            [
              -122.25826,
              37.97064
            ],
            [
              -122.25875,
              37.97024
            ],
            [
              -122.25923,
              37.9702
            ],
            [
              -122.259,
              37.96988
            ],
            [
              -122.25909,
              37.96976
            ],
            [
              -122.25943,
              37.96975
            ],
            [
              -122.25952,
              37.96934
            ],
            [
              -122.25944,
              37.96915
            ],
            [
              -122.25975,
              37.96912
            ],
            [
              -122.25981,
              37.96906
            ],
            [
              -122.25983,
              37.96889
            ],
            [
              -122.26024,
              37.96852
            ],
            [
              -122.26036,
              37.96813
            ],
            [
              -122.25998,
              37.96737
            ],
            [
              -122.25941,
              37.96694
            ],
            [
              -122.25946,
              37.96646
            ],
            [
              -122.25891,
              37.96582
            ],
            [
              -122.25871,
              37.96571
            ],
            [
              -122.25833,
              37.96561
            ],
            [
              -122.25839,
              37.96536
            ],
            [
              -122.25872,
              37.96506
            ],
            [
              -122.25874,
              37.96496
            ],
            [
              -122.25844,
              37.96453
            ],
            [
              -122.25836,
              37.96448
            ]
          ]
        ],
        "type": "Polygon"
      },
      "properties": {
        "feature_id": "ebrpd:117",
        "gis_acres": 272.39204053,
        "name": "Sobrante Ridge",
        "objectid": 117,
        "official_name": "Sobrante Ridge Botanic Regional Preserve",
        "park_unit": "5",
        "source_object_id": 117,
        "status": "Parkland"
      },
      "type": "Feature"
    },
    {
      "geometry": {
        "coordinates": [
          [
            [
              -121.85475,
              37.53091
            ],
            [
              -121.85358,
              37.53044
            ],
            [
              -121.85309,
              37.53044
            ],
            [
              -121.85298,
              37.53002
            ],
            [
              -121.85223,
              37.52907
            ],
            [
              -121.85153,
              37.52839
            ],
            [
              -121.85114,
              37.52787
            ],
            [
              -121.85041,
              37.52726
            ],
            [
              -121.84972,
              37.52645
            ],
            [
              -121.84954,
              37.52599
            ],
            [
              -121.84901,
              37.52562
            ],
            [
              -121.84863,
              37.5251
            ],
            [
              -121.84828,
              37.52447
            ],
            [
              -121.84799,
              37.52373
            ],
            [
              -121.84793,
              37.52345
            ],
            [
              -121.84791,
              37.52283
            ],
            [
              -121.84796,
              37.52218
            ],
            [
              -121.8479,
              37.52186
            ],
            [
              -121.84775,
              37.52161
            ],
            [
              -121.8477,
              37.5214
            ],
            [
              -121.84784,
              37.52121
            ],
            [
              -121.84804,
              37.52105
            ],
            [
              -121.86053,
              37.52093
            ],
            [
              -121.86951,
              37.5209
            ],
            [
              -121.86969,
              37.53501
            ],
            [
              -121.87429,
              37.53506
            ],
            [
              -121.87415,
              37.53846
            ],
            [
              -121.87397,
              37.5409
            ],
            [
              -121.87397,
              37.54204
            ],
            [
              -121.87011,
              37.54196
            ],
            [
              -121.86956,
              37.54177
            ],
            [
              -121.86887,
              37.5417
            ],
            [
              -121.86887,
              37.54142
            ],
            [
              -121.86881,
              37.54133
            ],
            [
              -121.85831,
              37.54119
            ],
            [
              -121.85765,
              37.54027
            ],
            [
              -121.85814,
              37.53996
            ],
            [
              -121.85861,
              37.53948
            ],
            [
              -121.85883,
              37.53899
            ],
            [
              -121.85913,
              37.53864
            ],
            [
              -121.85895,
              37.53813
            ],
            [
              -121.85796,
              37.53698
            ],
            [
              -121.85797,
              37.53577
            ],
            [
              -121.85641,
              37.53432
            ],
            [
              -121.85546,
              37.53365
            ],
            [
              -121.85475,
              37.53091
            ]
          ]
        ],
        "type": "Polygon"
      },
      "properties": {
        "feature_id": "ebrpd:118",
        "gis_acres": 864.41380478,
        "name": "Sunol",
        "objectid": 118,
        "official_name": "Sunol Wilderness Regional Preserve",
        "park_unit": "1",
        "source_object_id": 118,
        "status": "Landbank"
      },
      "type": "Feature"
    },
    {
      "geometry": {
        "coordinates": [
          [
            [
              [
                -121.84156,
                37.53629
              ],
              [
                -121.84074,
                37.53638
              ],
              [
                -121.83952,
                37.53594
              ],
              [
                -121.83935,
                37.53583
              ],
              [
                -121.83893,
                37.5354
              ],
              [
                -121.83822,
                37.53508
              ],
              [
                -121.83772,
                37.53495
              ],
              [
                -121.83733,
                37.53464
              ],
              [
                -121.83685,
                37.53453
              ],
              [
                -121.83647,
                37.53432
              ],
              [
                -121.83612,
                37.53399
              ],
              [
                -121.83585,
                37.53389
              ],
              [
                -121.83534,
                37.53386
              ],
              [
                -121.8345,
                37.53321
              ],
              [
                -121.83423,
                37.53315
              ],
              [
                -121.83397,
                37.53316
              ],
              [
                -121.83271,
                37.5329
              ],
              [
                -121.83236,
                37.53261
              ],
              [
                -121.83215,
                37.53255
              ],
              [
                -121.83176,
                37.53254
              ],
              [
                -121.83138,
                37.53231
              ],
              [
                -121.83064,
                37.53207
              ],
              [
                -121.83021,
                37.53171
              ],
              [
                -121.82994,
                37.53161
              ],
              [
                -121.82958,
                37.53162
              ],
              [
                -121.82869,
                37.532
              ],
              [
                -121.82792,
                37.53199
              ],
              [
                -121.82739,
                37.53187
              ],
              [
                -121.82716,
                37.53191
              ],
              [
                -121.82652,
                37.53187
              ],
              [
                -121.8263,
                37.53174
              ],
              [
                -121.8258,
                37.53161
              ],
              [
                -121.82481,
                37.53164
              ],
              [
                -121.82417,
                37.53194
              ],
              [
                -121.82356,
                37.53211
              ],
              [
                -121.82297,
                37.53252
              ],
              [
                -121.82268,
                37.53245
              ],
              [
                -121.82249,
                37.53247
              ],
              [
                -121.82212,
                37.53242
              ],
              [
                -121.81973,
                37.53244
              ],
              [
                -121.81947,
                37.53252
              ],
              [
                -121.8191,
                37.53278
              ],
              [
                -121.81869,
                37.53334
              ],
              [
                -121.81857,
                37.53344
              ],
              [
                -121.81846,
                37.53346
              ],
              [
                -121.81789,
                37.53331
              ],
              [
                -121.81699,
                37.53342
              ],
              [
                -121.8165,
                37.53335
              ],
              [
                -121.81614,
                37.53322
              ],
              [
                -121.81556,
                37.53272
              ],
              [
                -121.81518,
                37.5326
              ],
              [
                -121.81476,
                37.53285
              ],
              [
                -121.81457,
                37.53291
              ],
              [
                -121.81442,
                37.53308
              ],
              [
                -121.8142,
                37.53313
              ],
              [
                -121.81398,
                37.53327
              ],
              [
                -121.81348,
                37.53325
              ],
              [
                -121.81303,
                37.53311
              ],
              [
                -121.81236,
                37.53282
              ],
              [
                -121.81196,
                37.53257
              ],
              [
                -121.81054,
                37.53222
              ],
              [
                -121.81034,
                37.53211
              ],
              [
                -121.80989,
                37.53199
              ],
              [
                -121.80977,
                37.53184
              ],
              [
                -121.80959,
                37.53174
              ],
              [
                -121.80907,
                37.53164
              ],
              [
                -121.80763,
                37.53181
              ],
              [
                -121.80743,
                37.53164
              ],
              [
                -121.80694,
                37.53156
              ],
              [
                -121.80629,
                37.53175
              ],
              [
                -121.80531,
                37.53184
              ],
              [
                -121.80502,
                37.53204
              ],
              [
                -121.80492,
                37.53171
              ],
              [
                -121.80478,
                37.53155
              ],
              [
                -121.80431,
                37.53115
              ],
              [
                -121.80401,
                37.531
              ],
              [
                -121.80415,
                37.5307
              ],
              [
                -121.80418,
                37.53048
              ],
              [
                -121.80412,
                37.53038
              ],
              [
                -121.80373,
                37.53013
              ],
              [
                -121.80326,
                37.52963
              ],
              [
                -121.80302,
                37.52951
              ],
              [
                -121.8028,
                37.52948
              ],
              [
                -121.80333,
                37.5256
              ],
              [
                -121.80074,
                37.52558
              ],
              [
                -121.80002,
                37.52562
              ],
              [
                -121.79552,
                37.52588
              ],
              [
                -121.79114,
                37.52629
              ],
              [
                -121.79135,
                37.51905
              ],
              [
                -121.7733,
                37.51943
              ],
              [
                -121.77341,
                37.50473
              ],
              [
                -121.79132,
                37.50475
              ],
              [
                -121.80687,
                37.50545
              ],
              [
                -121.81389,
                37.50563
              ],
              [
                -121.81417,
                37.50541
              ],
              [
                -121.81494,
                37.50465
              ],
              [
                -121.81578,
                37.5041
              ],
              [
                -121.81699,
                37.50361
              ],
              [
                -121.81908,
                37.50438
              ],
              [
                -121.8194,
                37.50497
              ],
              [
                -121.81975,
                37.50486
              ],
              [
                -121.81958,
                37.50444
              ],
              [
                -121.81988,
                37.50434
              ],
              [
                -121.82053,
                37.50331
              ],
              [
                -121.82221,
                37.50334
              ],
              [
                -121.82487,
                37.50313
              ],
              [
                -121.82525,
                37.5032
              ],
              [
                -121.82566,
                37.50399
              ],
              [
                -121.82605,
                37.50386
              ],
              [
                -121.82643,
                37.50343
              ],
              [
                -121.82704,
                37.50361
              ],
              [
                -121.82792,
                37.50396
              ],
              [
                -121.82868,
                37.50442
              ],
              [
                -121.8302,
                37.50609
              ],
              [
                -121.83298,
                37.50617
              ],
              [
                -121.83375,
                37.50758
              ],
              [
                -121.83404,
                37.50792
              ],
              [
                -121.83436,
                37.50814
              ],
              [
                -121.83467,
                37.50824
              ],
              [
                -121.83479,
                37.50836
              ],
              [
                -121.83492,
                37.50883
              ],
              [
                -121.83516,
                37.50908
              ],
              [
                -121.83546,
                37.50921
              ],
              [
                -121.83583,
                37.50929
              ],
              [
                -121.83638,
                37.50933
              ],
              [
                -121.83642,
                37.50941
              ],
              [
                -121.83637,
                37.5098
              ],
              [
                -121.83652,
                37.51005
              ],
              [
                -121.83746,
                37.51081
              ],
              [
                -121.83878,
                37.51129
              ],
              [
                -121.8389,
                37.51143
              ],
              [
                -121.8389,
                37.51153
              ],
              [
                -121.83877,
                37.51161
              ],
              [
                -121.83784,
                37.51169
              ],
              [
                -121.83688,
                37.51159
              ],
              [
                -121.8358,
                37.51192
              ],
              [
                -121.83514,
                37.51233
              ],
              [
                -121.83497,
                37.51253
              ],
              [
                -121.83504,
                37.51283
              ],
              [
                -121.83556,
                37.51315
              ],
              [
                -121.83601,
                37.51334
              ],
              [
                -121.83754,
                37.51374
              ],
              [
                -121.83794,
                37.51407
              ],
              [
                -121.83868,
                37.51439
              ],
              [
                -121.83903,
                37.51442
              ],
              [
                -121.84004,
                37.51432
              ],
              [
                -121.84029,
                37.51436
              ],
              [
                -121.84081,
                37.51485
              ],
              [
                -121.84082,
                37.51523
              ],
              [
                -121.84098,
                37.51542
              ],
              [
                -121.84156,
                37.51564
              ],
              [
                -121.84181,
                37.5158
              ],
              [
                -121.84211,
                37.51589
              ],
              [
                -121.84235,
                37.51603
              ],
              [
                -121.84281,
                37.51644
              ],
              [
                -121.84299,
                37.51668
              ],
              [
                -121.84313,
                37.51697
              ],
              [
                -121.84336,
                37.5172
              ],
              [
                -121.84424,
                37.51747
              ],
              [
                -121.84447,
                37.5176
              ],
              [
                -121.84462,
                37.51783
              ],
              [
                -121.84513,
                37.51827
              ],
              [
                -121.84529,
                37.51852
              ],
              [
                -121.84541,
                37.51883
              ],
              [
                -121.8459,
                37.51938
              ],
              [
                -121.84629,
                37.52005
              ],
              [
                -121.84668,
                37.52029
              ],
              [
                -121.84752,
                37.52039
              ],
              [
                -121.84779,
                37.52052
              ],
              [
                -121.84795,
                37.52072
              ],
              [
                -121.84789,
                37.52093
              ],
              [
                -121.84766,
                37.52112
              ],
              [
                -121.84749,
                37.52139
              ],
              [
                -121.84755,
                37.52167
              ],
              [
                -121.8477,
                37.52192
              ],
              [
                -121.84775,
                37.5222
              ],
              [
                -121.84772,
                37.52347
              ],
              [
                -121.84779,
                37.52377
              ],
              [
                -121.84813,
                37.52463
              ],
              [
                -121.84845,
                37.52518
              ],
              [
                -121.84885,
                37.52572
              ],
              [
                -121.84937,
                37.5261
              ],
              [
                -121.84952,
                37.5265
              ],
              [
                -121.84967,
                37.52672
              ],
              [
                -121.85025,
                37.52736
              ],
              [
                -121.85097,
                37.52798
              ],
              [
                -121.85157,
                37.52872
              ],
              [
                -121.85206,
                37.52917
              ],
              [
                -121.85279,
                37.53009
              ],
              [
                -121.85285,
                37.53029
              ],
              [
                -121.85288,
                37.53044
              ],
              [
                -121.85277,
                37.53058
              ],
              [
                -121.85282,
                37.53128
              ],
              [
                -121.85187,
                37.53222
              ],
              [
                -121.85171,
                37.5327
              ],
              [
                -121.85175,
                37.53376
              ],
              [
                -121.85192,
                37.53405
              ],
              [
                -121.85252,
                37.53474
              ],
              [
                -121.85297,
                37.53494
              ],
              [
                -121.85332,
                37.53502
              ],
              [
                -121.85296,
                37.53561
              ],
              [
                -121.8526,
                37.53551
              ],
              [
                -121.85205,
                37.53547
              ],
              [
                -121.85181,
                37.5355
              ],
              [
                -121.85122,
                37.53571
              ],
              [
                -121.85088,
                37.53578
              ],
              [
                -121.84833,
                37.53595
              ],
              [
                -121.84794,
                37.53604
              ],
              [
                -121.84704,
                37.53657
              ],
              [
                -121.84655,
                37.53678
              ],
              [
                -121.84593,
                37.5369
              ],
              [
                -121.84445,
                37.53701
              ],
              [
                -121.84331,
                37.53683
              ],
              [
                -121.84301,
                37.53665
              ],
              [
                -121.84273,
                37.53656
              ],
              [
                -121.84216,
                37.53649
              ],
              [
                -121.84176,
                37.53631
              ],
              [
                -121.84156,
                37.53629
              ]
            ]
          ],
          [
            [
              [
                -121.84548,
                37.51845
              ],
              [
                -121.84531,
                37.51817
              ],
              [
                -121.8448,
                37.51774
              ],
              [
                -121.84463,
                37.51749
              ],
              [
                -121.84434,
                37.51732
              ],
              [
                -121.84349,
                37.51706
              ],
              [
                -121.84331,
                37.51688
              ],
              [
                -121.84298,
                37.51634
              ],
              [
                -121.8425,
                37.51591
              ],
              [
                -121.84222,
                37.51574
              ],
              [
                -121.84191,
                37.51565
              ],
              [
                -121.84167,
                37.5155
              ],
              [
                -121.84112,
                37.51529
              ],
              [
                -121.84103,
                37.51518
              ],
              [
                -121.841,
                37.51478
              ],
              [
                -121.8404,
                37.51421
              ],
              [
                -121.84003,
                37.51416
              ],
              [
                -121.83935,
                37.51424
              ],
              [
                -121.83875,
                37.51423
              ],
              [
                -121.83806,
                37.51393
              ],
              [
                -121.83765,
                37.5136
              ],
              [
                -121.8361,
                37.51319
              ],
              [
                -121.83575,
                37.51305
              ],
              [
                -121.83522,
                37.51274
              ],
              [
                -121.83517,
                37.51259
              ],
              [
                -121.8353,
                37.51244
              ],
              [
                -121.8359,
                37.51207
              ],
              [
                -121.83625,
                37.51194
              ],
              [
                -121.83689,
                37.51176
              ],
              [
                -121.83783,
                37.51185
              ],
              [
                -121.83885,
                37.51177
              ],
              [
                -121.83909,
                37.51162
              ],
              [
                -121.83911,
                37.51139
              ],
              [
                -121.8389,
                37.51115
              ],
              [
                -121.83759,
                37.51068
              ],
              [
                -121.83737,
                37.51046
              ],
              [
                -121.83669,
                37.50994
              ],
              [
                -121.83658,
                37.50977
              ],
              [
                -121.83663,
                37.50937
              ],
              [
                -121.83654,
                37.5092
              ],
              [
                -121.83587,
                37.50913
              ],
              [
                -121.83529,
                37.50895
              ],
              [
                -121.83512,
                37.50876
              ],
              [
                -121.83498,
                37.50828
              ],
              [
                -121.8348,
                37.5081
              ],
              [
                -121.83448,
                37.508
              ],
              [
                -121.83419,
                37.5078
              ],
              [
                -121.83393,
                37.5075
              ],
              [
                -121.8332,
                37.50617
              ],
              [
                -121.84316,
                37.50646
              ],
              [
                -121.84657,
                37.5065
              ],
              [
                -121.86147,
                37.50715
              ],
              [
                -121.86387,
                37.50721
              ],
              [
                -121.87409,
                37.50715
              ],
              [
                -121.87411,
                37.51375
              ],
              [
                -121.86959,
                37.51372
              ],
              [
                -121.86959,
                37.51732
              ],
              [
                -121.86505,
                37.51731
              ],
              [
                -121.86497,
                37.52092
              ],
              [
                -121.84804,
                37.52105
              ],
              [
                -121.84816,
                37.52069
              ],
              [
                -121.84795,
                37.5204
              ],
              [
                -121.84757,
                37.52023
              ],
              [
                -121.84676,
                37.52013
              ],
              [
                -121.84644,
                37.51993
              ],
              [
                -121.84608,
                37.5193
              ],
              [
                -121.8456,
                37.51875
              ],
              [
                -121.84548,
                37.51845
              ]
            ]
          ],
          [
            [
              [
                -121.85613,
                37.51811
              ],
              [
                -121.85613,
                37.51724
              ],
              [
                -121.85397,
                37.51724
              ],
              [
                -121.85397,
                37.51811
              ],
              [
                -121.85613,
                37.51811
              ]
            ]
          ],
          [
            [
              [
                -121.82421,
                37.54967
              ],
              [
                -121.82424,
                37.53533
              ],
              [
                -121.80753,
                37.53567
              ],
              [
                -121.80743,
                37.53188
              ],
              [
                -121.8075,
                37.53195
              ],
              [
                -121.80763,
                37.53198
              ],
              [
                -121.80879,
                37.53181
              ],
              [
                -121.80929,
                37.53184
              ],
              [
                -121.80963,
                37.53197
              ],
              [
                -121.80977,
                37.53213
              ],
              [
                -121.81069,
                37.53244
              ],
              [
                -121.81186,
                37.53272
              ],
              [
                -121.81269,
                37.53316
              ],
              [
                -121.81343,
                37.53341
              ],
              [
                -121.81406,
                37.53343
              ],
              [
                -121.8143,
                37.53328
              ],
              [
                -121.81455,
                37.53322
              ],
              [
                -121.8147,
                37.53304
              ],
              [
                -121.81489,
                37.53299
              ],
              [
                -121.81519,
                37.53278
              ],
              [
                -121.81543,
                37.53286
              ],
              [
                -121.81603,
                37.53337
              ],
              [
                -121.81644,
                37.53351
              ],
              [
                -121.817,
                37.53359
              ],
              [
                -121.81787,
                37.53348
              ],
              [
                -121.81848,
                37.53362
              ],
              [
                -121.81866,
                37.53359
              ],
              [
                -121.81885,
                37.53345
              ],
              [
                -121.81926,
                37.53289
              ],
              [
                -121.81959,
                37.53266
              ],
              [
                -121.81978,
                37.5326
              ],
              [
                -121.82208,
                37.53258
              ],
              [
                -121.82304,
                37.53268
              ],
              [
                -121.82366,
                37.53226
              ],
              [
                -121.82426,
                37.53209
              ],
              [
                -121.82488,
                37.5318
              ],
              [
                -121.82575,
                37.53177
              ],
              [
                -121.82621,
                37.53189
              ],
              [
                -121.82646,
                37.53204
              ],
              [
                -121.82736,
                37.53204
              ],
              [
                -121.8279,
                37.53216
              ],
              [
                -121.82872,
                37.53217
              ],
              [
                -121.82965,
                37.53178
              ],
              [
                -121.82988,
                37.53177
              ],
              [
                -121.8301,
                37.53186
              ],
              [
                -121.83051,
                37.53221
              ],
              [
                -121.83128,
                37.53246
              ],
              [
                -121.83168,
                37.5327
              ],
              [
                -121.83223,
                37.53275
              ],
              [
                -121.83262,
                37.53305
              ],
              [
                -121.83392,
                37.53333
              ],
              [
                -121.83419,
                37.53331
              ],
              [
                -121.83439,
                37.53336
              ],
              [
                -121.83523,
                37.53401
              ],
              [
                -121.83578,
                37.53405
              ],
              [
                -121.836,
                37.53413
              ],
              [
                -121.83633,
                37.53445
              ],
              [
                -121.83675,
                37.53468
              ],
              [
                -121.83723,
                37.53479
              ],
              [
                -121.83763,
                37.53511
              ],
              [
                -121.83812,
                37.53523
              ],
              [
                -121.83881,
                37.53554
              ],
              [
                -121.8392,
                37.53595
              ],
              [
                -121.84019,
                37.53639
              ],
              [
                -121.84069,
                37.53654
              ],
              [
                -121.84168,
                37.53647
              ],
              [
                -121.8421,
                37.53665
              ],
              [
                -121.84238,
                37.53666
              ],
              [
                -121.8429,
                37.5368
              ],
              [
                -121.84304,
                37.53695
              ],
              [
                -121.84325,
                37.537
              ],
              [
                -121.84305,
                37.54983
              ],
              [
                -121.82421,
                37.54967
              ]
            ]
          ]
        ],
        "type": "MultiPolygon"
      },
      "properties": {
        "feature_id": "ebrpd:119",
        "gis_acres": 5960.53883225,
        "name": "Sunol",
        "objectid": 119,
        "official_name": "Sunol Wilderness Regional Preserve",
        "park_unit": "1",
        "source_object_id": 119,
        "status": "Parkland"
      },
      "type": "Feature"
    },
    {
      "geometry": {
        "coordinates": [
          [
            [
              [
                -121.98197,
                37.74977
              ],
              [
                -121.97751,
                37.74315
              ],
              [
                -121.97003,
                37.73071
              ],
              [
                -121.97858,
                37.73083
              ],
              [
                -121.97861,
                37.72967
              ],
              [
                -121.97965,
                37.7298
              ],
              [
                -121.9869,
                37.73202
              ],
              [
                -121.98766,
                37.73258
              ],
              [
                -121.98758,
                37.73801
              ],
              [
                -121.98765,
                37.7393
              ],
              [
                -121.98709,
                37.73933
              ],
              [
                -121.9862,
                37.73908
              ],
              [
                -121.98573,
                37.73911
              ],
              [
                -121.98477,
                37.73929
              ],
              [
                -121.9837,
                37.73995
              ],
              [
                -121.98332,
                37.74044
              ],
              [
                -121.98326,
                37.74078
              ],
              [
                -121.984,
                37.74089
              ],
              [
                -121.98399,
                37.741
              ],
              [
                -121.98325,
                37.74089
              ],
              [
                -121.98323,
                37.74132
              ],
              [
                -121.98371,
                37.74187
              ],
              [
                -121.98068,
                37.74175
              ],
              [
                -121.97898,
                37.74278
              ],
              [
                -121.97918,
                37.74362
              ],
              [
                -121.98013,
                37.74491
              ],
              [
                -121.98201,
                37.74574
              ],
              [
                -121.98585,
                37.74524
              ],
              [
                -121.98643,
                37.74574
              ],
              [
                -121.98631,
                37.74616
              ],
              [
                -121.98538,
                37.74631
              ],
              [
                -121.98503,
                37.74695
              ],
              [
                -121.98516,
                37.74771
              ],
              [
                -121.98626,
                37.74753
              ],
              [
                -121.98634,
                37.74757
              ],
              [
                -121.98642,
                37.74826
              ],
              [
                -121.9864,
                37.7485
              ],
              [
                -121.98636,
                37.74874
              ],
              [
                -121.98617,
                37.74919
              ],
              [
                -121.98483,
                37.74903
              ],
              [
                -121.98435,
                37.74914
              ],
              [
                -121.98447,
                37.7493
              ],
              [
                -121.98443,
                37.75012
              ],
              [
                -121.98603,
                37.75256
              ],
              [
                -121.98384,
                37.75253
              ],
              [
                -121.98197,
                37.74977
              ]
            ]
          ],
          [
            [
              [
                -121.95585,
                37.72836
              ],
              [
                -121.95563,
                37.72773
              ],
              [
                -121.95654,
                37.72796
              ],
              [
                -121.95714,
                37.72761
              ],
              [
                -121.95844,
                37.72526
              ],
              [
                -121.95789,
                37.72466
              ],
              [
                -121.9578,
                37.72472
              ],
              [
                -121.95814,
                37.72509
              ],
              [
                -121.95721,
                37.72487
              ],
              [
                -121.95691,
                37.72459
              ],
              [
                -121.95607,
                37.72431
              ],
              [
                -121.95469,
                37.72341
              ],
              [
                -121.95264,
                37.72249
              ],
              [
                -121.95085,
                37.72196
              ],
              [
                -121.95096,
                37.72125
              ],
              [
                -121.94952,
                37.72109
              ],
              [
                -121.95522,
                37.7197
              ],
              [
                -121.95607,
                37.72113
              ],
              [
                -121.95547,
                37.7218
              ],
              [
                -121.95652,
                37.72213
              ],
              [
                -121.96018,
                37.72217
              ],
              [
                -121.96019,
                37.72358
              ],
              [
                -121.96606,
                37.72384
              ],
              [
                -121.96649,
                37.7271
              ],
              [
                -121.96587,
                37.72771
              ],
              [
                -121.96515,
                37.72829
              ],
              [
                -121.9648,
                37.72877
              ],
              [
                -121.96458,
                37.72918
              ],
              [
                -121.9642,
                37.72938
              ],
              [
                -121.96415,
                37.72968
              ],
              [
                -121.96305,
                37.7301
              ],
              [
                -121.95969,
                37.72995
              ],
              [
                -121.9578,
                37.72916
              ],
              [
                -121.95708,
                37.72879
              ],
              [
                -121.95585,
                37.72836
              ]
            ]
          ]
        ],
        "type": "MultiPolygon"
      },
      "properties": {
        "feature_id": "ebrpd:12",
        "gis_acres": 613.43809569,
        "name": "Bishop Ranch",
        "objectid": 12,
        "official_name": "Bishop Ranch Open Space Regional Preserve",
        "park_unit": "6",
        "source_object_id": 12,
        "status": "Landbank"
      },
      "type": "Feature"
    },
    {
      "geometry": {
        "coordinates": [
          [
            [
              [
                -121.94529,
                37.8154
              ],
              [
                -121.9433,
                37.81473
              ],
              [
                -121.94167,
                37.81515
              ],
              [
                -121.94085,
                37.81606
              ],
              [
                -121.94039,
                37.81613
              ],
              [
                -121.93982,
                37.81645
              ],
              [
                -121.93974,
                37.81663
              ],
              [
                -121.93677,
                37.81602
              ],
              [
                -121.93568,
                37.81607
              ],
              [
                -121.93474,
                37.8159
              ],
              [
                -121.93379,
                37.81642
              ],
              [
                -121.93318,
                37.81645
              ],
              [
                -121.93321,
                37.81705
              ],
              [
                -121.93312,
                37.8171
              ],
              [
                -121.93288,
                37.8171
              ],
              [
                -121.93288,
                37.81694
              ],
              [
                -121.93213,
                37.81672
              ],
              [
                -121.93193,
                37.81638
              ],
              [
                -121.93232,
                37.81487
              ],
              [
                -121.93091,
                37.81208
              ],
              [
                -121.93057,
                37.812
              ],
              [
                -121.92989,
                37.81118
              ],
              [
                -121.93038,
                37.81092
              ],
              [
                -121.93056,
                37.81024
              ],
              [
                -121.93085,
                37.80991
              ],
              [
                -121.93111,
                37.80946
              ],
              [
                -121.93136,
                37.80924
              ],
              [
                -121.93124,
                37.80909
              ],
              [
                -121.93122,
                37.80877
              ],
              [
                -121.93065,
                37.80842
              ],
              [
                -121.93063,
                37.80792
              ],
              [
                -121.93048,
                37.80733
              ],
              [
                -121.93069,
                37.80713
              ],
              [
                -121.9307,
                37.80681
              ],
              [
                -121.93016,
                37.80588
              ],
              [
                -121.93037,
                37.80579
              ],
              [
                -121.93057,
                37.80607
              ],
              [
                -121.93073,
                37.80616
              ],
              [
                -121.93154,
                37.80629
              ],
              [
                -121.93201,
                37.80653
              ],
              [
                -121.93214,
                37.80676
              ],
              [
                -121.93238,
                37.80697
              ],
              [
                -121.9327,
                37.80714
              ],
              [
                -121.93308,
                37.80761
              ],
              [
                -121.93312,
                37.80788
              ],
              [
                -121.93384,
                37.80814
              ],
              [
                -121.93588,
                37.80772
              ],
              [
                -121.93674,
                37.8074
              ],
              [
                -121.93692,
                37.80749
              ],
              [
                -121.93714,
                37.80801
              ],
              [
                -121.93754,
                37.80823
              ],
              [
                -121.9384,
                37.80844
              ],
              [
                -121.93921,
                37.80812
              ],
              [
                -121.94035,
                37.80732
              ],
              [
                -121.94173,
                37.80586
              ],
              [
                -121.94174,
                37.80698
              ],
              [
                -121.94195,
                37.80707
              ],
              [
                -121.94219,
                37.80728
              ],
              [
                -121.94225,
                37.80766
              ],
              [
                -121.94254,
                37.80797
              ],
              [
                -121.94239,
                37.80844
              ],
              [
                -121.94241,
                37.80867
              ],
              [
                -121.94265,
                37.80907
              ],
              [
                -121.94293,
                37.80901
              ],
              [
                -121.94323,
                37.80939
              ],
              [
                -121.94436,
                37.80988
              ],
              [
                -121.94504,
                37.81029
              ],
              [
                -121.94546,
                37.81017
              ],
              [
                -121.94562,
                37.80969
              ],
              [
                -121.94588,
                37.80914
              ],
              [
                -121.94676,
                37.80979
              ],
              [
                -121.94682,
                37.80993
              ],
              [
                -121.9487,
                37.81075
              ],
              [
                -121.94879,
                37.81127
              ],
              [
                -121.94871,
                37.81159
              ],
              [
                -121.94857,
                37.81174
              ],
              [
                -121.94854,
                37.81237
              ],
              [
                -121.94898,
                37.81292
              ],
              [
                -121.95111,
                37.81246
              ],
              [
                -121.95113,
                37.81979
              ],
              [
                -121.95084,
                37.81982
              ],
              [
                -121.95027,
                37.81959
              ],
              [
                -121.94918,
                37.81955
              ],
              [
                -121.94889,
                37.81938
              ],
              [
                -121.94833,
                37.81846
              ],
              [
                -121.948,
                37.81765
              ],
              [
                -121.94789,
                37.8172
              ],
              [
                -121.94747,
                37.81683
              ],
              [
                -121.94754,
                37.81678
              ],
              [
                -121.94581,
                37.81558
              ],
              [
                -121.94529,
                37.8154
              ]
            ]
          ],
          [
            [
              [
                -121.94507,
                37.79976
              ],
              [
                -121.94451,
                37.79662
              ],
              [
                -121.94331,
                37.79753
              ],
              [
                -121.94246,
                37.79657
              ],
              [
                -121.94129,
                37.79631
              ],
              [
                -121.94035,
                37.79587
              ],
              [
                -121.94048,
                37.79496
              ],
              [
                -121.93914,
                37.79508
              ],
              [
                -121.9382,
                37.79493
              ],
              [
                -121.93765,
                37.795
              ],
              [
                -121.93714,
                37.79581
              ],
              [
                -121.9365,
                37.79654
              ],
              [
                -121.93559,
                37.79737
              ],
              [
                -121.93506,
                37.79721
              ],
              [
                -121.93632,
                37.79616
              ],
              [
                -121.93666,
                37.79503
              ],
              [
                -121.93597,
                37.79475
              ],
              [
                -121.93623,
                37.79436
              ],
              [
                -121.93546,
                37.79417
              ],
              [
                -121.93527,
                37.79447
              ],
              [
                -121.93484,
                37.7943
              ],
              [
                -121.934,
                37.79526
              ],
              [
                -121.93308,
                37.79577
              ],
              [
                -121.93276,
                37.7963
              ],
              [
                -121.93203,
                37.79618
              ],
              [
                -121.93228,
                37.79548
              ],
              [
                -121.93205,
                37.7952
              ],
              [
                -121.93265,
                37.79488
              ],
              [
                -121.93228,
                37.79449
              ],
              [
                -121.9317,
                37.79479
              ],
              [
                -121.93142,
                37.79446
              ],
              [
                -121.93047,
                37.79486
              ],
              [
                -121.93055,
                37.7953
              ],
              [
                -121.93033,
                37.79552
              ],
              [
                -121.92919,
                37.79558
              ],
              [
                -121.92903,
                37.79524
              ],
              [
                -121.92963,
                37.79479
              ],
              [
                -121.93012,
                37.79474
              ],
              [
                -121.93042,
                37.79425
              ],
              [
                -121.93057,
                37.79345
              ],
              [
                -121.93052,
                37.79276
              ],
              [
                -121.93071,
                37.7924
              ],
              [
                -121.9328,
                37.79239
              ],
              [
                -121.93286,
                37.7889
              ],
              [
                -121.94196,
                37.7888
              ],
              [
                -121.94196,
                37.79107
              ],
              [
                -121.94649,
                37.79314
              ],
              [
                -121.94646,
                37.79511
              ],
              [
                -121.95103,
                37.79501
              ],
              [
                -121.95107,
                37.80223
              ],
              [
                -121.94956,
                37.80375
              ],
              [
                -121.94686,
                37.8028
              ],
              [
                -121.94649,
                37.8025
              ],
              [
                -121.94505,
                37.80219
              ],
              [
                -121.94461,
                37.80133
              ],
              [
                -121.94507,
                37.79976
              ]
            ]
          ]
        ],
        "type": "MultiPolygon"
      },
      "properties": {
        "feature_id": "ebrpd:120",
        "gis_acres": 692.10013335,
        "name": "Sycamore Valley",
        "objectid": 120,
        "official_name": "Sycamore Valley Open Space Regional Preserve",
        "park_unit": "6",
        "source_object_id": 120,
        "status": "Parkland"
      },
      "type": "Feature"
    },
    {
      "geometry": {
        "coordinates": [
          [
            [
              -122.22951,
              37.84724
            ],
            [
              -122.22806,
              37.84554
            ],
            [
              -122.2276,
              37.84512
            ],
            [
              -122.22729,
              37.84462
            ],
            [
              -122.22679,
              37.84407
            ],
            [
              -122.22632,
              37.84338
            ],
            [
              -122.22635,
              37.84337
            ],
            [
              -122.22608,
              37.84291
            ],
            [
              -122.22602,
              37.84272
            ],
            [
              -122.2261,
              37.84268
            ],
            [
              -122.22628,
              37.84289
            ],
            [
              -122.22633,
              37.84288
            ],
            [
              -122.22643,
              37.84298
            ],
            [
              -122.22707,
              37.84326
            ],
            [
              -122.22775,
              37.84322
            ],
            [
              -122.2274,
              37.84295
            ],
            [
              -122.2277,
              37.84295
            ],
            [
              -122.2279,
              37.84334
            ],
            [
              -122.22904,
              37.84421
            ],
            [
              -122.2295,
              37.84395
            ],
            [
              -122.23025,
              37.84487
            ],
            [
              -122.23106,
              37.84504
            ],
            [
              -122.23145,
              37.84544
            ],
            [
              -122.23117,
              37.8456
            ],
            [
              -122.23143,
              37.84587
            ],
            [
              -122.23299,
              37.8467
            ],
            [
              -122.23318,
              37.84647
            ],
            [
              -122.23353,
              37.84665
            ],
            [
              -122.23333,
              37.84688
            ],
            [
              -122.23377,
              37.84711
            ],
            [
              -122.23411,
              37.84739
            ],
            [
              -122.23424,
              37.84807
            ],
            [
              -122.23135,
              37.84857
            ],
            [
              -122.23076,
              37.8486
            ],
            [
              -122.2305,
              37.84829
            ],
            [
              -122.23024,
              37.84812
            ],
            [
              -122.22951,
              37.84724
            ]
          ]
        ],
        "type": "Polygon"
      },
      "properties": {
        "feature_id": "ebrpd:122",
        "gis_acres": 41.6413529,
        "name": "Temescal",
        "objectid": 122,
        "official_name": "Temescal Regional Recreation Area",
        "park_unit": "3",
        "source_object_id": 122,
        "status": "Parkland"
      },
      "type": "Feature"
    },
    {
      "geometry": {
        "coordinates": [
          [
            [
              [
                -121.97499,
                37.98615
              ],
              [
                -121.97485,
                37.98668
              ],
              [
                -121.97206,
                37.98526
              ],
              [
                -121.97198,
                37.98538
              ],
              [
                -121.97549,
                37.9876
              ],
              [
                -121.97739,
                37.9891
              ],
              [
                -121.97854,
                37.99049
              ],
              [
                -121.97887,
                37.99174
              ],
              [
                -121.97951,
                37.99256
              ],
              [
                -121.97989,
                37.99404
              ],
              [
                -121.98039,
                37.99464
              ],
              [
                -121.98147,
                37.99498
              ],
              [
                -121.98213,
                37.99557
              ],
              [
                -121.98275,
                37.99675
              ],
              [
                -121.98519,
                37.99885
              ],
              [
                -121.98621,
                38.00009
              ],
              [
                -121.98686,
                38.00138
              ],
              [
                -121.98704,
                38.00264
              ],
              [
                -121.98702,
                38.00285
              ],
              [
                -121.98717,
                38.00363
              ],
              [
                -121.98782,
                38.00503
              ],
              [
                -121.98796,
                38.00484
              ],
              [
                -121.9874,
                38.00365
              ],
              [
                -121.98707,
                38.00137
              ],
              [
                -121.98634,
                37.99994
              ],
              [
                -121.9854,
                37.99879
              ],
              [
                -121.9829,
                37.99664
              ],
              [
                -121.98229,
                37.99546
              ],
              [
                -121.98157,
                37.99483
              ],
              [
                -121.9805,
                37.99449
              ],
              [
                -121.98004,
                37.9939
              ],
              [
                -121.97967,
                37.99243
              ],
              [
                -121.97907,
                37.99169
              ],
              [
                -121.97875,
                37.99046
              ],
              [
                -121.97764,
                37.98909
              ],
              [
                -121.9756,
                37.98745
              ],
              [
                -121.97464,
                37.98686
              ],
              [
                -121.97485,
                37.98668
              ],
              [
                -121.97507,
                37.98693
              ],
              [
                -121.97571,
                37.98714
              ],
              [
                -121.97592,
                37.98715
              ],
              [
                -121.9762,
                37.98705
              ],
              [
                -121.97652,
                37.98704
              ],
              [
                -121.97661,
                37.98722
              ],
              [
                -121.97704,
                37.98766
              ],
              [
                -121.97747,
                37.98795
              ],
              [
                -121.97799,
                37.98809
              ],
              [
                -121.97861,
                37.98815
              ],
              [
                -121.9792,
                37.98842
              ],
              [
                -121.97927,
                37.98855
              ],
              [
                -121.97985,
                37.98889
              ],
              [
                -121.98015,
                37.98871
              ],
              [
                -121.98052,
                37.98882
              ],
              [
                -121.98047,
                37.9891
              ],
              [
                -121.9805,
                37.98936
              ],
              [
                -121.98068,
                37.98961
              ],
              [
                -121.9809,
                37.98975
              ],
              [
                -121.98117,
                37.98982
              ],
              [
                -121.98141,
                37.98982
              ],
              [
                -121.98183,
                37.98963
              ],
              [
                -121.98223,
                37.98973
              ],
              [
                -121.98265,
                37.99022
              ],
              [
                -121.9832,
                37.99065
              ],
              [
                -121.98304,
                37.99114
              ],
              [
                -121.98315,
                37.9914
              ],
              [
                -121.98325,
                37.99203
              ],
              [
                -121.9834,
                37.9924
              ],
              [
                -121.98371,
                37.99271
              ],
              [
                -121.98446,
                37.99318
              ],
              [
                -121.98475,
                37.99346
              ],
              [
                -121.98497,
                37.99388
              ],
              [
                -121.98534,
                37.99438
              ],
              [
                -121.98555,
                37.99452
              ],
              [
                -121.98583,
                37.99462
              ],
              [
                -121.98667,
                37.99477
              ],
              [
                -121.98684,
                37.99483
              ],
              [
                -121.98686,
                37.99489
              ],
              [
                -121.98696,
                37.99481
              ],
              [
                -121.98765,
                37.99505
              ],
              [
                -121.98861,
                37.99505
              ],
              [
                -121.98884,
                37.99501
              ],
              [
                -121.98781,
                37.99775
              ],
              [
                -121.98803,
                37.99833
              ],
              [
                -121.98858,
                37.99946
              ],
              [
                -121.98925,
                38.00038
              ],
              [
                -121.98989,
                38.00107
              ],
              [
                -121.99045,
                38.00196
              ],
              [
                -121.99087,
                38.00251
              ],
              [
                -121.99138,
                38.00284
              ],
              [
                -121.99269,
                38.00347
              ],
              [
                -121.99265,
                38.00376
              ],
              [
                -121.9929,
                38.00377
              ],
              [
                -121.99292,
                38.00358
              ],
              [
                -121.99365,
                38.00396
              ],
              [
                -121.99426,
                38.00624
              ],
              [
                -121.99278,
                38.00685
              ],
              [
                -121.99227,
                38.00758
              ],
              [
                -121.99181,
                38.00787
              ],
              [
                -121.99063,
                38.00794
              ],
              [
                -121.99013,
                38.0077
              ],
              [
                -121.98972,
                38.00742
              ],
              [
                -121.98938,
                38.00697
              ],
              [
                -121.98875,
                38.00651
              ],
              [
                -121.98803,
                38.00487
              ],
              [
                -121.98734,
                38.00583
              ],
              [
                -121.98927,
                38.00726
              ],
              [
                -121.98956,
                38.00767
              ],
              [
                -121.99042,
                38.00812
              ],
              [
                -121.99116,
                38.00821
              ],
              [
                -121.99145,
                38.00836
              ],
              [
                -121.99243,
                38.00773
              ],
              [
                -121.99343,
                38.00749
              ],
              [
                -121.99449,
                38.00649
              ],
              [
                -121.9966,
                38.00754
              ],
              [
                -121.99758,
                38.00864
              ],
              [
                -121.99783,
                38.00869
              ],
              [
                -121.99711,
                38.01086
              ],
              [
                -121.99705,
                38.01085
              ],
              [
                -121.99696,
                38.0111
              ],
              [
                -121.99645,
                38.01104
              ],
              [
                -121.99573,
                38.0111
              ],
              [
                -121.99535,
                38.01121
              ],
              [
                -121.99481,
                38.01148
              ],
              [
                -121.99438,
                38.01186
              ],
              [
                -121.99304,
                38.01354
              ],
              [
                -121.99296,
                38.01376
              ],
              [
                -121.99217,
                38.01459
              ],
              [
                -121.99041,
                38.01479
              ],
              [
                -121.98774,
                38.01584
              ],
              [
                -121.96873,
                37.99738
              ],
              [
                -121.95142,
                37.98714
              ],
              [
                -121.95171,
                37.98679
              ],
              [
                -121.95183,
                37.98653
              ],
              [
                -121.95199,
                37.98529
              ],
              [
                -121.95215,
                37.98491
              ],
              [
                -121.95239,
                37.98472
              ],
              [
                -121.95262,
                37.98437
              ],
              [
                -121.95263,
                37.98417
              ],
              [
                -121.95274,
                37.98391
              ],
              [
                -121.95286,
                37.98334
              ],
              [
                -121.95286,
                37.98314
              ],
              [
                -121.95278,
                37.98285
              ],
              [
                -121.95248,
                37.98227
              ],
              [
                -121.95251,
                37.98196
              ],
              [
                -121.95261,
                37.98178
              ],
              [
                -121.9528,
                37.9816
              ],
              [
                -121.95401,
                37.981
              ],
              [
                -121.96077,
                37.97645
              ],
              [
                -121.96104,
                37.97629
              ],
              [
                -121.96227,
                37.97633
              ],
              [
                -121.96352,
                37.9763
              ],
              [
                -121.96528,
                37.97639
              ],
              [
                -121.96604,
                37.97651
              ],
              [
                -121.96668,
                37.9767
              ],
              [
                -121.96717,
                37.97696
              ],
              [
                -121.96802,
                37.97774
              ],
              [
                -121.9687,
                37.97735
              ],
              [
                -121.96964,
                37.97588
              ],
              [
                -121.97009,
                37.97607
              ],
              [
                -121.97059,
                37.97661
              ],
              [
                -121.97091,
                37.97698
              ],
              [
                -121.97087,
                37.97712
              ],
              [
                -121.97091,
                37.9773
              ],
              [
                -121.97112,
                37.97754
              ],
              [
                -121.97114,
                37.97781
              ],
              [
                -121.9711,
                37.97797
              ],
              [
                -121.97082,
                37.97795
              ],
              [
                -121.9708,
                37.97851
              ],
              [
                -121.9707,
                37.97911
              ],
              [
                -121.97171,
                37.97942
              ],
              [
                -121.97245,
                37.97979
              ],
              [
                -121.97248,
                37.97987
              ],
              [
                -121.97215,
                37.9804
              ],
              [
                -121.97154,
                37.981
              ],
              [
                -121.97134,
                37.98124
              ],
              [
                -121.97114,
                37.98165
              ],
              [
                -121.971,
                37.98176
              ],
              [
                -121.97061,
                37.98254
              ],
              [
                -121.97056,
                37.98275
              ],
              [
                -121.97061,
                37.98296
              ],
              [
                -121.97085,
                37.98321
              ],
              [
                -121.97105,
                37.9833
              ],
              [
                -121.97134,
                37.98335
              ],
              [
                -121.97136,
                37.9835
              ],
              [
                -121.97219,
                37.9851
              ],
              [
                -121.97236,
                37.9852
              ],
              [
                -121.97254,
                37.98497
              ],
              [
                -121.97223,
                37.9847
              ],
              [
                -121.97158,
                37.98348
              ],
              [
                -121.97161,
                37.98345
              ],
              [
                -121.97189,
                37.98363
              ],
              [
                -121.9722,
                37.9837
              ],
              [
                -121.97248,
                37.9842
              ],
              [
                -121.97336,
                37.98489
              ],
              [
                -121.97366,
                37.98547
              ],
              [
                -121.97375,
                37.98584
              ],
              [
                -121.97396,
                37.98608
              ],
              [
                -121.97423,
                37.98617
              ],
              [
                -121.97446,
                37.98618
              ],
              [
                -121.97479,
                37.98608
              ],
              [
                -121.97493,
                37.98597
              ],
              [
                -121.97499,
                37.98615
              ]
            ]
          ],
          [
            [
              [
                -121.93915,
                37.97161
              ],
              [
                -121.94049,
                37.96769
              ],
              [
                -121.94553,
                37.96346
              ],
              [
                -121.94618,
                37.96338
              ],
              [
                -121.94801,
                37.96248
              ],
              [
                -121.94803,
                37.96268
              ],
              [
                -121.94847,
                37.96308
              ],
              [
                -121.94856,
                37.96307
              ],
              [
                -121.9527,
                37.96447
              ],
              [
                -121.9535,
                37.96501
              ],
              [
                -121.9552,
                37.96585
              ],
              [
                -121.95557,
                37.96639
              ],
              [
                -121.9565,
                37.96676
              ],
              [
                -121.95689,
                37.96704
              ],
              [
                -121.95718,
                37.96715
              ],
              [
                -121.9575,
                37.96719
              ],
              [
                -121.9581,
                37.96706
              ],
              [
                -121.95895,
                37.96768
              ],
              [
                -121.95922,
                37.96767
              ],
              [
                -121.95902,
                37.96816
              ],
              [
                -121.95854,
                37.96858
              ],
              [
                -121.96077,
                37.97004
              ],
              [
                -121.96123,
                37.97051
              ],
              [
                -121.96391,
                37.97285
              ],
              [
                -121.96756,
                37.973
              ],
              [
                -121.9682,
                37.97315
              ],
              [
                -121.96765,
                37.97357
              ],
              [
                -121.96703,
                37.97387
              ],
              [
                -121.96145,
                37.97591
              ],
              [
                -121.96087,
                37.97618
              ],
              [
                -121.95402,
                37.98078
              ],
              [
                -121.95256,
                37.98156
              ],
              [
                -121.9524,
                37.98173
              ],
              [
                -121.95227,
                37.98206
              ],
              [
                -121.95229,
                37.98237
              ],
              [
                -121.95252,
                37.98279
              ],
              [
                -121.95261,
                37.98317
              ],
              [
                -121.95255,
                37.98366
              ],
              [
                -121.95239,
                37.98411
              ],
              [
                -121.95188,
                37.98476
              ],
              [
                -121.95175,
                37.98528
              ],
              [
                -121.95163,
                37.98632
              ],
              [
                -121.95152,
                37.98668
              ],
              [
                -121.95125,
                37.98705
              ],
              [
                -121.93915,
                37.97989
              ],
              [
                -121.93915,
                37.97161
              ]
            ]
          ],
          [
            [
              [
                -121.91485,
                37.97651
              ],
              [
                -121.91486,
                37.9749
              ],
              [
                -121.91457,
                37.9751
              ],
              [
                -121.91411,
                37.97553
              ],
              [
                -121.91346,
                37.97543
              ],
              [
                -121.91288,
                37.97544
              ],
              [
                -121.91198,
                37.97514
              ],
              [
                -121.9117,
                37.9751
              ],
              [
                -121.91149,
                37.97518
              ],
              [
                -121.91104,
                37.97515
              ],
              [
                -121.91091,
                37.97496
              ],
              [
                -121.9119,
                37.9749
              ],
              [
                -121.91346,
                37.97494
              ],
              [
                -121.91542,
                37.97456
              ],
              [
                -121.9162,
                37.97433
              ],
              [
                -121.91639,
                37.97433
              ],
              [
                -121.91685,
                37.97403
              ],
              [
                -121.91701,
                37.97373
              ],
              [
                -121.9174,
                37.97344
              ],
              [
                -121.91796,
                37.97332
              ],
              [
                -121.91824,
                37.97316
              ],
              [
                -121.91877,
                37.9725
              ],
              [
                -121.91909,
                37.97227
              ],
              [
                -121.91946,
                37.9722
              ],
              [
                -121.92006,
                37.97193
              ],
              [
                -121.92077,
                37.97122
              ],
              [
                -121.92125,
                37.97104
              ],
              [
                -121.92266,
                37.97037
              ],
              [
                -121.92272,
                37.97021
              ],
              [
                -121.92291,
                37.97007
              ],
              [
                -121.92357,
                37.96997
              ],
              [
                -121.92385,
                37.96981
              ],
              [
                -121.92451,
                37.96926
              ],
              [
                -121.93313,
                37.96917
              ],
              [
                -121.9331,
                37.97621
              ],
              [
                -121.92398,
                37.97636
              ],
              [
                -121.92391,
                37.98339
              ],
              [
                -121.91483,
                37.98351
              ],
              [
                -121.91485,
                37.97651
              ]
            ]
          ],
          [
            [
              [
                -121.90651,
                37.97634
              ],
              [
                -121.90609,
                37.97066
              ],
              [
                -121.90606,
                37.96948
              ],
              [
                -121.92265,
                37.96928
              ],
              [
                -121.92201,
                37.96997
              ],
              [
                -121.92176,
                37.97005
              ],
              [
                -121.92154,
                37.97027
              ],
              [
                -121.91989,
                37.97128
              ],
              [
                -121.91762,
                37.97247
              ],
              [
                -121.9171,
                37.97285
              ],
              [
                -121.91632,
                37.97367
              ],
              [
                -121.9159,
                37.97391
              ],
              [
                -121.91408,
                37.97446
              ],
              [
                -121.91345,
                37.97456
              ],
              [
                -121.91279,
                37.97454
              ],
              [
                -121.91183,
                37.97463
              ],
              [
                -121.91089,
                37.97464
              ],
              [
                -121.91068,
                37.97469
              ],
              [
                -121.9103,
                37.97466
              ],
              [
                -121.90919,
                37.97503
              ],
              [
                -121.90907,
                37.97515
              ],
              [
                -121.90743,
                37.97599
              ],
              [
                -121.90718,
                37.97617
              ],
              [
                -121.90651,
                37.97648
              ],
              [
                -121.90651,
                37.97634
              ]
            ]
          ]
        ],
        "type": "MultiPolygon"
      },
      "properties": {
        "feature_id": "ebrpd:123",
        "gis_acres": 3114.96429794,
        "name": "Thurgood Marshall",
        "objectid": 123,
        "official_name": "Thurgood Marshall Regional Park",
        "park_unit": "6",
        "source_object_id": 123,
        "status": "Landbank"
      },
      "type": "Feature"
    },
    {
      "geometry": {
        "coordinates": [
          [
            [
              [
                -122.2545,
                37.92043
              ],
              [
                -122.25222,
                37.91866
              ],
              [
                -122.25119,
                37.91686
              ],
              [
                -122.25082,
                37.91535
              ],
              [
                -122.25104,
                37.91526
              ],
              [
                -122.2507,
                37.91212
              ],
              [
                -122.24896,
                37.91057
              ],
              [
                -122.24777,
                37.90989
              ],
              [
                -122.24661,
                37.90582
              ],
              [
                -122.24526,
                37.90423
              ],
              [
                -122.24274,
                37.90153
              ],
              [
                -122.23876,
                37.89805
              ],
              [
                -122.23468,
                37.89488
              ],
              [
                -122.23415,
                37.89431
              ],
              [
                -122.23392,
                37.89432
              ],
              [
                -122.2327,
                37.89344
              ],
              [
                -122.23133,
                37.89273
              ],
              [
                -122.2287,
                37.89297
              ],
              [
                -122.22558,
                37.89063
              ],
              [
                -122.22457,
                37.8898
              ],
              [
                -122.2232,
                37.88701
              ],
              [
                -122.22216,
                37.88444
              ],
              [
                -122.22142,
                37.88374
              ],
              [
                -122.22128,
                37.88354
              ],
              [
                -122.22115,
                37.8828
              ],
              [
                -122.22066,
                37.88186
              ],
              [
                -122.21752,
                37.87955
              ],
              [
                -122.21758,
                37.87947
              ],
              [
                -122.21785,
                37.87946
              ],
              [
                -122.21905,
                37.87992
              ],
              [
                -122.21954,
                37.87994
              ],
              [
                -122.22009,
                37.88022
              ],
              [
                -122.22089,
                37.8803
              ],
              [
                -122.22104,
                37.8803
              ],
              [
                -122.22127,
                37.88022
              ],
              [
                -122.22181,
                37.87971
              ],
              [
                -122.22303,
                37.88024
              ],
              [
                -122.22358,
                37.88045
              ],
              [
                -122.22387,
                37.8805
              ],
              [
                -122.22415,
                37.88049
              ],
              [
                -122.22453,
                37.88039
              ],
              [
                -122.22583,
                37.87974
              ],
              [
                -122.22625,
                37.87969
              ],
              [
                -122.22676,
                37.87978
              ],
              [
                -122.22938,
                37.88043
              ],
              [
                -122.22992,
                37.88062
              ],
              [
                -122.23046,
                37.88101
              ],
              [
                -122.23174,
                37.88158
              ],
              [
                -122.23208,
                37.88186
              ],
              [
                -122.23593,
                37.8829
              ],
              [
                -122.23596,
                37.88319
              ],
              [
                -122.2361,
                37.88348
              ],
              [
                -122.23629,
                37.88369
              ],
              [
                -122.23649,
                37.88378
              ],
              [
                -122.2368,
                37.88376
              ],
              [
                -122.23716,
                37.88361
              ],
              [
                -122.23734,
                37.88346
              ],
              [
                -122.23797,
                37.88273
              ],
              [
                -122.2382,
                37.88266
              ],
              [
                -122.23867,
                37.8827
              ],
              [
                -122.23916,
                37.88305
              ],
              [
                -122.23935,
                37.88334
              ],
              [
                -122.2393,
                37.88345
              ],
              [
                -122.23907,
                37.88361
              ],
              [
                -122.23896,
                37.88381
              ],
              [
                -122.23899,
                37.88409
              ],
              [
                -122.23907,
                37.88422
              ],
              [
                -122.23925,
                37.88435
              ],
              [
                -122.23995,
                37.88452
              ],
              [
                -122.24017,
                37.88449
              ],
              [
                -122.24034,
                37.88435
              ],
              [
                -122.24028,
                37.88369
              ],
              [
                -122.24036,
                37.88326
              ],
              [
                -122.24048,
                37.88311
              ],
              [
                -122.24066,
                37.88299
              ],
              [
                -122.24138,
                37.8828
              ],
              [
                -122.24164,
                37.88265
              ],
              [
                -122.24181,
                37.88245
              ],
              [
                -122.24192,
                37.88212
              ],
              [
                -122.24205,
                37.88193
              ],
              [
                -122.24262,
                37.88166
              ],
              [
                -122.24304,
                37.88116
              ],
              [
                -122.2432,
                37.88111
              ],
              [
                -122.24361,
                37.88115
              ],
              [
                -122.24371,
                37.88125
              ],
              [
                -122.24372,
                37.88133
              ],
              [
                -122.2436,
                37.88184
              ],
              [
                -122.24369,
                37.88207
              ],
              [
                -122.24387,
                37.88224
              ],
              [
                -122.24513,
                37.8829
              ],
              [
                -122.24668,
                37.8833
              ],
              [
                -122.24675,
                37.88387
              ],
              [
                -122.24505,
                37.88399
              ],
              [
                -122.24924,
                37.88701
              ],
              [
                -122.24955,
                37.88942
              ],
              [
                -122.25029,
                37.88983
              ],
              [
                -122.24902,
                37.89075
              ],
              [
                -122.24922,
                37.89139
              ],
              [
                -122.2493,
                37.89139
              ],
              [
                -122.24968,
                37.89172
              ],
              [
                -122.24993,
                37.89183
              ],
              [
                -122.24994,
                37.89224
              ],
              [
                -122.25027,
                37.89237
              ],
              [
                -122.25003,
                37.89267
              ],
              [
                -122.24977,
                37.89266
              ],
              [
                -122.24965,
                37.89273
              ],
              [
                -122.24968,
                37.8929
              ],
              [
                -122.24982,
                37.89281
              ],
              [
                -122.24997,
                37.89282
              ],
              [
                -122.25002,
                37.89292
              ],
              [
                -122.24995,
                37.89319
              ],
              [
                -122.25006,
                37.89337
              ],
              [
                -122.25029,
                37.89353
              ],
              [
                -122.25071,
                37.89369
              ],
              [
                -122.25121,
                37.89398
              ],
              [
                -122.25139,
                37.89395
              ],
              [
                -122.25186,
                37.89359
              ],
              [
                -122.25196,
                37.89356
              ],
              [
                -122.25216,
                37.89357
              ],
              [
                -122.25238,
                37.8937
              ],
              [
                -122.2529,
                37.89381
              ],
              [
                -122.25302,
                37.89398
              ],
              [
                -122.25301,
                37.89407
              ],
              [
                -122.2526,
                37.89456
              ],
              [
                -122.25257,
                37.89468
              ],
              [
                -122.25262,
                37.89521
              ],
              [
                -122.2527,
                37.89537
              ],
              [
                -122.25302,
                37.89564
              ],
              [
                -122.25348,
                37.8962
              ],
              [
                -122.25375,
                37.89629
              ],
              [
                -122.2543,
                37.89627
              ],
              [
                -122.255,
                37.89646
              ],
              [
                -122.25525,
                37.89637
              ],
              [
                -122.25558,
                37.89609
              ],
              [
                -122.25567,
                37.89607
              ],
              [
                -122.25584,
                37.89613
              ],
              [
                -122.25605,
                37.89635
              ],
              [
                -122.25625,
                37.89687
              ],
              [
                -122.25635,
                37.89775
              ],
              [
                -122.25627,
                37.89796
              ],
              [
                -122.25602,
                37.89824
              ],
              [
                -122.25598,
                37.89843
              ],
              [
                -122.25654,
                37.89959
              ],
              [
                -122.25666,
                37.89973
              ],
              [
                -122.25689,
                37.89983
              ],
              [
                -122.2571,
                37.89984
              ],
              [
                -122.25725,
                37.8998
              ],
              [
                -122.2581,
                37.89932
              ],
              [
                -122.25854,
                37.89925
              ],
              [
                -122.25888,
                37.89936
              ],
              [
                -122.25936,
                37.89982
              ],
              [
                -122.25972,
                37.89997
              ],
              [
                -122.26004,
                37.89998
              ],
              [
                -122.26059,
                37.89977
              ],
              [
                -122.26086,
                37.89979
              ],
              [
                -122.26101,
                37.89987
              ],
              [
                -122.26111,
                37.90003
              ],
              [
                -122.26111,
                37.90106
              ],
              [
                -122.2612,
                37.90133
              ],
              [
                -122.26133,
                37.90146
              ],
              [
                -122.26151,
                37.90155
              ],
              [
                -122.26215,
                37.90165
              ],
              [
                -122.26245,
                37.90182
              ],
              [
                -122.2626,
                37.902
              ],
              [
                -122.26331,
                37.90318
              ],
              [
                -122.26377,
                37.90368
              ],
              [
                -122.26414,
                37.90384
              ],
              [
                -122.26465,
                37.90387
              ],
              [
                -122.26478,
                37.90393
              ],
              [
                -122.26501,
                37.90418
              ],
              [
                -122.2652,
                37.90431
              ],
              [
                -122.26618,
                37.90455
              ],
              [
                -122.26662,
                37.90458
              ],
              [
                -122.26705,
                37.90454
              ],
              [
                -122.26747,
                37.90443
              ],
              [
                -122.26782,
                37.90426
              ],
              [
                -122.26795,
                37.90568
              ],
              [
                -122.26769,
                37.906
              ],
              [
                -122.26739,
                37.9062
              ],
              [
                -122.26712,
                37.9063
              ],
              [
                -122.26629,
                37.90647
              ],
              [
                -122.26538,
                37.90683
              ],
              [
                -122.26511,
                37.90686
              ],
              [
                -122.26451,
                37.90675
              ],
              [
                -122.2642,
                37.90677
              ],
              [
                -122.26396,
                37.90687
              ],
              [
                -122.26366,
                37.90712
              ],
              [
                -122.25852,
                37.90843
              ],
              [
                -122.25691,
                37.91172
              ],
              [
                -122.25299,
                37.91197
              ],
              [
                -122.25271,
                37.91252
              ],
              [
                -122.25215,
                37.91286
              ],
              [
                -122.25197,
                37.91302
              ],
              [
                -122.25199,
                37.91322
              ],
              [
                -122.25231,
                37.91366
              ],
              [
                -122.25234,
                37.91388
              ],
              [
                -122.25219,
                37.91405
              ],
              [
                -122.25168,
                37.91417
              ],
              [
                -122.25155,
                37.91427
              ],
              [
                -122.25145,
                37.91439
              ],
              [
                -122.25118,
                37.91495
              ],
              [
                -122.25112,
                37.91512
              ],
              [
                -122.25113,
                37.91527
              ],
              [
                -122.25128,
                37.91546
              ],
              [
                -122.25143,
                37.91556
              ],
              [
                -122.25248,
                37.91592
              ],
              [
                -122.25294,
                37.91617
              ],
              [
                -122.25318,
                37.91643
              ],
              [
                -122.25338,
                37.91674
              ],
              [
                -122.2534,
                37.91712
              ],
              [
                -122.25345,
                37.91723
              ],
              [
                -122.25366,
                37.9174
              ],
              [
                -122.2541,
                37.91759
              ],
              [
                -122.25426,
                37.91774
              ],
              [
                -122.25433,
                37.91803
              ],
              [
                -122.25429,
                37.91818
              ],
              [
                -122.25411,
                37.91842
              ],
              [
                -122.25378,
                37.9187
              ],
              [
                -122.25368,
                37.9189
              ],
              [
                -122.25369,
                37.91906
              ],
              [
                -122.2538,
                37.91931
              ],
              [
                -122.25411,
                37.91974
              ],
              [
                -122.2543,
                37.91985
              ],
              [
                -122.25464,
                37.91991
              ],
              [
                -122.25536,
                37.91994
              ],
              [
                -122.25734,
                37.91973
              ],
              [
                -122.25827,
                37.91978
              ],
              [
                -122.25935,
                37.9201
              ],
              [
                -122.25998,
                37.9206
              ],
              [
                -122.2605,
                37.92078
              ],
              [
                -122.25458,
                37.92049
              ],
              [
                -122.2545,
                37.92043
              ]
            ]
          ],
          [
            [
              [
                -122.24416,
                37.89449
              ],
              [
                -122.2442,
                37.89404
              ],
              [
                -122.24429,
                37.89403
              ],
              [
                -122.2444,
                37.89416
              ],
              [
                -122.24458,
                37.89426
              ],
              [
                -122.2446,
                37.89423
              ],
              [
                -122.24439,
                37.89409
              ],
              [
                -122.2443,
                37.89393
              ],
              [
                -122.2443,
                37.89326
              ],
              [
                -122.24418,
                37.89275
              ],
              [
                -122.24409,
                37.89266
              ],
              [
                -122.2438,
                37.89254
              ],
              [
                -122.24289,
                37.89273
              ],
              [
                -122.24255,
                37.89289
              ],
              [
                -122.24236,
                37.89306
              ],
              [
                -122.24225,
                37.89341
              ],
              [
                -122.24246,
                37.89378
              ],
              [
                -122.24239,
                37.89398
              ],
              [
                -122.24241,
                37.89411
              ],
              [
                -122.24339,
                37.89496
              ],
              [
                -122.24416,
                37.89449
              ]
            ]
          ],
          [
            [
              [
                -122.23926,
                37.88374
              ],
              [
                -122.24008,
                37.88338
              ],
              [
                -122.24003,
                37.88379
              ],
              [
                -122.24011,
                37.88428
              ],
              [
                -122.23998,
                37.88433
              ],
              [
                -122.23933,
                37.88416
              ],
              [
                -122.2392,
                37.88397
              ],
              [
                -122.2392,
                37.88383
              ],
              [
                -122.23926,
                37.88374
              ]
            ]
          ],
          [
            [
              [
                -122.25233,
                37.89056
              ],
              [
                -122.25249,
                37.89063
              ],
              [
                -122.25225,
                37.89091
              ],
              [
                -122.25209,
                37.89082
              ],
              [
                -122.25233,
                37.89056
              ]
            ]
          ]
        ],
        "type": "MultiPolygon"
      },
      "properties": {
        "feature_id": "ebrpd:124",
        "gis_acres": 1467.65143008,
        "name": "Tilden",
        "objectid": 124,
        "official_name": "Charles Lee Tilden Regional Park",
        "park_unit": "5",
        "source_object_id": 124,
        "status": "Parkland"
      },
      "type": "Feature"
    },
    {
      "geometry": {
        "coordinates": [
          [
            [
              -122.26644,
              37.92145
            ],
            [
              -122.26321,
              37.92149
            ],
            [
              -122.26375,
              37.92094
            ],
            [
              -122.2605,
              37.92078
            ],
            [
              -122.25998,
              37.9206
            ],
            [
              -122.25935,
              37.9201
            ],
            [
              -122.25827,
              37.91978
            ],
            [
              -122.25734,
              37.91973
            ],
            [
              -122.25536,
              37.91994
            ],
            [
              -122.25464,
              37.91991
            ],
            [
              -122.2542,
              37.9198
            ],
            [
              -122.25397,
              37.91959
            ],
            [
              -122.2538,
              37.91931
            ],
            [
              -122.25369,
              37.91906
            ],
            [
              -122.25368,
              37.9189
            ],
            [
              -122.25378,
              37.9187
            ],
            [
              -122.25411,
              37.91842
            ],
            [
              -122.25429,
              37.91818
            ],
            [
              -122.25433,
              37.91803
            ],
            [
              -122.25426,
              37.91774
            ],
            [
              -122.2541,
              37.91759
            ],
            [
              -122.25366,
              37.9174
            ],
            [
              -122.25345,
              37.91723
            ],
            [
              -122.2534,
              37.91712
            ],
            [
              -122.25338,
              37.91674
            ],
            [
              -122.25318,
              37.91643
            ],
            [
              -122.25294,
              37.91617
            ],
            [
              -122.25248,
              37.91592
            ],
            [
              -122.25143,
              37.91556
            ],
            [
              -122.25128,
              37.91546
            ],
            [
              -122.25113,
              37.91527
            ],
            [
              -122.25112,
              37.91512
            ],
            [
              -122.25118,
              37.91495
            ],
            [
              -122.25145,
              37.91439
            ],
            [
              -122.25155,
              37.91427
            ],
            [
              -122.25168,
              37.91417
            ],
            [
              -122.25219,
              37.91405
            ],
            [
              -122.25234,
              37.91388
            ],
            [
              -122.25231,
              37.91366
            ],
            [
              -122.25199,
              37.91322
            ],
            [
              -122.25197,
              37.91302
            ],
            [
              -122.25215,
              37.91286
            ],
            [
              -122.25271,
              37.91252
            ],
            [
              -122.25299,
              37.91197
            ],
            [
              -122.25691,
              37.91172
            ],
            [
              -122.25852,
              37.90843
            ],
            [
              -122.26366,
              37.90712
            ],
            [
              -122.26396,
              37.90687
            ],
            [
              -122.2642,
              37.90677
            ],
            [
              -122.26451,
              37.90675
            ],
            [
              -122.26511,
              37.90686
            ],
            [
              -122.26552,
              37.9068
            ],
            [
              -122.26629,
              37.90647
            ],
            [
              -122.26726,
              37.90626
            ],
            [
              -122.26769,
              37.906
            ],
            [
              -122.26795,
              37.90568
            ],
            [
              -122.26803,
              37.90657
            ],
            [
              -122.26644,
              37.90745
            ],
            [
              -122.26746,
              37.90819
            ],
            [
              -122.26801,
              37.90807
            ],
            [
              -122.26797,
              37.90767
            ],
            [
              -122.26838,
              37.90776
            ],
            [
              -122.26871,
              37.90804
            ],
            [
              -122.26914,
              37.90821
            ],
            [
              -122.26949,
              37.90864
            ],
            [
              -122.26982,
              37.90891
            ],
            [
              -122.2699,
              37.90906
            ],
            [
              -122.26991,
              37.90912
            ],
            [
              -122.26977,
              37.9091
            ],
            [
              -122.26948,
              37.90921
            ],
            [
              -122.26959,
              37.90958
            ],
            [
              -122.26966,
              37.90963
            ],
            [
              -122.26976,
              37.90962
            ],
            [
              -122.26996,
              37.90949
            ],
            [
              -122.27,
              37.90954
            ],
            [
              -122.27018,
              37.90943
            ],
            [
              -122.27073,
              37.90923
            ],
            [
              -122.27077,
              37.90927
            ],
            [
              -122.27115,
              37.90923
            ],
            [
              -122.27137,
              37.90944
            ],
            [
              -122.27154,
              37.90939
            ],
            [
              -122.27171,
              37.90956
            ],
            [
              -122.2719,
              37.90986
            ],
            [
              -122.27219,
              37.91015
            ],
            [
              -122.27242,
              37.91093
            ],
            [
              -122.27253,
              37.91114
            ],
            [
              -122.27294,
              37.91151
            ],
            [
              -122.27338,
              37.91106
            ],
            [
              -122.2738,
              37.91142
            ],
            [
              -122.27406,
              37.91124
            ],
            [
              -122.27906,
              37.91575
            ],
            [
              -122.27875,
              37.91597
            ],
            [
              -122.27926,
              37.91643
            ],
            [
              -122.27902,
              37.9166
            ],
            [
              -122.27908,
              37.91689
            ],
            [
              -122.27925,
              37.91698
            ],
            [
              -122.27958,
              37.91706
            ],
            [
              -122.27974,
              37.91718
            ],
            [
              -122.28021,
              37.91762
            ],
            [
              -122.28014,
              37.91777
            ],
            [
              -122.28017,
              37.918
            ],
            [
              -122.2806,
              37.91805
            ],
            [
              -122.28095,
              37.91834
            ],
            [
              -122.28122,
              37.9187
            ],
            [
              -122.27069,
              37.92393
            ],
            [
              -122.27062,
              37.92139
            ],
            [
              -122.26644,
              37.92145
            ]
          ],
          [
            [
              -122.27008,
              37.91445
            ],
            [
              -122.2696,
              37.91388
            ],
            [
              -122.26926,
              37.91422
            ],
            [
              -122.26991,
              37.91462
            ],
            [
              -122.27008,
              37.91445
            ]
          ],
          [
            [
              -122.26971,
              37.91376
            ],
            [
              -122.27019,
              37.91433
            ],
            [
              -122.27146,
              37.91302
            ],
            [
              -122.27081,
              37.91263
            ],
            [
              -122.26971,
              37.91376
            ]
          ]
        ],
        "type": "Polygon"
      },
      "properties": {
        "feature_id": "ebrpd:126",
        "gis_acres": 709.56886432,
        "name": "Tilden (Nature Area)",
        "objectid": 126,
        "official_name": "Charles Lee Tilden Regional Park Nature Area",
        "park_unit": "5",
        "source_object_id": 126,
        "status": "Parkland"
      },
      "type": "Feature"
    },
    {
      "geometry": {
        "coordinates": [
          [
            [
              [
                -121.94414,
                37.58656
              ],
              [
                -121.94628,
                37.58502
              ],
              [
                -121.94693,
                37.58446
              ],
              [
                -121.94891,
                37.58377
              ],
              [
                -121.94995,
                37.5836
              ],
              [
                -121.95907,
                37.58265
              ],
              [
                -121.95889,
                37.58306
              ],
              [
                -121.9592,
                37.58481
              ],
              [
                -121.95872,
                37.58619
              ],
              [
                -121.95905,
                37.58687
              ],
              [
                -121.95862,
                37.58708
              ],
              [
                -121.95818,
                37.58764
              ],
              [
                -121.95688,
                37.58867
              ],
              [
                -121.95653,
                37.58877
              ],
              [
                -121.94414,
                37.58656
              ]
            ]
          ],
          [
            [
              [
                -121.9579,
                37.58562
              ],
              [
                -121.95725,
                37.58544
              ],
              [
                -121.95711,
                37.58575
              ],
              [
                -121.95777,
                37.58593
              ],
              [
                -121.9579,
                37.58562
              ]
            ]
          ],
          [
            [
              [
                -121.93758,
                37.58222
              ],
              [
                -121.93822,
                37.58201
              ],
              [
                -121.93848,
                37.58252
              ],
              [
                -121.93784,
                37.58273
              ],
              [
                -121.93758,
                37.58222
              ]
            ]
          ],
          [
            [
              [
                -121.9467,
                37.59704
              ],
              [
                -121.94595,
                37.59687
              ],
              [
                -121.94495,
                37.59695
              ],
              [
                -121.9445,
                37.59694
              ],
              [
                -121.94455,
                37.5959
              ],
              [
                -121.93951,
                37.59432
              ],
              [
                -121.93956,
                37.5932
              ],
              [
                -121.9394,
                37.59171
              ],
              [
                -121.93786,
                37.59099
              ],
              [
                -121.95103,
                37.59046
              ],
              [
                -121.95099,
                37.59067
              ],
              [
                -121.95075,
                37.59077
              ],
              [
                -121.94786,
                37.59176
              ],
              [
                -121.94803,
                37.59185
              ],
              [
                -121.94802,
                37.59279
              ],
              [
                -121.94836,
                37.59316
              ],
              [
                -121.94857,
                37.59425
              ],
              [
                -121.94882,
                37.59457
              ],
              [
                -121.94935,
                37.59487
              ],
              [
                -121.94962,
                37.59494
              ],
              [
                -121.94959,
                37.59508
              ],
              [
                -121.94869,
                37.59596
              ],
              [
                -121.94997,
                37.59692
              ],
              [
                -121.94904,
                37.59718
              ],
              [
                -121.94729,
                37.59743
              ],
              [
                -121.94713,
                37.59742
              ],
              [
                -121.947,
                37.59718
              ],
              [
                -121.9467,
                37.59704
              ]
            ]
          ]
        ],
        "type": "MultiPolygon"
      },
      "properties": {
        "feature_id": "ebrpd:127",
        "gis_acres": 265.29346873,
        "name": "Vargas Plateau",
        "objectid": 127,
        "official_name": "Vargas Plateau Regional Park",
        "park_unit": "1",
        "source_object_id": 127,
        "status": "Landbank"
      },
      "type": "Feature"
    },
    {
      "geometry": {
        "coordinates": [
          [
            [
              -121.93778,
              37.59095
            ],
            [
              -121.93571,
              37.5872
            ],
            [
              -121.93384,
              37.5841
            ],
            [
              -121.9324,
              37.58294
            ],
            [
              -121.93295,
              37.58242
            ],
            [
              -121.93028,
              37.58029
            ],
            [
              -121.92943,
              37.57876
            ],
            [
              -121.93082,
              37.57687
            ],
            [
              -121.93132,
              37.57629
            ],
            [
              -121.93277,
              37.57398
            ],
            [
              -121.93384,
              37.57507
            ],
            [
              -121.93617,
              37.57416
            ],
            [
              -121.9374,
              37.57329
            ],
            [
              -121.93801,
              37.57258
            ],
            [
              -121.93856,
              37.57206
            ],
            [
              -121.93891,
              37.57183
            ],
            [
              -121.93939,
              37.57122
            ],
            [
              -121.93959,
              37.57078
            ],
            [
              -121.94007,
              37.57057
            ],
            [
              -121.94068,
              37.57049
            ],
            [
              -121.94223,
              37.57064
            ],
            [
              -121.94284,
              37.57077
            ],
            [
              -121.9436,
              37.57069
            ],
            [
              -121.94378,
              37.57051
            ],
            [
              -121.94447,
              37.57056
            ],
            [
              -121.94498,
              37.57024
            ],
            [
              -121.94645,
              37.56994
            ],
            [
              -121.94735,
              37.56996
            ],
            [
              -121.94807,
              37.56989
            ],
            [
              -121.94854,
              37.57001
            ],
            [
              -121.94887,
              37.57014
            ],
            [
              -121.94933,
              37.57041
            ],
            [
              -121.94962,
              37.5705
            ],
            [
              -121.95012,
              37.57043
            ],
            [
              -121.95077,
              37.57047
            ],
            [
              -121.9515,
              37.5706
            ],
            [
              -121.95208,
              37.5706
            ],
            [
              -121.95235,
              37.5707
            ],
            [
              -121.9526,
              37.57073
            ],
            [
              -121.95329,
              37.57059
            ],
            [
              -121.95421,
              37.5703
            ],
            [
              -121.95488,
              37.57016
            ],
            [
              -121.95583,
              37.56968
            ],
            [
              -121.95695,
              37.57054
            ],
            [
              -121.95789,
              37.57134
            ],
            [
              -121.95822,
              37.57193
            ],
            [
              -121.95853,
              37.57401
            ],
            [
              -121.95898,
              37.57509
            ],
            [
              -121.95937,
              37.57642
            ],
            [
              -121.96087,
              37.57834
            ],
            [
              -121.96186,
              37.57989
            ],
            [
              -121.96138,
              37.58008
            ],
            [
              -121.96011,
              37.58126
            ],
            [
              -121.95897,
              37.58058
            ],
            [
              -121.95652,
              37.57971
            ],
            [
              -121.95483,
              37.57917
            ],
            [
              -121.95247,
              37.5782
            ],
            [
              -121.95135,
              37.57963
            ],
            [
              -121.95131,
              37.57974
            ],
            [
              -121.95028,
              37.58069
            ],
            [
              -121.95035,
              37.58078
            ],
            [
              -121.95034,
              37.58091
            ],
            [
              -121.9501,
              37.58101
            ],
            [
              -121.94938,
              37.58154
            ],
            [
              -121.94913,
              37.58161
            ],
            [
              -121.94989,
              37.58327
            ],
            [
              -121.94995,
              37.5836
            ],
            [
              -121.94891,
              37.58377
            ],
            [
              -121.94693,
              37.58446
            ],
            [
              -121.94628,
              37.58502
            ],
            [
              -121.94414,
              37.58656
            ],
            [
              -121.95653,
              37.58877
            ],
            [
              -121.95547,
              37.58884
            ],
            [
              -121.95527,
              37.58899
            ],
            [
              -121.95407,
              37.58936
            ],
            [
              -121.95352,
              37.58958
            ],
            [
              -121.95287,
              37.58975
            ],
            [
              -121.95254,
              37.58992
            ],
            [
              -121.95156,
              37.59016
            ],
            [
              -121.95137,
              37.59029
            ],
            [
              -121.95106,
              37.5903
            ],
            [
              -121.95103,
              37.59046
            ],
            [
              -121.93786,
              37.59099
            ],
            [
              -121.93778,
              37.59095
            ]
          ],
          [
            [
              -121.93848,
              37.58252
            ],
            [
              -121.93822,
              37.58201
            ],
            [
              -121.93758,
              37.58222
            ],
            [
              -121.93784,
              37.58273
            ],
            [
              -121.93848,
              37.58252
            ]
          ]
        ],
        "type": "Polygon"
      },
      "properties": {
        "feature_id": "ebrpd:128",
        "gis_acres": 979.14552125,
        "name": "Vargas Plateau",
        "objectid": 128,
        "official_name": "Vargas Plateau Regional Park",
        "park_unit": "1",
        "source_object_id": 128,
        "status": "Parkland"
      },
      "type": "Feature"
    },
    {
      "geometry": {
        "coordinates": [
          [
            [
              -121.6962,
              37.81106
            ],
            [
              -121.69619,
              37.80997
            ],
            [
              -121.69599,
              37.80998
            ],
            [
              -121.69598,
              37.81135
            ],
            [
              -121.69248,
              37.81134
            ],
            [
              -121.69232,
              37.81107
            ],
            [
              -121.69216,
              37.81039
            ],
            [
              -121.69205,
              37.81028
            ],
            [
              -121.69175,
              37.81012
            ],
            [
              -121.69156,
              37.8099
            ],
            [
              -121.69082,
              37.80965
            ],
            [
              -121.69037,
              37.80966
            ],
            [
              -121.69014,
              37.80975
            ],
            [
              -121.68985,
              37.81006
            ],
            [
              -121.68861,
              37.80937
            ],
            [
              -121.68851,
              37.80894
            ],
            [
              -121.68824,
              37.80872
            ],
            [
              -121.68691,
              37.80815
            ],
            [
              -121.68664,
              37.80811
            ],
            [
              -121.6864,
              37.80821
            ],
            [
              -121.68571,
              37.80873
            ],
            [
              -121.68497,
              37.80892
            ],
            [
              -121.68421,
              37.8089
            ],
            [
              -121.6818,
              37.80814
            ],
            [
              -121.68131,
              37.80809
            ],
            [
              -121.68031,
              37.80828
            ],
            [
              -121.67979,
              37.80807
            ],
            [
              -121.67969,
              37.80764
            ],
            [
              -121.68003,
              37.80705
            ],
            [
              -121.67998,
              37.80686
            ],
            [
              -121.67927,
              37.80627
            ],
            [
              -121.67893,
              37.80629
            ],
            [
              -121.67801,
              37.80698
            ],
            [
              -121.67787,
              37.80755
            ],
            [
              -121.67611,
              37.80781
            ],
            [
              -121.67573,
              37.80767
            ],
            [
              -121.67511,
              37.80699
            ],
            [
              -121.67446,
              37.80669
            ],
            [
              -121.6743,
              37.8064
            ],
            [
              -121.67424,
              37.80609
            ],
            [
              -121.67439,
              37.80565
            ],
            [
              -121.67498,
              37.80512
            ],
            [
              -121.6754,
              37.80335
            ],
            [
              -121.67563,
              37.80286
            ],
            [
              -121.67577,
              37.80234
            ],
            [
              -121.67584,
              37.8017
            ],
            [
              -121.67584,
              37.80071
            ],
            [
              -121.67593,
              37.80004
            ],
            [
              -121.67622,
              37.79989
            ],
            [
              -121.67611,
              37.79964
            ],
            [
              -121.67633,
              37.79925
            ],
            [
              -121.67686,
              37.79863
            ],
            [
              -121.6771,
              37.79847
            ],
            [
              -121.6782,
              37.79809
            ],
            [
              -121.68182,
              37.79777
            ],
            [
              -121.68234,
              37.79749
            ],
            [
              -121.68298,
              37.79702
            ],
            [
              -121.68354,
              37.79696
            ],
            [
              -121.68503,
              37.7972
            ],
            [
              -121.68631,
              37.7961
            ],
            [
              -121.68738,
              37.79489
            ],
            [
              -121.68964,
              37.79366
            ],
            [
              -121.69003,
              37.79361
            ],
            [
              -121.69007,
              37.79364
            ],
            [
              -121.69095,
              37.7936
            ],
            [
              -121.69143,
              37.79309
            ],
            [
              -121.69229,
              37.79309
            ],
            [
              -121.69247,
              37.79302
            ],
            [
              -121.69249,
              37.79735
            ],
            [
              -121.69594,
              37.79735
            ],
            [
              -121.69597,
              37.80358
            ],
            [
              -121.70306,
              37.80996
            ],
            [
              -121.70255,
              37.80996
            ],
            [
              -121.70219,
              37.81544
            ],
            [
              -121.69738,
              37.81188
            ],
            [
              -121.6962,
              37.81188
            ],
            [
              -121.6962,
              37.81106
            ]
          ]
        ],
        "type": "Polygon"
      },
      "properties": {
        "feature_id": "ebrpd:129",
        "gis_acres": 719.83683653,
        "name": "Vasco Caves",
        "objectid": 129,
        "official_name": "Vasco Caves Regional Preserve",
        "park_unit": "7",
        "source_object_id": 129,
        "status": "Parkland"
      },
      "type": "Feature"
    },
    {
      "geometry": {
        "coordinates": [
          [
            [
              -121.98825,
              37.75978
            ],
            [
              -121.98814,
              37.75979
            ],
            [
              -121.98821,
              37.75965
            ],
            [
              -121.98808,
              37.75951
            ],
            [
              -121.98769,
              37.75938
            ],
            [
              -121.98735,
              37.75935
            ],
            [
              -121.98717,
              37.75927
            ],
            [
              -121.9868,
              37.75931
            ],
            [
              -121.98649,
              37.75927
            ],
            [
              -121.98665,
              37.75879
            ],
            [
              -121.98641,
              37.75822
            ],
            [
              -121.9861,
              37.75774
            ],
            [
              -121.98565,
              37.75772
            ],
            [
              -121.98487,
              37.75786
            ],
            [
              -121.98501,
              37.75706
            ],
            [
              -121.98477,
              37.7569
            ],
            [
              -121.98358,
              37.75654
            ],
            [
              -121.98354,
              37.75658
            ],
            [
              -121.98314,
              37.75629
            ],
            [
              -121.98265,
              37.75643
            ],
            [
              -121.98213,
              37.7564
            ],
            [
              -121.98205,
              37.75632
            ],
            [
              -121.98137,
              37.75635
            ],
            [
              -121.98105,
              37.75631
            ],
            [
              -121.98097,
              37.75626
            ],
            [
              -121.98065,
              37.75623
            ],
            [
              -121.98061,
              37.75617
            ],
            [
              -121.9803,
              37.75626
            ],
            [
              -121.97979,
              37.75622
            ],
            [
              -121.9798,
              37.75617
            ],
            [
              -121.9796,
              37.75607
            ],
            [
              -121.9796,
              37.75598
            ],
            [
              -121.97939,
              37.75586
            ],
            [
              -121.97943,
              37.75578
            ],
            [
              -121.9788,
              37.75548
            ],
            [
              -121.97842,
              37.7554
            ],
            [
              -121.97844,
              37.75536
            ],
            [
              -121.97769,
              37.75509
            ],
            [
              -121.9768,
              37.75488
            ],
            [
              -121.97671,
              37.75481
            ],
            [
              -121.97659,
              37.75452
            ],
            [
              -121.9763,
              37.7542
            ],
            [
              -121.97609,
              37.75438
            ],
            [
              -121.97579,
              37.75452
            ],
            [
              -121.97511,
              37.75451
            ],
            [
              -121.97456,
              37.75393
            ],
            [
              -121.97411,
              37.75397
            ],
            [
              -121.9737,
              37.75369
            ],
            [
              -121.97293,
              37.75348
            ],
            [
              -121.97265,
              37.75313
            ],
            [
              -121.97231,
              37.75299
            ],
            [
              -121.97209,
              37.75303
            ],
            [
              -121.97174,
              37.75352
            ],
            [
              -121.97104,
              37.75329
            ],
            [
              -121.9704,
              37.75335
            ],
            [
              -121.97011,
              37.75321
            ],
            [
              -121.96952,
              37.75309
            ],
            [
              -121.96919,
              37.75328
            ],
            [
              -121.96897,
              37.75331
            ],
            [
              -121.96879,
              37.75319
            ],
            [
              -121.96903,
              37.75271
            ],
            [
              -121.96901,
              37.75262
            ],
            [
              -121.96883,
              37.75222
            ],
            [
              -121.96844,
              37.75182
            ],
            [
              -121.969,
              37.75138
            ],
            [
              -121.96875,
              37.75108
            ],
            [
              -121.9682,
              37.75084
            ],
            [
              -121.96749,
              37.75077
            ],
            [
              -121.96744,
              37.75107
            ],
            [
              -121.96705,
              37.75106
            ],
            [
              -121.96698,
              37.75091
            ],
            [
              -121.96671,
              37.75082
            ],
            [
              -121.96651,
              37.75097
            ],
            [
              -121.9658,
              37.75044
            ],
            [
              -121.96498,
              37.75002
            ],
            [
              -121.96492,
              37.74988
            ],
            [
              -121.96467,
              37.75
            ],
            [
              -121.96454,
              37.75019
            ],
            [
              -121.96396,
              37.74997
            ],
            [
              -121.96325,
              37.74956
            ],
            [
              -121.96268,
              37.7495
            ],
            [
              -121.96251,
              37.74926
            ],
            [
              -121.97751,
              37.74315
            ],
            [
              -121.97897,
              37.74537
            ],
            [
              -121.98384,
              37.75253
            ],
            [
              -121.98513,
              37.75449
            ],
            [
              -121.98854,
              37.75988
            ],
            [
              -121.98825,
              37.75978
            ]
          ],
          [
            [
              -121.98348,
              37.75347
            ],
            [
              -121.98305,
              37.75342
            ],
            [
              -121.98281,
              37.75351
            ],
            [
              -121.98265,
              37.75393
            ],
            [
              -121.98272,
              37.75414
            ],
            [
              -121.98303,
              37.75437
            ],
            [
              -121.98384,
              37.75403
            ],
            [
              -121.98348,
              37.75347
            ]
          ]
        ],
        "type": "Polygon"
      },
      "properties": {
        "feature_id": "ebrpd:13",
        "gis_acres": 369.58388384,
        "name": "Bishop Ranch",
        "objectid": 13,
        "official_name": "Bishop Ranch Open Space Regional Preserve",
        "park_unit": "6",
        "source_object_id": 13,
        "status": "Parkland"
      },
      "type": "Feature"
    },
    {
      "geometry": {
        "coordinates": [
          [
            [
              [
                -122.08538,
                38.02144
              ],
              [
                -122.08567,
                38.02129
              ],
              [
                -122.08591,
                38.02156
              ],
              [
                -122.08626,
                38.02183
              ],
              [
                -122.0921,
                38.02504
              ],
              [
                -122.09311,
                38.02548
              ],
              [
                -122.09137,
                38.02547
              ],
              [
                -122.09052,
                38.02486
              ],
              [
                -122.09064,
                38.02432
              ],
              [
                -122.08538,
                38.02144
              ]
            ]
          ],
          [
            [
              [
                -122.101,
                38.0254
              ],
              [
                -122.10113,
                38.02539
              ],
              [
                -122.10132,
                38.02548
              ],
              [
                -122.10139,
                38.02564
              ],
              [
                -122.10131,
                38.02577
              ],
              [
                -122.10123,
                38.0258
              ],
              [
                -122.10038,
                38.02563
              ],
              [
                -122.09991,
                38.02561
              ],
              [
                -122.101,
                38.0254
              ]
            ]
          ],
          [
            [
              [
                -122.09607,
                38.02653
              ],
              [
                -122.0956,
                38.02614
              ],
              [
                -122.0964,
                38.02621
              ],
              [
                -122.09681,
                38.02619
              ],
              [
                -122.09839,
                38.02592
              ],
              [
                -122.09826,
                38.02609
              ],
              [
                -122.09815,
                38.02638
              ],
              [
                -122.09588,
                38.02682
              ],
              [
                -122.09607,
                38.02653
              ]
            ]
          ]
        ],
        "type": "MultiPolygon"
      },
      "properties": {
        "feature_id": "ebrpd:131",
        "gis_acres": 7.63286677,
        "name": "Waterbird",
        "objectid": 131,
        "official_name": "Waterbird Regional Preserve",
        "park_unit": "5",
        "source_object_id": 131,
        "status": "Landbank"
      },
      "type": "Feature"
    },
    {
      "geometry": {
        "coordinates": [
          [
            [
              -122.09378,
              38.02548
            ],
            [
              -122.09308,
              38.02526
            ],
            [
              -122.09224,
              38.02489
            ],
            [
              -122.08651,
              38.02175
            ],
            [
              -122.08603,
              38.02139
            ],
            [
              -122.08586,
              38.02118
            ],
            [
              -122.08807,
              38.01999
            ],
            [
              -122.08701,
              38.01876
            ],
            [
              -122.09156,
              38.01629
            ],
            [
              -122.09513,
              38.01871
            ],
            [
              -122.09554,
              38.01872
            ],
            [
              -122.09606,
              38.01913
            ],
            [
              -122.09657,
              38.01945
            ],
            [
              -122.09651,
              38.01952
            ],
            [
              -122.09662,
              38.01958
            ],
            [
              -122.09755,
              38.01999
            ],
            [
              -122.10035,
              38.02104
            ],
            [
              -122.09821,
              38.02415
            ],
            [
              -122.09868,
              38.02459
            ],
            [
              -122.09891,
              38.02507
            ],
            [
              -122.0992,
              38.02517
            ],
            [
              -122.09946,
              38.02537
            ],
            [
              -122.10099,
              38.02506
            ],
            [
              -122.10122,
              38.02507
            ],
            [
              -122.10149,
              38.02517
            ],
            [
              -122.10173,
              38.0254
            ],
            [
              -122.10179,
              38.02558
            ],
            [
              -122.10179,
              38.0258
            ],
            [
              -122.10167,
              38.02574
            ],
            [
              -122.10161,
              38.02552
            ],
            [
              -122.10146,
              38.02532
            ],
            [
              -122.10115,
              38.0252
            ],
            [
              -122.09902,
              38.02556
            ],
            [
              -122.09734,
              38.02593
            ],
            [
              -122.09654,
              38.02601
            ],
            [
              -122.09573,
              38.02596
            ],
            [
              -122.09527,
              38.02587
            ],
            [
              -122.09481,
              38.02548
            ],
            [
              -122.09378,
              38.02548
            ]
          ]
        ],
        "type": "Polygon"
      },
      "properties": {
        "feature_id": "ebrpd:132",
        "gis_acres": 190.53872884,
        "name": "Waterbird",
        "objectid": 132,
        "official_name": "Waterbird Regional Preserve",
        "park_unit": "5",
        "source_object_id": 132,
        "status": "Parkland"
      },
      "type": "Feature"
    },
    {
      "geometry": {
        "coordinates": [
          [
            [
              -122.2813,
              37.9529
            ],
            [
              -122.28151,
              37.95209
            ],
            [
              -122.28032,
              37.95189
            ],
            [
              -122.27839,
              37.95299
            ],
            [
              -122.27723,
              37.95168
            ],
            [
              -122.27702,
              37.95176
            ],
            [
              -122.27665,
              37.95173
            ],
            [
              -122.27643,
              37.95159
            ],
            [
              -122.27612,
              37.95128
            ],
            [
              -122.27296,
              37.9534
            ],
            [
              -122.27241,
              37.95303
            ],
            [
              -122.27178,
              37.95283
            ],
            [
              -122.2716,
              37.95272
            ],
            [
              -122.27339,
              37.95189
            ],
            [
              -122.27141,
              37.94862
            ],
            [
              -122.27204,
              37.94832
            ],
            [
              -122.27199,
              37.94763
            ],
            [
              -122.27108,
              37.94807
            ],
            [
              -122.27039,
              37.94694
            ],
            [
              -122.27015,
              37.947
            ],
            [
              -122.26996,
              37.94699
            ],
            [
              -122.26978,
              37.94694
            ],
            [
              -122.26936,
              37.94669
            ],
            [
              -122.26879,
              37.94663
            ],
            [
              -122.2681,
              37.94691
            ],
            [
              -122.26784,
              37.94684
            ],
            [
              -122.2682,
              37.9459
            ],
            [
              -122.26796,
              37.94553
            ],
            [
              -122.26811,
              37.94495
            ],
            [
              -122.2681,
              37.94468
            ],
            [
              -122.26721,
              37.94443
            ],
            [
              -122.26697,
              37.9441
            ],
            [
              -122.26671,
              37.94301
            ],
            [
              -122.26829,
              37.94348
            ],
            [
              -122.26965,
              37.94314
            ],
            [
              -122.26974,
              37.94195
            ],
            [
              -122.27181,
              37.94081
            ],
            [
              -122.2721,
              37.93953
            ],
            [
              -122.27638,
              37.94093
            ],
            [
              -122.28143,
              37.94677
            ],
            [
              -122.28424,
              37.94692
            ],
            [
              -122.28468,
              37.94777
            ],
            [
              -122.28535,
              37.94813
            ],
            [
              -122.28689,
              37.95095
            ],
            [
              -122.28826,
              37.952
            ],
            [
              -122.29032,
              37.95279
            ],
            [
              -122.29074,
              37.95343
            ],
            [
              -122.2868,
              37.95237
            ],
            [
              -122.285,
              37.95439
            ],
            [
              -122.28228,
              37.95307
            ],
            [
              -122.2813,
              37.9529
            ]
          ],
          [
            [
              -122.27434,
              37.94787
            ],
            [
              -122.27401,
              37.94738
            ],
            [
              -122.27348,
              37.94748
            ],
            [
              -122.27328,
              37.9477
            ],
            [
              -122.27341,
              37.94811
            ],
            [
              -122.27404,
              37.94812
            ],
            [
              -122.27419,
              37.94807
            ],
            [
              -122.27434,
              37.94787
            ]
          ]
        ],
        "type": "Polygon"
      },
      "properties": {
        "feature_id": "ebrpd:133",
        "gis_acres": 359.00727173,
        "name": "Wildcat Canyon",
        "objectid": 133,
        "official_name": "Wildcat Canyon Regional Park",
        "park_unit": "5",
        "source_object_id": 133,
        "status": "Landbank"
      },
      "type": "Feature"
    },
    {
      "geometry": {
        "coordinates": [
          [
            [
              [
                -122.30933,
                37.96001
              ],
              [
                -122.30788,
                37.96002
              ],
              [
                -122.30806,
                37.95592
              ],
              [
                -122.30836,
                37.95268
              ],
              [
                -122.30181,
                37.95271
              ],
              [
                -122.30203,
                37.955
              ],
              [
                -122.30014,
                37.95537
              ],
              [
                -122.29993,
                37.9545
              ],
              [
                -122.29941,
                37.95372
              ],
              [
                -122.29576,
                37.95489
              ],
              [
                -122.2981,
                37.9565
              ],
              [
                -122.29789,
                37.95656
              ],
              [
                -122.29793,
                37.95711
              ],
              [
                -122.29762,
                37.95711
              ],
              [
                -122.29605,
                37.95658
              ],
              [
                -122.29598,
                37.9563
              ],
              [
                -122.29435,
                37.95561
              ],
              [
                -122.29313,
                37.95385
              ],
              [
                -122.29285,
                37.95351
              ],
              [
                -122.29106,
                37.95448
              ],
              [
                -122.29042,
                37.95372
              ],
              [
                -122.2891,
                37.95336
              ],
              [
                -122.28742,
                37.9537
              ],
              [
                -122.28627,
                37.955
              ],
              [
                -122.285,
                37.95439
              ],
              [
                -122.2868,
                37.95237
              ],
              [
                -122.29074,
                37.95343
              ],
              [
                -122.29032,
                37.95279
              ],
              [
                -122.28826,
                37.952
              ],
              [
                -122.28689,
                37.95095
              ],
              [
                -122.28535,
                37.94813
              ],
              [
                -122.28468,
                37.94777
              ],
              [
                -122.28424,
                37.94692
              ],
              [
                -122.28143,
                37.94677
              ],
              [
                -122.27638,
                37.94093
              ],
              [
                -122.2721,
                37.93953
              ],
              [
                -122.2718,
                37.93776
              ],
              [
                -122.27063,
                37.93663
              ],
              [
                -122.27009,
                37.93545
              ],
              [
                -122.26895,
                37.93529
              ],
              [
                -122.26635,
                37.93395
              ],
              [
                -122.26485,
                37.93144
              ],
              [
                -122.264,
                37.92805
              ],
              [
                -122.26269,
                37.92589
              ],
              [
                -122.26184,
                37.92517
              ],
              [
                -122.26183,
                37.92454
              ],
              [
                -122.2628,
                37.92376
              ],
              [
                -122.26313,
                37.9228
              ],
              [
                -122.26313,
                37.92204
              ],
              [
                -122.26346,
                37.92149
              ],
              [
                -122.27062,
                37.92139
              ],
              [
                -122.27069,
                37.92393
              ],
              [
                -122.28113,
                37.91875
              ],
              [
                -122.28138,
                37.91916
              ],
              [
                -122.28207,
                37.91971
              ],
              [
                -122.28244,
                37.92013
              ],
              [
                -122.28273,
                37.91993
              ],
              [
                -122.283,
                37.9202
              ],
              [
                -122.28304,
                37.92034
              ],
              [
                -122.28342,
                37.92081
              ],
              [
                -122.286,
                37.92321
              ],
              [
                -122.2865,
                37.92394
              ],
              [
                -122.28683,
                37.9238
              ],
              [
                -122.28692,
                37.92385
              ],
              [
                -122.28715,
                37.9238
              ],
              [
                -122.28725,
                37.92427
              ],
              [
                -122.28751,
                37.92461
              ],
              [
                -122.28776,
                37.92474
              ],
              [
                -122.288,
                37.92473
              ],
              [
                -122.28832,
                37.92516
              ],
              [
                -122.28936,
                37.92548
              ],
              [
                -122.28964,
                37.92537
              ],
              [
                -122.29043,
                37.92609
              ],
              [
                -122.29019,
                37.92627
              ],
              [
                -122.29016,
                37.92715
              ],
              [
                -122.29067,
                37.92746
              ],
              [
                -122.29074,
                37.92743
              ],
              [
                -122.29117,
                37.92774
              ],
              [
                -122.29128,
                37.92764
              ],
              [
                -122.29187,
                37.9284
              ],
              [
                -122.29065,
                37.92925
              ],
              [
                -122.29225,
                37.93069
              ],
              [
                -122.2949,
                37.93158
              ],
              [
                -122.2952,
                37.93185
              ],
              [
                -122.29535,
                37.93176
              ],
              [
                -122.29557,
                37.93208
              ],
              [
                -122.2955,
                37.93212
              ],
              [
                -122.29622,
                37.93277
              ],
              [
                -122.29636,
                37.93299
              ],
              [
                -122.2972,
                37.93348
              ],
              [
                -122.2976,
                37.93383
              ],
              [
                -122.29771,
                37.93384
              ],
              [
                -122.29919,
                37.93517
              ],
              [
                -122.29964,
                37.93563
              ],
              [
                -122.30004,
                37.9356
              ],
              [
                -122.3002,
                37.93578
              ],
              [
                -122.3001,
                37.93608
              ],
              [
                -122.30328,
                37.93895
              ],
              [
                -122.3032,
                37.93913
              ],
              [
                -122.31042,
                37.94503
              ],
              [
                -122.31141,
                37.94388
              ],
              [
                -122.31163,
                37.94409
              ],
              [
                -122.31137,
                37.94431
              ],
              [
                -122.31219,
                37.94492
              ],
              [
                -122.31132,
                37.9456
              ],
              [
                -122.30992,
                37.9456
              ],
              [
                -122.3071,
                37.94488
              ],
              [
                -122.30723,
                37.9453
              ],
              [
                -122.30796,
                37.94622
              ],
              [
                -122.30832,
                37.94642
              ],
              [
                -122.30848,
                37.94682
              ],
              [
                -122.30869,
                37.94702
              ],
              [
                -122.30886,
                37.94743
              ],
              [
                -122.30961,
                37.94812
              ],
              [
                -122.31136,
                37.94882
              ],
              [
                -122.31135,
                37.9473
              ],
              [
                -122.31155,
                37.94719
              ],
              [
                -122.31193,
                37.94741
              ],
              [
                -122.31212,
                37.94712
              ],
              [
                -122.31229,
                37.94712
              ],
              [
                -122.31247,
                37.94687
              ],
              [
                -122.3123,
                37.94713
              ],
              [
                -122.3126,
                37.94738
              ],
              [
                -122.31252,
                37.94758
              ],
              [
                -122.31205,
                37.94758
              ],
              [
                -122.31234,
                37.9491
              ],
              [
                -122.31138,
                37.9495
              ],
              [
                -122.3114,
                37.95111
              ],
              [
                -122.3118,
                37.95121
              ],
              [
                -122.31179,
                37.95149
              ],
              [
                -122.31276,
                37.95194
              ],
              [
                -122.31319,
                37.95207
              ],
              [
                -122.3133,
                37.95189
              ],
              [
                -122.31357,
                37.95179
              ],
              [
                -122.31381,
                37.95189
              ],
              [
                -122.31432,
                37.95194
              ],
              [
                -122.31452,
                37.95186
              ],
              [
                -122.31459,
                37.95213
              ],
              [
                -122.31514,
                37.95189
              ],
              [
                -122.31548,
                37.95199
              ],
              [
                -122.31622,
                37.95173
              ],
              [
                -122.31631,
                37.95104
              ],
              [
                -122.3169,
                37.95112
              ],
              [
                -122.31755,
                37.9513
              ],
              [
                -122.3181,
                37.95132
              ],
              [
                -122.31872,
                37.95151
              ],
              [
                -122.31919,
                37.95152
              ],
              [
                -122.31946,
                37.95172
              ],
              [
                -122.32015,
                37.95178
              ],
              [
                -122.3206,
                37.95187
              ],
              [
                -122.32234,
                37.95134
              ],
              [
                -122.3226,
                37.95146
              ],
              [
                -122.32262,
                37.95174
              ],
              [
                -122.32242,
                37.95177
              ],
              [
                -122.32245,
                37.95189
              ],
              [
                -122.32304,
                37.95211
              ],
              [
                -122.32326,
                37.95232
              ],
              [
                -122.32337,
                37.95251
              ],
              [
                -122.32324,
                37.95251
              ],
              [
                -122.32324,
                37.95267
              ],
              [
                -122.32351,
                37.95266
              ],
              [
                -122.32392,
                37.95312
              ],
              [
                -122.32405,
                37.95308
              ],
              [
                -122.32445,
                37.95349
              ],
              [
                -122.32441,
                37.95355
              ],
              [
                -122.32442,
                37.95385
              ],
              [
                -122.32406,
                37.95393
              ],
              [
                -122.32383,
                37.95411
              ],
              [
                -122.32043,
                37.95412
              ],
              [
                -122.32043,
                37.95446
              ],
              [
                -122.31997,
                37.95449
              ],
              [
                -122.3197,
                37.95458
              ],
              [
                -122.31998,
                37.9549
              ],
              [
                -122.31968,
                37.95507
              ],
              [
                -122.31946,
                37.95504
              ],
              [
                -122.31949,
                37.95546
              ],
              [
                -122.31962,
                37.95562
              ],
              [
                -122.31926,
                37.95588
              ],
              [
                -122.31912,
                37.95582
              ],
              [
                -122.31887,
                37.95585
              ],
              [
                -122.31861,
                37.95598
              ],
              [
                -122.31851,
                37.95615
              ],
              [
                -122.31846,
                37.95612
              ],
              [
                -122.31835,
                37.95617
              ],
              [
                -122.31837,
                37.95628
              ],
              [
                -122.31685,
                37.95662
              ],
              [
                -122.31646,
                37.95665
              ],
              [
                -122.3167,
                37.95853
              ],
              [
                -122.3155,
                37.9589
              ],
              [
                -122.31558,
                37.95945
              ],
              [
                -122.31495,
                37.95964
              ],
              [
                -122.31232,
                37.96002
              ],
              [
                -122.30933,
                37.96001
              ]
            ]
          ],
          [
            [
              [
                -122.3118,
                37.95638
              ],
              [
                -122.31168,
                37.95613
              ],
              [
                -122.31035,
                37.95636
              ],
              [
                -122.31044,
                37.95681
              ],
              [
                -122.31079,
                37.95717
              ],
              [
                -122.31141,
                37.95755
              ],
              [
                -122.31182,
                37.95756
              ],
              [
                -122.31224,
                37.95784
              ],
              [
                -122.31295,
                37.95788
              ],
              [
                -122.31311,
                37.95713
              ],
              [
                -122.31323,
                37.95701
              ],
              [
                -122.31338,
                37.95698
              ],
              [
                -122.31293,
                37.95683
              ],
              [
                -122.31236,
                37.95676
              ],
              [
                -122.31212,
                37.95667
              ],
              [
                -122.3118,
                37.95638
              ]
            ]
          ],
          [
            [
              [
                -122.29998,
                37.95106
              ],
              [
                -122.29949,
                37.95094
              ],
              [
                -122.2985,
                37.95204
              ],
              [
                -122.29856,
                37.95218
              ],
              [
                -122.30018,
                37.95147
              ],
              [
                -122.29998,
                37.95106
              ]
            ]
          ],
          [
            [
              [
                -122.32491,
                37.9529
              ],
              [
                -122.32498,
                37.95283
              ],
              [
                -122.32527,
                37.95304
              ],
              [
                -122.32588,
                37.95327
              ],
              [
                -122.32573,
                37.95352
              ],
              [
                -122.32492,
                37.95307
              ],
              [
                -122.32482,
                37.95299
              ],
              [
                -122.32491,
                37.9529
              ]
            ]
          ]
        ],
        "type": "MultiPolygon"
      },
      "properties": {
        "feature_id": "ebrpd:134",
        "gis_acres": 2379.79316544,
        "name": "Wildcat Canyon",
        "objectid": 134,
        "official_name": "Wildcat Canyon Regional Park",
        "park_unit": "5",
        "source_object_id": 134,
        "status": "Parkland"
      },
      "type": "Feature"
    },
    {
      "geometry": {
        "coordinates": [
          [
            [
              -121.85129,
              37.97787
            ],
            [
              -121.85128,
              37.96873
            ],
            [
              -121.84223,
              37.96872
            ],
            [
              -121.83763,
              37.96866
            ],
            [
              -121.83761,
              37.96768
            ],
            [
              -121.83447,
              37.96601
            ],
            [
              -121.83384,
              37.96588
            ],
            [
              -121.83353,
              37.96573
            ],
            [
              -121.82387,
              37.96561
            ],
            [
              -121.82387,
              37.96573
            ],
            [
              -121.82256,
              37.96573
            ],
            [
              -121.82249,
              37.96552
            ],
            [
              -121.81655,
              37.96555
            ],
            [
              -121.81654,
              37.96532
            ],
            [
              -121.82143,
              37.96531
            ],
            [
              -121.82196,
              37.96525
            ],
            [
              -121.82235,
              37.96511
            ],
            [
              -121.82177,
              37.96332
            ],
            [
              -121.82186,
              37.96263
            ],
            [
              -121.8222,
              37.96185
            ],
            [
              -121.82288,
              37.96063
            ],
            [
              -121.82316,
              37.95986
            ],
            [
              -121.82323,
              37.95927
            ],
            [
              -121.82349,
              37.95835
            ],
            [
              -121.82342,
              37.95721
            ],
            [
              -121.82381,
              37.95659
            ],
            [
              -121.82385,
              37.956
            ],
            [
              -121.82404,
              37.95587
            ],
            [
              -121.82406,
              37.95459
            ],
            [
              -121.8225,
              37.95387
            ],
            [
              -121.82079,
              37.95291
            ],
            [
              -121.82098,
              37.95257
            ],
            [
              -121.82114,
              37.95241
            ],
            [
              -121.82158,
              37.95212
            ],
            [
              -121.82407,
              37.95109
            ],
            [
              -121.82404,
              37.93943
            ],
            [
              -121.8332,
              37.93921
            ],
            [
              -121.83337,
              37.93228
            ],
            [
              -121.84257,
              37.93235
            ],
            [
              -121.85166,
              37.93228
            ],
            [
              -121.85138,
              37.94665
            ],
            [
              -121.85605,
              37.94665
            ],
            [
              -121.85605,
              37.95029
            ],
            [
              -121.86054,
              37.95028
            ],
            [
              -121.86968,
              37.95004
            ],
            [
              -121.86974,
              37.9466
            ],
            [
              -121.89717,
              37.94667
            ],
            [
              -121.89713,
              37.95425
            ],
            [
              -121.89139,
              37.95429
            ],
            [
              -121.8912,
              37.95477
            ],
            [
              -121.89089,
              37.9553
            ],
            [
              -121.89001,
              37.9557
            ],
            [
              -121.88949,
              37.95623
            ],
            [
              -121.88936,
              37.95649
            ],
            [
              -121.88912,
              37.95678
            ],
            [
              -121.88887,
              37.95688
            ],
            [
              -121.8885,
              37.95716
            ],
            [
              -121.88846,
              37.95732
            ],
            [
              -121.88851,
              37.95743
            ],
            [
              -121.88892,
              37.95791
            ],
            [
              -121.88897,
              37.95847
            ],
            [
              -121.88915,
              37.95898
            ],
            [
              -121.88922,
              37.95984
            ],
            [
              -121.88918,
              37.96017
            ],
            [
              -121.88697,
              37.96015
            ],
            [
              -121.88395,
              37.96051
            ],
            [
              -121.8786,
              37.96054
            ],
            [
              -121.87839,
              37.97616
            ],
            [
              -121.8696,
              37.97599
            ],
            [
              -121.86164,
              37.97597
            ],
            [
              -121.86151,
              37.97616
            ],
            [
              -121.86036,
              37.97712
            ],
            [
              -121.86014,
              37.97752
            ],
            [
              -121.85983,
              37.97772
            ],
            [
              -121.8593,
              37.97796
            ],
            [
              -121.85874,
              37.97844
            ],
            [
              -121.85807,
              37.97893
            ],
            [
              -121.85758,
              37.97947
            ],
            [
              -121.85733,
              37.97998
            ],
            [
              -121.85726,
              37.98032
            ],
            [
              -121.85719,
              37.98039
            ],
            [
              -121.85684,
              37.98065
            ],
            [
              -121.85576,
              37.98093
            ],
            [
              -121.85533,
              37.9813
            ],
            [
              -121.85509,
              37.98178
            ],
            [
              -121.85457,
              37.9832
            ],
            [
              -121.85129,
              37.98322
            ],
            [
              -121.85129,
              37.97787
            ]
          ]
        ],
        "type": "Polygon"
      },
      "properties": {
        "feature_id": "ebrpd:15",
        "gis_acres": 4626.53097425,
        "name": "Black Diamond Mines",
        "objectid": 15,
        "official_name": "Black Diamond Mines Regional Preserve",
        "park_unit": "7",
        "source_object_id": 15,
        "status": "Parkland"
      },
      "type": "Feature"
    },
    {
      "geometry": {
        "coordinates": [
          [
            [
              [
                -122.07752,
                37.85265
              ],
              [
                -122.07726,
                37.85248
              ],
              [
                -122.08005,
                37.85423
              ],
              [
                -122.08016,
                37.85638
              ],
              [
                -122.0781,
                37.85643
              ],
              [
                -122.07829,
                37.85579
              ],
              [
                -122.07525,
                37.85356
              ],
              [
                -122.07119,
                37.85203
              ],
              [
                -122.06803,
                37.84947
              ],
              [
                -122.06748,
                37.84948
              ],
              [
                -122.06152,
                37.84591
              ],
              [
                -122.06152,
                37.83552
              ],
              [
                -122.07035,
                37.83554
              ],
              [
                -122.07913,
                37.83582
              ],
              [
                -122.0836,
                37.83577
              ],
              [
                -122.08347,
                37.83109
              ],
              [
                -122.08389,
                37.83109
              ],
              [
                -122.08412,
                37.83097
              ],
              [
                -122.08434,
                37.83093
              ],
              [
                -122.08452,
                37.83097
              ],
              [
                -122.085,
                37.83157
              ],
              [
                -122.08508,
                37.83144
              ],
              [
                -122.08536,
                37.83146
              ],
              [
                -122.0853,
                37.83155
              ],
              [
                -122.08539,
                37.83159
              ],
              [
                -122.08576,
                37.83144
              ],
              [
                -122.08602,
                37.83155
              ],
              [
                -122.08623,
                37.83175
              ],
              [
                -122.08649,
                37.83162
              ],
              [
                -122.08648,
                37.832
              ],
              [
                -122.08694,
                37.83222
              ],
              [
                -122.08688,
                37.83234
              ],
              [
                -122.08703,
                37.83251
              ],
              [
                -122.08715,
                37.83248
              ],
              [
                -122.08729,
                37.83268
              ],
              [
                -122.08747,
                37.83273
              ],
              [
                -122.08755,
                37.83294
              ],
              [
                -122.08805,
                37.83286
              ],
              [
                -122.08841,
                37.83262
              ],
              [
                -122.08873,
                37.83279
              ],
              [
                -122.08928,
                37.8329
              ],
              [
                -122.09009,
                37.83331
              ],
              [
                -122.09028,
                37.83355
              ],
              [
                -122.09052,
                37.83369
              ],
              [
                -122.09073,
                37.8341
              ],
              [
                -122.09106,
                37.83435
              ],
              [
                -122.09129,
                37.83437
              ],
              [
                -122.09154,
                37.83426
              ],
              [
                -122.09171,
                37.83429
              ],
              [
                -122.0919,
                37.83449
              ],
              [
                -122.09217,
                37.83465
              ],
              [
                -122.09207,
                37.83482
              ],
              [
                -122.09149,
                37.83713
              ],
              [
                -122.09251,
                37.83692
              ],
              [
                -122.09348,
                37.83753
              ],
              [
                -122.09375,
                37.8382
              ],
              [
                -122.09424,
                37.83844
              ],
              [
                -122.09259,
                37.83993
              ],
              [
                -122.09239,
                37.84026
              ],
              [
                -122.09209,
                37.84093
              ],
              [
                -122.09102,
                37.84036
              ],
              [
                -122.09062,
                37.84043
              ],
              [
                -122.0909,
                37.83927
              ],
              [
                -122.07921,
                37.8392
              ],
              [
                -122.07923,
                37.84052
              ],
              [
                -122.08038,
                37.84006
              ],
              [
                -122.08097,
                37.84007
              ],
              [
                -122.08097,
                37.84038
              ],
              [
                -122.08153,
                37.84206
              ],
              [
                -122.08217,
                37.84299
              ],
              [
                -122.08253,
                37.84376
              ],
              [
                -122.08386,
                37.84373
              ],
              [
                -122.08399,
                37.84936
              ],
              [
                -122.07964,
                37.84945
              ],
              [
                -122.0798,
                37.85092
              ],
              [
                -122.07942,
                37.85099
              ],
              [
                -122.07729,
                37.85225
              ],
              [
                -122.07752,
                37.85265
              ]
            ]
          ],
          [
            [
              [
                -122.09296,
                37.8386
              ],
              [
                -122.09311,
                37.8385
              ],
              [
                -122.09296,
                37.8386
              ],
              [
                -122.09278,
                37.83862
              ],
              [
                -122.09296,
                37.8386
              ]
            ]
          ],
          [
            [
              [
                -122.09394,
                37.83839
              ],
              [
                -122.09363,
                37.83824
              ],
              [
                -122.09363,
                37.83824
              ],
              [
                -122.09394,
                37.83839
              ]
            ]
          ],
          [
            [
              [
                -122.0919,
                37.83864
              ],
              [
                -122.09174,
                37.83861
              ],
              [
                -122.09135,
                37.83843
              ],
              [
                -122.09174,
                37.83861
              ],
              [
                -122.0919,
                37.83864
              ]
            ]
          ],
          [
            [
              [
                -122.0385,
                37.80782
              ],
              [
                -122.03835,
                37.80756
              ],
              [
                -122.0379,
                37.80712
              ],
              [
                -122.03707,
                37.80658
              ],
              [
                -122.03624,
                37.8059
              ],
              [
                -122.03571,
                37.80546
              ],
              [
                -122.03523,
                37.80489
              ],
              [
                -122.03479,
                37.80455
              ],
              [
                -122.03511,
                37.8044
              ],
              [
                -122.03495,
                37.80417
              ],
              [
                -122.03485,
                37.80376
              ],
              [
                -122.03452,
                37.80383
              ],
              [
                -122.03411,
                37.80334
              ],
              [
                -122.03431,
                37.80317
              ],
              [
                -122.03408,
                37.80289
              ],
              [
                -122.03417,
                37.80265
              ],
              [
                -122.03377,
                37.80255
              ],
              [
                -122.03371,
                37.80269
              ],
              [
                -122.03348,
                37.80262
              ],
              [
                -122.0339,
                37.80209
              ],
              [
                -122.03286,
                37.80159
              ],
              [
                -122.03297,
                37.80144
              ],
              [
                -122.03289,
                37.80132
              ],
              [
                -122.03333,
                37.80106
              ],
              [
                -122.03349,
                37.80089
              ],
              [
                -122.03372,
                37.80084
              ],
              [
                -122.03373,
                37.80066
              ],
              [
                -122.03347,
                37.80054
              ],
              [
                -122.03355,
                37.80039
              ],
              [
                -122.03251,
                37.79956
              ],
              [
                -122.03132,
                37.79892
              ],
              [
                -122.03205,
                37.79836
              ],
              [
                -122.03206,
                37.79676
              ],
              [
                -122.03094,
                37.79675
              ],
              [
                -122.03074,
                37.77882
              ],
              [
                -122.03464,
                37.77878
              ],
              [
                -122.03455,
                37.78592
              ],
              [
                -122.03992,
                37.78587
              ],
              [
                -122.03997,
                37.79388
              ],
              [
                -122.03991,
                37.80706
              ],
              [
                -122.03903,
                37.80763
              ],
              [
                -122.03893,
                37.80754
              ],
              [
                -122.03882,
                37.80755
              ],
              [
                -122.03877,
                37.80764
              ],
              [
                -122.03861,
                37.80761
              ],
              [
                -122.03852,
                37.80766
              ],
              [
                -122.0385,
                37.80782
              ]
            ]
          ],
          [
            [
              [
                -122.03632,
                37.79156
              ],
              [
                -122.03632,
                37.79156
              ],
              [
                -122.03632,
                37.79156
              ],
              [
                -122.03632,
                37.79156
              ]
            ]
          ],
          [
            [
              [
                -122.00558,
                37.79217
              ],
              [
                -122.00558,
                37.78861
              ],
              [
                -122.0062,
                37.78861
              ],
              [
                -122.00619,
                37.78836
              ],
              [
                -122.00758,
                37.78835
              ],
              [
                -122.01042,
                37.78851
              ],
              [
                -122.01016,
                37.78941
              ],
              [
                -122.01052,
                37.78936
              ],
              [
                -122.01065,
                37.7899
              ],
              [
                -122.01098,
                37.79025
              ],
              [
                -122.01212,
                37.79126
              ],
              [
                -122.01371,
                37.79218
              ],
              [
                -122.01422,
                37.79255
              ],
              [
                -122.01449,
                37.79266
              ],
              [
                -122.01453,
                37.80035
              ],
              [
                -122.00557,
                37.80049
              ],
              [
                -122.00545,
                37.7933
              ],
              [
                -122.00558,
                37.79217
              ]
            ]
          ],
          [
            [
              [
                -121.99385,
                37.79062
              ],
              [
                -121.99348,
                37.78944
              ],
              [
                -121.99288,
                37.78838
              ],
              [
                -121.99203,
                37.78848
              ],
              [
                -121.99188,
                37.7883
              ],
              [
                -121.99355,
                37.78741
              ],
              [
                -121.99276,
                37.78651
              ],
              [
                -121.99179,
                37.78703
              ],
              [
                -121.99127,
                37.78644
              ],
              [
                -121.99659,
                37.7863
              ],
              [
                -121.99656,
                37.79356
              ],
              [
                -121.99337,
                37.79365
              ],
              [
                -121.99389,
                37.79191
              ],
              [
                -121.99385,
                37.79062
              ]
            ]
          ],
          [
            [
              [
                -121.97521,
                37.78055
              ],
              [
                -121.97582,
                37.78041
              ],
              [
                -121.97658,
                37.7816
              ],
              [
                -121.9766,
                37.78185
              ],
              [
                -121.97685,
                37.78233
              ],
              [
                -121.97539,
                37.78292
              ],
              [
                -121.97413,
                37.78093
              ],
              [
                -121.97414,
                37.78089
              ],
              [
                -121.97455,
                37.78073
              ],
              [
                -121.97521,
                37.78055
              ]
            ]
          ]
        ],
        "type": "MultiPolygon"
      },
      "properties": {
        "feature_id": "ebrpd:151",
        "gis_acres": 1687.93272521,
        "name": "Las Trampas",
        "objectid": 151,
        "official_name": "Las Trampas Wilderness Regional Preserve",
        "park_unit": "6",
        "source_object_id": 151,
        "status": "Landbank"
      },
      "type": "Feature"
    },
    {
      "geometry": {
        "coordinates": [
          [
            [
              [
                -122.20271,
                38.02673
              ],
              [
                -122.20245,
                38.02662
              ],
              [
                -122.2021,
                38.02686
              ],
              [
                -122.20135,
                38.02653
              ],
              [
                -122.20094,
                38.02625
              ],
              [
                -122.20059,
                38.02618
              ],
              [
                -122.20015,
                38.02598
              ],
              [
                -122.20006,
                38.02582
              ],
              [
                -122.19891,
                38.02514
              ],
              [
                -122.19747,
                38.02392
              ],
              [
                -122.1971,
                38.02353
              ],
              [
                -122.19693,
                38.02349
              ],
              [
                -122.19607,
                38.02275
              ],
              [
                -122.19588,
                38.02254
              ],
              [
                -122.19565,
                38.02207
              ],
              [
                -122.19529,
                38.02032
              ],
              [
                -122.19527,
                38.01988
              ],
              [
                -122.19498,
                38.01934
              ],
              [
                -122.19452,
                38.01882
              ],
              [
                -122.19394,
                38.01839
              ],
              [
                -122.19325,
                38.01806
              ],
              [
                -122.19244,
                38.01785
              ],
              [
                -122.19187,
                38.01702
              ],
              [
                -122.19149,
                38.01666
              ],
              [
                -122.19333,
                38.01552
              ],
              [
                -122.19408,
                38.01552
              ],
              [
                -122.19521,
                38.01444
              ],
              [
                -122.19617,
                38.01447
              ],
              [
                -122.19669,
                38.01403
              ],
              [
                -122.19758,
                38.01365
              ],
              [
                -122.19855,
                38.01342
              ],
              [
                -122.1999,
                38.01345
              ],
              [
                -122.20173,
                38.01322
              ],
              [
                -122.20193,
                38.01327
              ],
              [
                -122.20193,
                38.01217
              ],
              [
                -122.20369,
                38.01148
              ],
              [
                -122.2044,
                38.01064
              ],
              [
                -122.20781,
                38.00949
              ],
              [
                -122.20886,
                38.01013
              ],
              [
                -122.20931,
                38.01008
              ],
              [
                -122.21086,
                38.00965
              ],
              [
                -122.21133,
                38.00874
              ],
              [
                -122.21271,
                38.0089
              ],
              [
                -122.21415,
                38.00921
              ],
              [
                -122.2142,
                38.00908
              ],
              [
                -122.21502,
                38.0092
              ],
              [
                -122.216,
                38.00919
              ],
              [
                -122.21599,
                38.01072
              ],
              [
                -122.20647,
                38.01078
              ],
              [
                -122.20626,
                38.02702
              ],
              [
                -122.20357,
                38.02724
              ],
              [
                -122.20305,
                38.02717
              ],
              [
                -122.20271,
                38.02673
              ]
            ]
          ],
          [
            [
              [
                -122.22062,
                38.04993
              ],
              [
                -122.22056,
                38.04977
              ],
              [
                -122.22051,
                38.04979
              ],
              [
                -122.22041,
                38.04961
              ],
              [
                -122.22046,
                38.0496
              ],
              [
                -122.22036,
                38.04943
              ],
              [
                -122.22031,
                38.04945
              ],
              [
                -122.22022,
                38.04931
              ],
              [
                -122.22027,
                38.04928
              ],
              [
                -122.22003,
                38.04899
              ],
              [
                -122.22008,
                38.04898
              ],
              [
                -122.21998,
                38.04881
              ],
              [
                -122.21869,
                38.04804
              ],
              [
                -122.21887,
                38.04767
              ],
              [
                -122.21895,
                38.04769
              ],
              [
                -122.21907,
                38.04737
              ],
              [
                -122.21903,
                38.04735
              ],
              [
                -122.21924,
                38.04704
              ],
              [
                -122.21913,
                38.04681
              ],
              [
                -122.21732,
                38.04608
              ],
              [
                -122.21679,
                38.04664
              ],
              [
                -122.21509,
                38.04661
              ],
              [
                -122.21377,
                38.04722
              ],
              [
                -122.21392,
                38.0476
              ],
              [
                -122.21376,
                38.04767
              ],
              [
                -122.21361,
                38.0473
              ],
              [
                -122.21204,
                38.04734
              ],
              [
                -122.21093,
                38.04728
              ],
              [
                -122.21044,
                38.04693
              ],
              [
                -122.20976,
                38.04631
              ],
              [
                -122.20603,
                38.04666
              ],
              [
                -122.2061,
                38.04205
              ],
              [
                -122.20686,
                38.04206
              ],
              [
                -122.20716,
                38.04156
              ],
              [
                -122.20654,
                38.0413
              ],
              [
                -122.20612,
                38.04137
              ],
              [
                -122.20611,
                38.03616
              ],
              [
                -122.20624,
                38.02854
              ],
              [
                -122.20709,
                38.02891
              ],
              [
                -122.21156,
                38.03271
              ],
              [
                -122.21492,
                38.03542
              ],
              [
                -122.21537,
                38.03593
              ],
              [
                -122.21577,
                38.03629
              ],
              [
                -122.21569,
                38.03659
              ],
              [
                -122.21535,
                38.0368
              ],
              [
                -122.21495,
                38.03675
              ],
              [
                -122.21429,
                38.03641
              ],
              [
                -122.21379,
                38.03606
              ],
              [
                -122.21371,
                38.03586
              ],
              [
                -122.21338,
                38.03563
              ],
              [
                -122.21176,
                38.03475
              ],
              [
                -122.21092,
                38.0346
              ],
              [
                -122.21003,
                38.03484
              ],
              [
                -122.20906,
                38.03518
              ],
              [
                -122.20875,
                38.03543
              ],
              [
                -122.20844,
                38.03598
              ],
              [
                -122.2086,
                38.03624
              ],
              [
                -122.20849,
                38.03701
              ],
              [
                -122.20895,
                38.03788
              ],
              [
                -122.20972,
                38.03868
              ],
              [
                -122.21038,
                38.03893
              ],
              [
                -122.21029,
                38.03929
              ],
              [
                -122.21044,
                38.03951
              ],
              [
                -122.21077,
                38.0395
              ],
              [
                -122.2113,
                38.03918
              ],
              [
                -122.21152,
                38.03921
              ],
              [
                -122.21314,
                38.03998
              ],
              [
                -122.214,
                38.04052
              ],
              [
                -122.21491,
                38.04167
              ],
              [
                -122.21541,
                38.04176
              ],
              [
                -122.21654,
                38.04279
              ],
              [
                -122.21793,
                38.04385
              ],
              [
                -122.21817,
                38.04418
              ],
              [
                -122.21854,
                38.04449
              ],
              [
                -122.21911,
                38.04536
              ],
              [
                -122.21953,
                38.04622
              ],
              [
                -122.22038,
                38.04776
              ],
              [
                -122.22077,
                38.04805
              ],
              [
                -122.22086,
                38.0482
              ],
              [
                -122.22091,
                38.04853
              ],
              [
                -122.22138,
                38.04929
              ],
              [
                -122.22114,
                38.05049
              ],
              [
                -122.22083,
                38.05056
              ],
              [
                -122.22057,
                38.04995
              ],
              [
                -122.22062,
                38.04993
              ]
            ]
          ],
          [
            [
              [
                -122.20268,
                38.04927
              ],
              [
                -122.20299,
                38.04876
              ],
              [
                -122.20432,
                38.0496
              ],
              [
                -122.20399,
                38.05025
              ],
              [
                -122.20461,
                38.05045
              ],
              [
                -122.20373,
                38.0521
              ],
              [
                -122.20299,
                38.0518
              ],
              [
                -122.20279,
                38.05163
              ],
              [
                -122.20266,
                38.0514
              ],
              [
                -122.2026,
                38.05106
              ],
              [
                -122.20272,
                38.05038
              ],
              [
                -122.20265,
                38.05025
              ],
              [
                -122.20252,
                38.05017
              ],
              [
                -122.2026,
                38.04996
              ],
              [
                -122.20268,
                38.04927
              ]
            ]
          ],
          [
            [
              [
                -122.20588,
                38.05305
              ],
              [
                -122.20537,
                38.0524
              ],
              [
                -122.20526,
                38.05232
              ],
              [
                -122.20508,
                38.05227
              ],
              [
                -122.20489,
                38.0523
              ],
              [
                -122.20475,
                38.0524
              ],
              [
                -122.20464,
                38.05256
              ],
              [
                -122.20452,
                38.05261
              ],
              [
                -122.20439,
                38.0526
              ],
              [
                -122.20376,
                38.05212
              ],
              [
                -122.20465,
                38.05046
              ],
              [
                -122.20598,
                38.0509
              ],
              [
                -122.20601,
                38.04839
              ],
              [
                -122.20896,
                38.04841
              ],
              [
                -122.21066,
                38.04928
              ],
              [
                -122.21016,
                38.04989
              ],
              [
                -122.20965,
                38.04922
              ],
              [
                -122.20893,
                38.04957
              ],
              [
                -122.20965,
                38.05052
              ],
              [
                -122.2089,
                38.05143
              ],
              [
                -122.20885,
                38.05175
              ],
              [
                -122.20881,
                38.05157
              ],
              [
                -122.20864,
                38.05144
              ],
              [
                -122.20844,
                38.05141
              ],
              [
                -122.20826,
                38.05146
              ],
              [
                -122.20794,
                38.05167
              ],
              [
                -122.20773,
                38.0519
              ],
              [
                -122.20761,
                38.05216
              ],
              [
                -122.20754,
                38.05248
              ],
              [
                -122.20745,
                38.0526
              ],
              [
                -122.20736,
                38.05264
              ],
              [
                -122.20682,
                38.05263
              ],
              [
                -122.20664,
                38.0527
              ],
              [
                -122.20611,
                38.05307
              ],
              [
                -122.20588,
                38.05305
              ]
            ]
          ]
        ],
        "type": "MultiPolygon"
      },
      "properties": {
        "feature_id": "ebrpd:154",
        "gis_acres": 750.58249308,
        "name": "Crockett Hills",
        "objectid": 154,
        "official_name": "Crockett Hills Regional Park",
        "park_unit": "5",
        "source_object_id": 154,
        "status": "Landbank"
      },
      "type": "Feature"
    },
    {
      "geometry": {
        "coordinates": [
          [
            [
              -122.1582,
              37.96595
            ],
            [
              -122.15717,
              37.96491
            ],
            [
              -122.15673,
              37.96529
            ],
            [
              -122.15595,
              37.96547
            ],
            [
              -122.15558,
              37.96547
            ],
            [
              -122.15507,
              37.964
            ],
            [
              -122.15431,
              37.96433
            ],
            [
              -122.15305,
              37.96303
            ],
            [
              -122.15056,
              37.96289
            ],
            [
              -122.14964,
              37.96256
            ],
            [
              -122.14889,
              37.96258
            ],
            [
              -122.14892,
              37.96201
            ],
            [
              -122.14909,
              37.96188
            ],
            [
              -122.14929,
              37.9619
            ],
            [
              -122.1494,
              37.96201
            ],
            [
              -122.14948,
              37.96236
            ],
            [
              -122.14964,
              37.96247
            ],
            [
              -122.14981,
              37.9625
            ],
            [
              -122.15021,
              37.96248
            ],
            [
              -122.15168,
              37.96213
            ],
            [
              -122.15177,
              37.962
            ],
            [
              -122.15176,
              37.96129
            ],
            [
              -122.15202,
              37.96077
            ],
            [
              -122.15197,
              37.96049
            ],
            [
              -122.15179,
              37.9603
            ],
            [
              -122.15588,
              37.95863
            ],
            [
              -122.15518,
              37.95768
            ],
            [
              -122.16059,
              37.95791
            ],
            [
              -122.16096,
              37.96577
            ],
            [
              -122.15987,
              37.96522
            ],
            [
              -122.1582,
              37.96595
            ]
          ]
        ],
        "type": "Polygon"
      },
      "properties": {
        "feature_id": "ebrpd:16",
        "gis_acres": 136.96526275,
        "name": "Briones",
        "objectid": 16,
        "official_name": "Briones Regional Park",
        "park_unit": "6",
        "source_object_id": 16,
        "status": "Landbank"
      },
      "type": "Feature"
    },
    {
      "geometry": {
        "coordinates": [
          [
            [
              [
                -122.11119,
                37.90499
              ],
              [
                -122.11106,
                37.90488
              ],
              [
                -122.11186,
                37.90393
              ],
              [
                -122.11299,
                37.90474
              ],
              [
                -122.11296,
                37.90574
              ],
              [
                -122.11322,
                37.90581
              ],
              [
                -122.11383,
                37.90567
              ],
              [
                -122.11488,
                37.90412
              ],
              [
                -122.1158,
                37.90463
              ],
              [
                -122.11564,
                37.90482
              ],
              [
                -122.11664,
                37.90536
              ],
              [
                -122.11685,
                37.90511
              ],
              [
                -122.11755,
                37.90465
              ],
              [
                -122.11755,
                37.90476
              ],
              [
                -122.12233,
                37.90585
              ],
              [
                -122.1233,
                37.90584
              ],
              [
                -122.12299,
                37.90642
              ],
              [
                -122.12395,
                37.9064
              ],
              [
                -122.12383,
                37.90584
              ],
              [
                -122.12496,
                37.90583
              ],
              [
                -122.12509,
                37.90673
              ],
              [
                -122.12723,
                37.9067
              ],
              [
                -122.12722,
                37.9061
              ],
              [
                -122.12748,
                37.90609
              ],
              [
                -122.12748,
                37.90591
              ],
              [
                -122.12747,
                37.90554
              ],
              [
                -122.12722,
                37.90554
              ],
              [
                -122.12717,
                37.90318
              ],
              [
                -122.12743,
                37.90317
              ],
              [
                -122.12743,
                37.90304
              ],
              [
                -122.12751,
                37.90308
              ],
              [
                -122.12758,
                37.90642
              ],
              [
                -122.12845,
                37.90641
              ],
              [
                -122.12853,
                37.9094
              ],
              [
                -122.14173,
                37.90945
              ],
              [
                -122.14172,
                37.91004
              ],
              [
                -122.14189,
                37.91009
              ],
              [
                -122.14209,
                37.91044
              ],
              [
                -122.1422,
                37.91046
              ],
              [
                -122.14264,
                37.9103
              ],
              [
                -122.14275,
                37.91032
              ],
              [
                -122.1428,
                37.91038
              ],
              [
                -122.14281,
                37.91068
              ],
              [
                -122.14285,
                37.91073
              ],
              [
                -122.14343,
                37.91092
              ],
              [
                -122.14369,
                37.91116
              ],
              [
                -122.14375,
                37.91058
              ],
              [
                -122.14365,
                37.91038
              ],
              [
                -122.14384,
                37.91024
              ],
              [
                -122.14403,
                37.9098
              ],
              [
                -122.14395,
                37.9096
              ],
              [
                -122.14403,
                37.90945
              ],
              [
                -122.14778,
                37.90946
              ],
              [
                -122.1466,
                37.91026
              ],
              [
                -122.14672,
                37.91112
              ],
              [
                -122.1519,
                37.91113
              ],
              [
                -122.1519,
                37.91238
              ],
              [
                -122.15116,
                37.91259
              ],
              [
                -122.15098,
                37.913
              ],
              [
                -122.15059,
                37.91319
              ],
              [
                -122.15015,
                37.91355
              ],
              [
                -122.14951,
                37.91367
              ],
              [
                -122.14909,
                37.91339
              ],
              [
                -122.14841,
                37.91364
              ],
              [
                -122.14789,
                37.91392
              ],
              [
                -122.14794,
                37.91422
              ],
              [
                -122.14771,
                37.91444
              ],
              [
                -122.1474,
                37.91459
              ],
              [
                -122.14681,
                37.91462
              ],
              [
                -122.14638,
                37.91475
              ],
              [
                -122.14609,
                37.91492
              ],
              [
                -122.14576,
                37.91484
              ],
              [
                -122.14506,
                37.91499
              ],
              [
                -122.14477,
                37.91524
              ],
              [
                -122.14402,
                37.91524
              ],
              [
                -122.14381,
                37.91536
              ],
              [
                -122.14337,
                37.9154
              ],
              [
                -122.14279,
                37.91562
              ],
              [
                -122.14238,
                37.9159
              ],
              [
                -122.14171,
                37.91598
              ],
              [
                -122.14171,
                37.91617
              ],
              [
                -122.14234,
                37.91753
              ],
              [
                -122.14489,
                37.91881
              ],
              [
                -122.14595,
                37.92014
              ],
              [
                -122.14749,
                37.92085
              ],
              [
                -122.1477,
                37.92117
              ],
              [
                -122.14988,
                37.9223
              ],
              [
                -122.15629,
                37.92165
              ],
              [
                -122.15623,
                37.92105
              ],
              [
                -122.15767,
                37.92053
              ],
              [
                -122.15839,
                37.9204
              ],
              [
                -122.16085,
                37.92043
              ],
              [
                -122.16167,
                37.92151
              ],
              [
                -122.1614,
                37.92269
              ],
              [
                -122.16102,
                37.92328
              ],
              [
                -122.16082,
                37.92599
              ],
              [
                -122.16073,
                37.926
              ],
              [
                -122.16039,
                37.92668
              ],
              [
                -122.16027,
                37.92681
              ],
              [
                -122.16003,
                37.92695
              ],
              [
                -122.15955,
                37.92704
              ],
              [
                -122.15849,
                37.9268
              ],
              [
                -122.15843,
                37.92693
              ],
              [
                -122.15935,
                37.92716
              ],
              [
                -122.15993,
                37.92714
              ],
              [
                -122.16025,
                37.92701
              ],
              [
                -122.16052,
                37.92678
              ],
              [
                -122.16086,
                37.92613
              ],
              [
                -122.16198,
                37.92599
              ],
              [
                -122.16254,
                37.92597
              ],
              [
                -122.16261,
                37.92604
              ],
              [
                -122.16292,
                37.92782
              ],
              [
                -122.16319,
                37.92839
              ],
              [
                -122.16359,
                37.92891
              ],
              [
                -122.16514,
                37.9302
              ],
              [
                -122.16553,
                37.93046
              ],
              [
                -122.16617,
                37.93069
              ],
              [
                -122.16614,
                37.93076
              ],
              [
                -122.16636,
                37.93081
              ],
              [
                -122.16652,
                37.93083
              ],
              [
                -122.16653,
                37.93078
              ],
              [
                -122.16709,
                37.93078
              ],
              [
                -122.16746,
                37.93073
              ],
              [
                -122.16788,
                37.93081
              ],
              [
                -122.16862,
                37.93117
              ],
              [
                -122.1688,
                37.9311
              ],
              [
                -122.16909,
                37.93076
              ],
              [
                -122.17044,
                37.93056
              ],
              [
                -122.17121,
                37.93055
              ],
              [
                -122.17378,
                37.93148
              ],
              [
                -122.17465,
                37.93209
              ],
              [
                -122.17495,
                37.93308
              ],
              [
                -122.17517,
                37.9332
              ],
              [
                -122.17595,
                37.9332
              ],
              [
                -122.17666,
                37.93346
              ],
              [
                -122.17817,
                37.93378
              ],
              [
                -122.17834,
                37.93407
              ],
              [
                -122.17861,
                37.93495
              ],
              [
                -122.17906,
                37.9357
              ],
              [
                -122.17965,
                37.93593
              ],
              [
                -122.18054,
                37.93646
              ],
              [
                -122.182,
                37.9368
              ],
              [
                -122.18218,
                37.93669
              ],
              [
                -122.18441,
                37.93667
              ],
              [
                -122.18559,
                37.93709
              ],
              [
                -122.18585,
                37.93731
              ],
              [
                -122.18606,
                37.93758
              ],
              [
                -122.18625,
                37.93856
              ],
              [
                -122.18588,
                37.93912
              ],
              [
                -122.18586,
                37.93953
              ],
              [
                -122.18556,
                37.93992
              ],
              [
                -122.17199,
                37.94016
              ],
              [
                -122.16998,
                37.94025
              ],
              [
                -122.16663,
                37.94028
              ],
              [
                -122.16663,
                37.94109
              ],
              [
                -122.16999,
                37.94162
              ],
              [
                -122.16938,
                37.94296
              ],
              [
                -122.16964,
                37.94302
              ],
              [
                -122.16689,
                37.94655
              ],
              [
                -122.1666,
                37.9463
              ],
              [
                -122.16646,
                37.94811
              ],
              [
                -122.16559,
                37.95149
              ],
              [
                -122.16513,
                37.9515
              ],
              [
                -122.16511,
                37.95249
              ],
              [
                -122.163,
                37.95253
              ],
              [
                -122.16404,
                37.95406
              ],
              [
                -122.16289,
                37.95407
              ],
              [
                -122.16164,
                37.9567
              ],
              [
                -122.16054,
                37.9567
              ],
              [
                -122.16059,
                37.95791
              ],
              [
                -122.15518,
                37.95768
              ],
              [
                -122.15588,
                37.95863
              ],
              [
                -122.15179,
                37.9603
              ],
              [
                -122.15197,
                37.96049
              ],
              [
                -122.15202,
                37.96077
              ],
              [
                -122.15176,
                37.96129
              ],
              [
                -122.15177,
                37.962
              ],
              [
                -122.15163,
                37.96216
              ],
              [
                -122.15021,
                37.96248
              ],
              [
                -122.14981,
                37.9625
              ],
              [
                -122.14964,
                37.96247
              ],
              [
                -122.14948,
                37.96236
              ],
              [
                -122.14935,
                37.96194
              ],
              [
                -122.14923,
                37.96188
              ],
              [
                -122.14909,
                37.96188
              ],
              [
                -122.14898,
                37.96193
              ],
              [
                -122.14891,
                37.96204
              ],
              [
                -122.14889,
                37.96258
              ],
              [
                -122.1485,
                37.96259
              ],
              [
                -122.14847,
                37.95761
              ],
              [
                -122.14352,
                37.95887
              ],
              [
                -122.14362,
                37.95908
              ],
              [
                -122.14403,
                37.95952
              ],
              [
                -122.14398,
                37.96034
              ],
              [
                -122.1436,
                37.96062
              ],
              [
                -122.14314,
                37.96185
              ],
              [
                -122.14347,
                37.96184
              ],
              [
                -122.14307,
                37.96269
              ],
              [
                -122.14284,
                37.96284
              ],
              [
                -122.1427,
                37.96282
              ],
              [
                -122.14214,
                37.96319
              ],
              [
                -122.14177,
                37.96332
              ],
              [
                -122.14179,
                37.96522
              ],
              [
                -122.1414,
                37.96526
              ],
              [
                -122.14018,
                37.96522
              ],
              [
                -122.13853,
                37.96478
              ],
              [
                -122.13854,
                37.96417
              ],
              [
                -122.13839,
                37.96385
              ],
              [
                -122.13838,
                37.9636
              ],
              [
                -122.13791,
                37.9634
              ],
              [
                -122.13756,
                37.96339
              ],
              [
                -122.13707,
                37.96321
              ],
              [
                -122.13533,
                37.96342
              ],
              [
                -122.13557,
                37.9629
              ],
              [
                -122.13442,
                37.96156
              ],
              [
                -122.13504,
                37.96057
              ],
              [
                -122.13451,
                37.96039
              ],
              [
                -122.13474,
                37.95911
              ],
              [
                -122.13317,
                37.95883
              ],
              [
                -122.13312,
                37.95847
              ],
              [
                -122.13326,
                37.95825
              ],
              [
                -122.13419,
                37.95848
              ],
              [
                -122.1345,
                37.9582
              ],
              [
                -122.13428,
                37.95789
              ],
              [
                -122.13455,
                37.95771
              ],
              [
                -122.13496,
                37.95766
              ],
              [
                -122.13568,
                37.9578
              ],
              [
                -122.13647,
                37.95815
              ],
              [
                -122.13726,
                37.95883
              ],
              [
                -122.13762,
                37.95877
              ],
              [
                -122.1379,
                37.95826
              ],
              [
                -122.13778,
                37.95799
              ],
              [
                -122.1371,
                37.95786
              ],
              [
                -122.13699,
                37.95774
              ],
              [
                -122.1374,
                37.95706
              ],
              [
                -122.13719,
                37.95692
              ],
              [
                -122.13651,
                37.95724
              ],
              [
                -122.13624,
                37.95709
              ],
              [
                -122.13594,
                37.9568
              ],
              [
                -122.13553,
                37.95656
              ],
              [
                -122.13529,
                37.95591
              ],
              [
                -122.13503,
                37.95561
              ],
              [
                -122.13495,
                37.95535
              ],
              [
                -122.13517,
                37.95482
              ],
              [
                -122.13487,
                37.95434
              ],
              [
                -122.13487,
                37.95409
              ],
              [
                -122.13474,
                37.95392
              ],
              [
                -122.13463,
                37.95387
              ],
              [
                -122.13452,
                37.9539
              ],
              [
                -122.13446,
                37.954
              ],
              [
                -122.13454,
                37.9541
              ],
              [
                -122.13471,
                37.95416
              ],
              [
                -122.13469,
                37.95438
              ],
              [
                -122.13498,
                37.95482
              ],
              [
                -122.13476,
                37.95532
              ],
              [
                -122.13488,
                37.95567
              ],
              [
                -122.13514,
                37.95597
              ],
              [
                -122.13541,
                37.95665
              ],
              [
                -122.13582,
                37.9569
              ],
              [
                -122.13615,
                37.95722
              ],
              [
                -122.13648,
                37.9574
              ],
              [
                -122.1372,
                37.95708
              ],
              [
                -122.1368,
                37.95775
              ],
              [
                -122.13699,
                37.95799
              ],
              [
                -122.13763,
                37.95811
              ],
              [
                -122.1377,
                37.95827
              ],
              [
                -122.1375,
                37.95865
              ],
              [
                -122.13731,
                37.95868
              ],
              [
                -122.13655,
                37.95803
              ],
              [
                -122.13574,
                37.95767
              ],
              [
                -122.13495,
                37.95752
              ],
              [
                -122.13451,
                37.95756
              ],
              [
                -122.13408,
                37.95783
              ],
              [
                -122.13428,
                37.95817
              ],
              [
                -122.13413,
                37.95832
              ],
              [
                -122.13318,
                37.95809
              ],
              [
                -122.13295,
                37.95847
              ],
              [
                -122.133,
                37.95877
              ],
              [
                -122.13233,
                37.96013
              ],
              [
                -122.13164,
                37.96087
              ],
              [
                -122.13202,
                37.96135
              ],
              [
                -122.13174,
                37.96169
              ],
              [
                -122.13216,
                37.96231
              ],
              [
                -122.13114,
                37.96337
              ],
              [
                -122.13048,
                37.96379
              ],
              [
                -122.13002,
                37.9638
              ],
              [
                -122.12968,
                37.96355
              ],
              [
                -122.12905,
                37.9638
              ],
              [
                -122.12871,
                37.9638
              ],
              [
                -122.12692,
                37.96134
              ],
              [
                -122.12494,
                37.9604
              ],
              [
                -122.12434,
                37.96177
              ],
              [
                -122.12384,
                37.96216
              ],
              [
                -122.12349,
                37.96276
              ],
              [
                -122.12316,
                37.96308
              ],
              [
                -122.12319,
                37.96313
              ],
              [
                -122.12303,
                37.96305
              ],
              [
                -122.12285,
                37.96366
              ],
              [
                -122.12276,
                37.96382
              ],
              [
                -122.12196,
                37.96462
              ],
              [
                -122.12193,
                37.96472
              ],
              [
                -122.12203,
                37.96529
              ],
              [
                -122.12153,
                37.96589
              ],
              [
                -122.12016,
                37.96514
              ],
              [
                -122.11911,
                37.96637
              ],
              [
                -122.11868,
                37.96595
              ],
              [
                -122.11712,
                37.96473
              ],
              [
                -122.11923,
                37.96304
              ],
              [
                -122.11852,
                37.96249
              ],
              [
                -122.12142,
                37.96034
              ],
              [
                -122.11971,
                37.96033
              ],
              [
                -122.1197,
                37.95973
              ],
              [
                -122.11897,
                37.95973
              ],
              [
                -122.11899,
                37.96033
              ],
              [
                -122.11736,
                37.96032
              ],
              [
                -122.11741,
                37.9555
              ],
              [
                -122.11749,
                37.95356
              ],
              [
                -122.11748,
                37.94956
              ],
              [
                -122.11732,
                37.94964
              ],
              [
                -122.11693,
                37.94887
              ],
              [
                -122.11574,
                37.94829
              ],
              [
                -122.11519,
                37.94694
              ],
              [
                -122.11371,
                37.94583
              ],
              [
                -122.11699,
                37.94491
              ],
              [
                -122.11794,
                37.94243
              ],
              [
                -122.11654,
                37.94112
              ],
              [
                -122.11502,
                37.94106
              ],
              [
                -122.11428,
                37.94164
              ],
              [
                -122.11291,
                37.94177
              ],
              [
                -122.10689,
                37.9426
              ],
              [
                -122.1072,
                37.94227
              ],
              [
                -122.10711,
                37.94182
              ],
              [
                -122.10822,
                37.94103
              ],
              [
                -122.10961,
                37.94139
              ],
              [
                -122.1106,
                37.94133
              ],
              [
                -122.11067,
                37.94118
              ],
              [
                -122.1087,
                37.9405
              ],
              [
                -122.10897,
                37.93993
              ],
              [
                -122.10919,
                37.93963
              ],
              [
                -122.10942,
                37.93939
              ],
              [
                -122.10969,
                37.93923
              ],
              [
                -122.10997,
                37.93889
              ],
              [
                -122.10972,
                37.93863
              ],
              [
                -122.11048,
                37.93806
              ],
              [
                -122.11107,
                37.93744
              ],
              [
                -122.11115,
                37.93749
              ],
              [
                -122.11146,
                37.93748
              ],
              [
                -122.11178,
                37.93712
              ],
              [
                -122.11188,
                37.93715
              ],
              [
                -122.11255,
                37.93691
              ],
              [
                -122.11207,
                37.93666
              ],
              [
                -122.11163,
                37.93697
              ],
              [
                -122.11135,
                37.93687
              ],
              [
                -122.11148,
                37.93667
              ],
              [
                -122.11205,
                37.93606
              ],
              [
                -122.11272,
                37.93596
              ],
              [
                -122.11279,
                37.93586
              ],
              [
                -122.11278,
                37.9358
              ],
              [
                -122.11319,
                37.93517
              ],
              [
                -122.11315,
                37.93515
              ],
              [
                -122.11251,
                37.93544
              ],
              [
                -122.11187,
                37.93562
              ],
              [
                -122.11141,
                37.93597
              ],
              [
                -122.11034,
                37.93725
              ],
              [
                -122.10886,
                37.93867
              ],
              [
                -122.10907,
                37.93885
              ],
              [
                -122.10887,
                37.939
              ],
              [
                -122.10858,
                37.93935
              ],
              [
                -122.10832,
                37.93926
              ],
              [
                -122.10806,
                37.93942
              ],
              [
                -122.10742,
                37.94013
              ],
              [
                -122.10597,
                37.94123
              ],
              [
                -122.10608,
                37.94152
              ],
              [
                -122.10519,
                37.94174
              ],
              [
                -122.10514,
                37.94163
              ],
              [
                -122.10477,
                37.94145
              ],
              [
                -122.1046,
                37.94115
              ],
              [
                -122.10403,
                37.94097
              ],
              [
                -122.10383,
                37.94108
              ],
              [
                -122.1035,
                37.94089
              ],
              [
                -122.10319,
                37.94078
              ],
              [
                -122.10324,
                37.94065
              ],
              [
                -122.1029,
                37.94029
              ],
              [
                -122.10269,
                37.9402
              ],
              [
                -122.10257,
                37.93993
              ],
              [
                -122.10208,
                37.93933
              ],
              [
                -122.10126,
                37.93951
              ],
              [
                -122.1013,
                37.93932
              ],
              [
                -122.1065,
                37.93812
              ],
              [
                -122.10674,
                37.93829
              ],
              [
                -122.10708,
                37.93828
              ],
              [
                -122.10732,
                37.93807
              ],
              [
                -122.1073,
                37.9378
              ],
              [
                -122.10707,
                37.93763
              ],
              [
                -122.1083,
                37.93657
              ],
              [
                -122.10935,
                37.93597
              ],
              [
                -122.11018,
                37.93532
              ],
              [
                -122.11131,
                37.9342
              ],
              [
                -122.11331,
                37.93249
              ],
              [
                -122.11341,
                37.9315
              ],
              [
                -122.11482,
                37.93102
              ],
              [
                -122.11465,
                37.93071
              ],
              [
                -122.11512,
                37.93054
              ],
              [
                -122.11398,
                37.92851
              ],
              [
                -122.11441,
                37.92862
              ],
              [
                -122.11499,
                37.92856
              ],
              [
                -122.11551,
                37.92877
              ],
              [
                -122.11568,
                37.92855
              ],
              [
                -122.11754,
                37.93003
              ],
              [
                -122.11795,
                37.92986
              ],
              [
                -122.11749,
                37.92785
              ],
              [
                -122.11813,
                37.92412
              ],
              [
                -122.11967,
                37.92413
              ],
              [
                -122.12101,
                37.92385
              ],
              [
                -122.12026,
                37.92368
              ],
              [
                -122.11956,
                37.92367
              ],
              [
                -122.11875,
                37.92343
              ],
              [
                -122.11875,
                37.91674
              ],
              [
                -122.11904,
                37.91671
              ],
              [
                -122.11853,
                37.9162
              ],
              [
                -122.11868,
                37.91624
              ],
              [
                -122.11868,
                37.91614
              ],
              [
                -122.1196,
                37.91635
              ],
              [
                -122.12002,
                37.91637
              ],
              [
                -122.12104,
                37.9166
              ],
              [
                -122.12163,
                37.91634
              ],
              [
                -122.12205,
                37.916
              ],
              [
                -122.12222,
                37.91576
              ],
              [
                -122.12239,
                37.91537
              ],
              [
                -122.12276,
                37.91433
              ],
              [
                -122.12684,
                37.91433
              ],
              [
                -122.12688,
                37.91198
              ],
              [
                -122.12123,
                37.91202
              ],
              [
                -122.12124,
                37.91124
              ],
              [
                -122.11585,
                37.91103
              ],
              [
                -122.11653,
                37.90963
              ],
              [
                -122.11333,
                37.9085
              ],
              [
                -122.11375,
                37.90773
              ],
              [
                -122.11397,
                37.90751
              ],
              [
                -122.11411,
                37.90715
              ],
              [
                -122.11336,
                37.90696
              ],
              [
                -122.11119,
                37.90499
              ]
            ]
          ],
          [
            [
              [
                -122.1387,
                37.96307
              ],
              [
                -122.13908,
                37.96359
              ],
              [
                -122.13929,
                37.96362
              ],
              [
                -122.13973,
                37.96342
              ],
              [
                -122.14026,
                37.96291
              ],
              [
                -122.14013,
                37.96275
              ],
              [
                -122.13935,
                37.96241
              ],
              [
                -122.13904,
                37.96245
              ],
              [
                -122.13868,
                37.96284
              ],
              [
                -122.1387,
                37.96307
              ]
            ]
          ],
          [
            [
              [
                -122.11106,
                37.90488
              ],
              [
                -122.10487,
                37.90797
              ],
              [
                -122.10451,
                37.90753
              ],
              [
                -122.10413,
                37.90772
              ],
              [
                -122.10388,
                37.90736
              ],
              [
                -122.10368,
                37.90745
              ],
              [
                -122.10356,
                37.90728
              ],
              [
                -122.10375,
                37.90719
              ],
              [
                -122.10353,
                37.90689
              ],
              [
                -122.10334,
                37.90697
              ],
              [
                -122.103,
                37.90649
              ],
              [
                -122.10072,
                37.90701
              ],
              [
                -122.09988,
                37.9053
              ],
              [
                -122.10019,
                37.90459
              ],
              [
                -122.09937,
                37.90413
              ],
              [
                -122.09895,
                37.90352
              ],
              [
                -122.09935,
                37.90342
              ],
              [
                -122.09921,
                37.90303
              ],
              [
                -122.1077,
                37.90123
              ],
              [
                -122.10837,
                37.90194
              ],
              [
                -122.11004,
                37.90392
              ],
              [
                -122.11106,
                37.90488
              ]
            ]
          ]
        ],
        "type": "MultiPolygon"
      },
      "properties": {
        "feature_id": "ebrpd:17",
        "gis_acres": 6086.55554522,
        "name": "Briones",
        "objectid": 17,
        "official_name": "Briones Regional Park",
        "park_unit": "6",
        "source_object_id": 17,
        "status": "Parkland"
      },
      "type": "Feature"
    },
    {
      "geometry": {
        "coordinates": [
          [
            [
              [
                -122.37689,
                37.90346
              ],
              [
                -122.35981,
                37.90125
              ],
              [
                -122.35983,
                37.9018
              ],
              [
                -122.35295,
                37.90189
              ],
              [
                -122.35288,
                37.89883
              ],
              [
                -122.3491,
                37.89468
              ],
              [
                -122.34903,
                37.8918
              ],
              [
                -122.35963,
                37.89378
              ],
              [
                -122.35969,
                37.89617
              ],
              [
                -122.3773,
                37.8995
              ],
              [
                -122.37689,
                37.90346
              ]
            ]
          ],
          [
            [
              [
                -122.33912,
                37.89846
              ],
              [
                -122.34141,
                37.89843
              ],
              [
                -122.34142,
                37.899
              ],
              [
                -122.33913,
                37.89904
              ],
              [
                -122.33912,
                37.89846
              ]
            ]
          ]
        ],
        "type": "MultiPolygon"
      },
      "properties": {
        "feature_id": "ebrpd:21",
        "gis_acres": 378.27766501,
        "name": "Brooks Island",
        "objectid": 21,
        "official_name": "Brooks Island Regional Preserve",
        "park_unit": "4",
        "source_object_id": 21,
        "status": "Parkland"
      },
      "type": "Feature"
    },
    {
      "geometry": {
        "coordinates": [
          [
            [
              -121.85093,
              38.03582
            ],
            [
              -121.85026,
              38.035
            ],
            [
              -121.85208,
              38.03389
            ],
            [
              -121.85369,
              38.03368
            ],
            [
              -121.85527,
              38.03273
            ],
            [
              -121.85877,
              38.03221
            ],
            [
              -121.86071,
              38.03229
            ],
            [
              -121.86308,
              38.03259
            ],
            [
              -121.86703,
              38.03278
            ],
            [
              -121.86923,
              38.03335
            ],
            [
              -121.87101,
              38.03433
            ],
            [
              -121.87409,
              38.03569
            ],
            [
              -121.87898,
              38.03837
            ],
            [
              -121.88015,
              38.03876
            ],
            [
              -121.87991,
              38.03947
            ],
            [
              -121.87888,
              38.03986
            ],
            [
              -121.87939,
              38.04058
            ],
            [
              -121.87832,
              38.04152
            ],
            [
              -121.87676,
              38.04096
            ],
            [
              -121.87541,
              38.04203
            ],
            [
              -121.87587,
              38.04278
            ],
            [
              -121.87564,
              38.04309
            ],
            [
              -121.8754,
              38.04357
            ],
            [
              -121.87323,
              38.04375
            ],
            [
              -121.87165,
              38.04436
            ],
            [
              -121.86987,
              38.04524
            ],
            [
              -121.86869,
              38.04557
            ],
            [
              -121.86678,
              38.04664
            ],
            [
              -121.86587,
              38.04648
            ],
            [
              -121.86464,
              38.04548
            ],
            [
              -121.86457,
              38.04549
            ],
            [
              -121.86459,
              38.04023
            ],
            [
              -121.86901,
              38.04024
            ],
            [
              -121.86903,
              38.03652
            ],
            [
              -121.86608,
              38.03563
            ],
            [
              -121.85991,
              38.03562
            ],
            [
              -121.8599,
              38.04022
            ],
            [
              -121.86441,
              38.04023
            ],
            [
              -121.8644,
              38.04552
            ],
            [
              -121.86291,
              38.0458
            ],
            [
              -121.86171,
              38.04609
            ],
            [
              -121.8609,
              38.04682
            ],
            [
              -121.861,
              38.04761
            ],
            [
              -121.86207,
              38.04829
            ],
            [
              -121.8618,
              38.04833
            ],
            [
              -121.86115,
              38.04802
            ],
            [
              -121.86067,
              38.04768
            ],
            [
              -121.86066,
              38.04741
            ],
            [
              -121.85878,
              38.04615
            ],
            [
              -121.85644,
              38.04436
            ],
            [
              -121.85515,
              38.04329
            ],
            [
              -121.85324,
              38.04206
            ],
            [
              -121.85257,
              38.04053
            ],
            [
              -121.85139,
              38.03899
            ],
            [
              -121.85149,
              38.03732
            ],
            [
              -121.85093,
              38.03582
            ]
          ]
        ],
        "type": "Polygon"
      },
      "properties": {
        "feature_id": "ebrpd:22",
        "gis_acres": 600.4844382,
        "name": "Browns Island",
        "objectid": 22,
        "official_name": "Browns Island Regional Preserve",
        "park_unit": "7",
        "source_object_id": 22,
        "status": "Parkland"
      },
      "type": "Feature"
    },
    {
      "geometry": {
        "coordinates": [
          [
            [
              [
                -121.7149,
                37.73572
              ],
              [
                -121.71492,
                37.73423
              ],
              [
                -121.72399,
                37.73426
              ],
              [
                -121.72396,
                37.73789
              ],
              [
                -121.71486,
                37.73785
              ],
              [
                -121.7149,
                37.73572
              ]
            ]
          ],
          [
            [
              [
                -121.70594,
                37.72812
              ],
              [
                -121.70137,
                37.7236
              ],
              [
                -121.70137,
                37.72326
              ],
              [
                -121.71058,
                37.72332
              ],
              [
                -121.71062,
                37.72633
              ],
              [
                -121.70979,
                37.72634
              ],
              [
                -121.70979,
                37.72673
              ],
              [
                -121.70594,
                37.72669
              ],
              [
                -121.70594,
                37.72812
              ]
            ]
          ],
          [
            [
              [
                -121.71144,
                37.73375
              ],
              [
                -121.70832,
                37.73055
              ],
              [
                -121.71167,
                37.73058
              ],
              [
                -121.7117,
                37.73104
              ],
              [
                -121.71187,
                37.73158
              ],
              [
                -121.71269,
                37.73313
              ],
              [
                -121.71144,
                37.73375
              ]
            ]
          ]
        ],
        "type": "MultiPolygon"
      },
      "properties": {
        "feature_id": "ebrpd:23",
        "gis_acres": 162.63750262,
        "name": "Brushy Peak",
        "objectid": 23,
        "official_name": "Brushy Peak Regional Preserve",
        "park_unit": "7",
        "source_object_id": 23,
        "status": "Landbank"
      },
      "type": "Feature"
    },
    {
      "geometry": {
        "coordinates": [
          [
            [
              [
                -121.69822,
                37.76909
              ],
              [
                -121.69816,
                37.7665
              ],
              [
                -121.69634,
                37.76648
              ],
              [
                -121.69659,
                37.75216
              ],
              [
                -121.69683,
                37.72439
              ],
              [
                -121.69752,
                37.72389
              ],
              [
                -121.69706,
                37.72323
              ],
              [
                -121.70137,
                37.72326
              ],
              [
                -121.70137,
                37.7236
              ],
              [
                -121.70594,
                37.72812
              ],
              [
                -121.71453,
                37.73691
              ],
              [
                -121.71385,
                37.73785
              ],
              [
                -121.70577,
                37.73784
              ],
              [
                -121.70582,
                37.74509
              ],
              [
                -121.7106,
                37.74508
              ],
              [
                -121.71074,
                37.74423
              ],
              [
                -121.71191,
                37.74311
              ],
              [
                -121.71257,
                37.74156
              ],
              [
                -121.71487,
                37.74157
              ],
              [
                -121.71472,
                37.75227
              ],
              [
                -121.71461,
                37.76669
              ],
              [
                -121.7105,
                37.76664
              ],
              [
                -121.70785,
                37.77383
              ],
              [
                -121.70875,
                37.77464
              ],
              [
                -121.70135,
                37.77589
              ],
              [
                -121.70051,
                37.77756
              ],
              [
                -121.69748,
                37.77843
              ],
              [
                -121.69736,
                37.77807
              ],
              [
                -121.698,
                37.77742
              ],
              [
                -121.69915,
                37.77717
              ],
              [
                -121.6994,
                37.77694
              ],
              [
                -121.69928,
                37.77669
              ],
              [
                -121.69889,
                37.77618
              ],
              [
                -121.69839,
                37.77575
              ],
              [
                -121.69812,
                37.77545
              ],
              [
                -121.69845,
                37.77507
              ],
              [
                -121.69866,
                37.77474
              ],
              [
                -121.69894,
                37.77343
              ],
              [
                -121.69884,
                37.77299
              ],
              [
                -121.69911,
                37.77242
              ],
              [
                -121.69937,
                37.77218
              ],
              [
                -121.69967,
                37.77178
              ],
              [
                -121.69983,
                37.77126
              ],
              [
                -121.69971,
                37.77078
              ],
              [
                -121.69925,
                37.77023
              ],
              [
                -121.69873,
                37.77001
              ],
              [
                -121.69822,
                37.76989
              ],
              [
                -121.69822,
                37.76909
              ]
            ]
          ],
          [
            [
              [
                -121.71452,
                37.7372
              ],
              [
                -121.71465,
                37.73702
              ],
              [
                -121.71487,
                37.73725
              ],
              [
                -121.71486,
                37.73785
              ],
              [
                -121.71407,
                37.73785
              ],
              [
                -121.71452,
                37.7372
              ]
            ]
          ]
        ],
        "type": "MultiPolygon"
      },
      "properties": {
        "feature_id": "ebrpd:24",
        "gis_acres": 1768.93772673,
        "name": "Brushy Peak",
        "objectid": 24,
        "official_name": "Brushy Peak Regional Preserve",
        "park_unit": "7",
        "source_object_id": 24,
        "status": "Parkland"
      },
      "type": "Feature"
    },
    {
      "geometry": {
        "coordinates": [
          [
            [
              [
                -122.17936,
                38.03554
              ],
              [
                -122.17902,
                38.03553
              ],
              [
                -122.17722,
                38.03587
              ],
              [
                -122.17703,
                38.03585
              ],
              [
                -122.17553,
                38.03541
              ],
              [
                -122.17536,
                38.03527
              ],
              [
                -122.17512,
                38.03492
              ],
              [
                -122.17509,
                38.03485
              ],
              [
                -122.17514,
                38.0347
              ],
              [
                -122.17528,
                38.0346
              ],
              [
                -122.176,
                38.03437
              ],
              [
                -122.17661,
                38.03432
              ],
              [
                -122.17676,
                38.0342
              ],
              [
                -122.1768,
                38.0341
              ],
              [
                -122.17681,
                38.034
              ],
              [
                -122.17673,
                38.03384
              ],
              [
                -122.17657,
                38.03374
              ],
              [
                -122.17585,
                38.0335
              ],
              [
                -122.17579,
                38.03339
              ],
              [
                -122.17587,
                38.033
              ],
              [
                -122.17571,
                38.0328
              ],
              [
                -122.17541,
                38.03274
              ],
              [
                -122.17485,
                38.03283
              ],
              [
                -122.17377,
                38.03262
              ],
              [
                -122.17281,
                38.03211
              ],
              [
                -122.17245,
                38.03181
              ],
              [
                -122.17245,
                38.03159
              ],
              [
                -122.17256,
                38.03151
              ],
              [
                -122.17422,
                38.03112
              ],
              [
                -122.17442,
                38.03099
              ],
              [
                -122.17465,
                38.0306
              ],
              [
                -122.18326,
                38.03289
              ],
              [
                -122.18329,
                38.03839
              ],
              [
                -122.18154,
                38.03823
              ],
              [
                -122.18101,
                38.03803
              ],
              [
                -122.1807,
                38.03777
              ],
              [
                -122.18056,
                38.03756
              ],
              [
                -122.17993,
                38.03592
              ],
              [
                -122.17967,
                38.03565
              ],
              [
                -122.17936,
                38.03554
              ]
            ]
          ],
          [
            [
              [
                -122.17409,
                38.03098
              ],
              [
                -122.17375,
                38.03106
              ],
              [
                -122.17298,
                38.0311
              ],
              [
                -122.1721,
                38.03105
              ],
              [
                -122.17298,
                38.0311
              ],
              [
                -122.17375,
                38.03106
              ],
              [
                -122.17246,
                38.03137
              ],
              [
                -122.17226,
                38.03152
              ],
              [
                -122.17222,
                38.03177
              ],
              [
                -122.1723,
                38.0319
              ],
              [
                -122.17268,
                38.03224
              ],
              [
                -122.17376,
                38.03281
              ],
              [
                -122.17475,
                38.033
              ],
              [
                -122.17544,
                38.03291
              ],
              [
                -122.17558,
                38.03293
              ],
              [
                -122.17568,
                38.03309
              ],
              [
                -122.17555,
                38.03335
              ],
              [
                -122.17564,
                38.03361
              ],
              [
                -122.17655,
                38.03393
              ],
              [
                -122.1766,
                38.03407
              ],
              [
                -122.17649,
                38.03418
              ],
              [
                -122.17592,
                38.03421
              ],
              [
                -122.1752,
                38.03444
              ],
              [
                -122.17496,
                38.0346
              ],
              [
                -122.17488,
                38.0348
              ],
              [
                -122.17491,
                38.03495
              ],
              [
                -122.17523,
                38.03542
              ],
              [
                -122.17563,
                38.03563
              ],
              [
                -122.17714,
                38.03604
              ],
              [
                -122.17736,
                38.03603
              ],
              [
                -122.17911,
                38.03567
              ],
              [
                -122.17936,
                38.03569
              ],
              [
                -122.17957,
                38.03579
              ],
              [
                -122.17971,
                38.03595
              ],
              [
                -122.18037,
                38.03762
              ],
              [
                -122.18053,
                38.03786
              ],
              [
                -122.18075,
                38.03807
              ],
              [
                -122.18116,
                38.0383
              ],
              [
                -122.18148,
                38.03839
              ],
              [
                -122.18332,
                38.03856
              ],
              [
                -122.18344,
                38.03867
              ],
              [
                -122.18341,
                38.03884
              ],
              [
                -122.18324,
                38.03893
              ],
              [
                -122.1814,
                38.03898
              ],
              [
                -122.1752,
                38.03755
              ],
              [
                -122.17468,
                38.03492
              ],
              [
                -122.1744,
                38.03427
              ],
              [
                -122.17395,
                38.03368
              ],
              [
                -122.17367,
                38.03342
              ],
              [
                -122.17336,
                38.03318
              ],
              [
                -122.17206,
                38.0324
              ],
              [
                -122.17144,
                38.03196
              ],
              [
                -122.17099,
                38.03145
              ],
              [
                -122.17027,
                38.03026
              ],
              [
                -122.17097,
                38.02968
              ],
              [
                -122.17133,
                38.02981
              ],
              [
                -122.17182,
                38.02981
              ],
              [
                -122.1723,
                38.02997
              ],
              [
                -122.17273,
                38.03029
              ],
              [
                -122.17302,
                38.03044
              ],
              [
                -122.17368,
                38.03052
              ],
              [
                -122.17439,
                38.03039
              ],
              [
                -122.17444,
                38.0305
              ],
              [
                -122.17418,
                38.03094
              ],
              [
                -122.17409,
                38.03098
              ]
            ]
          ],
          [
            [
              [
                -122.17202,
                38.03104
              ],
              [
                -122.17135,
                38.03094
              ],
              [
                -122.17098,
                38.03103
              ],
              [
                -122.17135,
                38.03094
              ],
              [
                -122.17202,
                38.03104
              ]
            ]
          ],
          [
            [
              [
                -122.17306,
                38.03343
              ],
              [
                -122.17288,
                38.0333
              ],
              [
                -122.17291,
                38.03325
              ],
              [
                -122.17345,
                38.03363
              ],
              [
                -122.1737,
                38.03387
              ],
              [
                -122.17391,
                38.03413
              ],
              [
                -122.17424,
                38.0347
              ],
              [
                -122.17441,
                38.03531
              ],
              [
                -122.17492,
                38.03794
              ],
              [
                -122.17507,
                38.03847
              ],
              [
                -122.17496,
                38.03851
              ],
              [
                -122.17459,
                38.03778
              ],
              [
                -122.17463,
                38.03777
              ],
              [
                -122.17463,
                38.03755
              ],
              [
                -122.17437,
                38.03688
              ],
              [
                -122.17417,
                38.0368
              ],
              [
                -122.17409,
                38.03667
              ],
              [
                -122.17402,
                38.03638
              ],
              [
                -122.17392,
                38.03628
              ],
              [
                -122.17339,
                38.03591
              ],
              [
                -122.17343,
                38.03544
              ],
              [
                -122.17334,
                38.03512
              ],
              [
                -122.17327,
                38.03442
              ],
              [
                -122.17319,
                38.0341
              ],
              [
                -122.17329,
                38.03379
              ],
              [
                -122.17326,
                38.03365
              ],
              [
                -122.17306,
                38.03343
              ]
            ]
          ],
          [
            [
              [
                -122.1698,
                38.03089
              ],
              [
                -122.17021,
                38.03076
              ],
              [
                -122.1707,
                38.03159
              ],
              [
                -122.16963,
                38.03197
              ],
              [
                -122.16908,
                38.0311
              ],
              [
                -122.1698,
                38.03089
              ]
            ]
          ],
          [
            [
              [
                -122.16495,
                38.0254
              ],
              [
                -122.16469,
                38.02523
              ],
              [
                -122.1651,
                38.02484
              ],
              [
                -122.16534,
                38.02498
              ],
              [
                -122.16515,
                38.02524
              ],
              [
                -122.16518,
                38.02551
              ],
              [
                -122.16492,
                38.02576
              ],
              [
                -122.16472,
                38.02562
              ],
              [
                -122.16495,
                38.0254
              ]
            ]
          ],
          [
            [
              [
                -122.1646,
                38.027
              ],
              [
                -122.16434,
                38.02685
              ],
              [
                -122.16449,
                38.02669
              ],
              [
                -122.16474,
                38.02685
              ],
              [
                -122.1646,
                38.027
              ]
            ]
          ]
        ],
        "type": "MultiPolygon"
      },
      "properties": {
        "feature_id": "ebrpd:29",
        "gis_acres": 163.27830094,
        "name": "Carquinez Strait Shoreline",
        "objectid": 29,
        "official_name": "Carquinez Strait Regional Shoreline",
        "park_unit": "5",
        "source_object_id": 29,
        "status": "Landbank"
      },
      "type": "Feature"
    },
    {
      "geometry": {
        "coordinates": [
          [
            [
              [
                -122.17009,
                37.80475
              ],
              [
                -122.17012,
                37.80474
              ],
              [
                -122.17012,
                37.8054
              ],
              [
                -122.16974,
                37.80553
              ],
              [
                -122.16947,
                37.80577
              ],
              [
                -122.16907,
                37.80588
              ],
              [
                -122.16907,
                37.80523
              ],
              [
                -122.16967,
                37.80506
              ],
              [
                -122.17009,
                37.80475
              ]
            ]
          ],
          [
            [
              [
                -122.16855,
                37.80539
              ],
              [
                -122.16858,
                37.80538
              ],
              [
                -122.16857,
                37.80605
              ],
              [
                -122.16833,
                37.80615
              ],
              [
                -122.16831,
                37.8055
              ],
              [
                -122.16855,
                37.80539
              ]
            ]
          ],
          [
            [
              [
                -122.16627,
                37.80624
              ],
              [
                -122.16627,
                37.80553
              ],
              [
                -122.16653,
                37.80562
              ],
              [
                -122.16652,
                37.80633
              ],
              [
                -122.16627,
                37.80624
              ]
            ]
          ]
        ],
        "type": "MultiPolygon"
      },
      "properties": {
        "feature_id": "ebrpd:3",
        "gis_acres": 2.37564086,
        "name": "Anthony Chabot",
        "objectid": 3,
        "official_name": "Anthony Chabot Regional Park",
        "park_unit": "3",
        "source_object_id": 3,
        "status": "Landbank"
      },
      "type": "Feature"
    },
    {
      "geometry": {
        "coordinates": [
          [
            [
              [
                -122.16234,
                38.02472
              ],
              [
                -122.16202,
                38.02473
              ],
              [
                -122.1616,
                38.02492
              ],
              [
                -122.16147,
                38.02493
              ],
              [
                -122.16106,
                38.0248
              ],
              [
                -122.16026,
                38.02445
              ],
              [
                -122.16006,
                38.02432
              ],
              [
                -122.15994,
                38.02415
              ],
              [
                -122.15993,
                38.02395
              ],
              [
                -122.16002,
                38.02368
              ],
              [
                -122.15996,
                38.02355
              ],
              [
                -122.1598,
                38.02345
              ],
              [
                -122.1596,
                38.02344
              ],
              [
                -122.15882,
                38.02371
              ],
              [
                -122.1586,
                38.02373
              ],
              [
                -122.15826,
                38.02358
              ],
              [
                -122.15817,
                38.02346
              ],
              [
                -122.15808,
                38.02312
              ],
              [
                -122.1579,
                38.02298
              ],
              [
                -122.15765,
                38.02298
              ],
              [
                -122.1574,
                38.02312
              ],
              [
                -122.15715,
                38.02319
              ],
              [
                -122.15679,
                38.02313
              ],
              [
                -122.15647,
                38.02296
              ],
              [
                -122.15625,
                38.02275
              ],
              [
                -122.15615,
                38.02248
              ],
              [
                -122.15623,
                38.02202
              ],
              [
                -122.15604,
                38.02185
              ],
              [
                -122.15583,
                38.02182
              ],
              [
                -122.15489,
                38.02211
              ],
              [
                -122.15365,
                38.0221
              ],
              [
                -122.15351,
                38.02206
              ],
              [
                -122.1534,
                38.02196
              ],
              [
                -122.15338,
                38.02182
              ],
              [
                -122.1535,
                38.02159
              ],
              [
                -122.15382,
                38.02119
              ],
              [
                -122.15378,
                38.02104
              ],
              [
                -122.15357,
                38.02092
              ],
              [
                -122.15278,
                38.021
              ],
              [
                -122.15214,
                38.02119
              ],
              [
                -122.15195,
                38.02115
              ],
              [
                -122.15178,
                38.02102
              ],
              [
                -122.1513,
                38.02084
              ],
              [
                -122.15094,
                38.02078
              ],
              [
                -122.15035,
                38.0208
              ],
              [
                -122.14979,
                38.02064
              ],
              [
                -122.14965,
                38.02056
              ],
              [
                -122.14959,
                38.02046
              ],
              [
                -122.14954,
                38.0198
              ],
              [
                -122.14963,
                38.01962
              ],
              [
                -122.14981,
                38.01949
              ],
              [
                -122.14992,
                38.01944
              ],
              [
                -122.15033,
                38.0194
              ],
              [
                -122.15047,
                38.01932
              ],
              [
                -122.15051,
                38.01912
              ],
              [
                -122.15039,
                38.019
              ],
              [
                -122.15009,
                38.01888
              ],
              [
                -122.14983,
                38.01884
              ],
              [
                -122.14919,
                38.01891
              ],
              [
                -122.14898,
                38.01897
              ],
              [
                -122.14834,
                38.01929
              ],
              [
                -122.14812,
                38.01935
              ],
              [
                -122.14782,
                38.01934
              ],
              [
                -122.14736,
                38.01886
              ],
              [
                -122.14718,
                38.01874
              ],
              [
                -122.14592,
                38.01816
              ],
              [
                -122.14684,
                38.0173
              ],
              [
                -122.14581,
                38.01647
              ],
              [
                -122.14449,
                38.01717
              ],
              [
                -122.14389,
                38.01674
              ],
              [
                -122.14369,
                38.01665
              ],
              [
                -122.14389,
                38.01651
              ],
              [
                -122.14411,
                38.01621
              ],
              [
                -122.14431,
                38.01621
              ],
              [
                -122.14464,
                38.01598
              ],
              [
                -122.14472,
                38.01596
              ],
              [
                -122.14508,
                38.01607
              ],
              [
                -122.14518,
                38.016
              ],
              [
                -122.14521,
                38.01579
              ],
              [
                -122.14546,
                38.01552
              ],
              [
                -122.14607,
                38.01523
              ],
              [
                -122.14607,
                38.01509
              ],
              [
                -122.14573,
                38.01517
              ],
              [
                -122.14569,
                38.01522
              ],
              [
                -122.14544,
                38.01523
              ],
              [
                -122.14532,
                38.01531
              ],
              [
                -122.14508,
                38.01527
              ],
              [
                -122.14499,
                38.01517
              ],
              [
                -122.14505,
                38.0147
              ],
              [
                -122.14499,
                38.01463
              ],
              [
                -122.14486,
                38.01462
              ],
              [
                -122.14493,
                38.01441
              ],
              [
                -122.14486,
                38.0139
              ],
              [
                -122.14489,
                38.0136
              ],
              [
                -122.14508,
                38.01334
              ],
              [
                -122.14508,
                38.01322
              ],
              [
                -122.14516,
                38.01312
              ],
              [
                -122.14523,
                38.01287
              ],
              [
                -122.14504,
                38.01238
              ],
              [
                -122.14503,
                38.01227
              ],
              [
                -122.14509,
                38.01212
              ],
              [
                -122.14505,
                38.01203
              ],
              [
                -122.14537,
                38.01116
              ],
              [
                -122.14607,
                38.01048
              ],
              [
                -122.14468,
                38.00964
              ],
              [
                -122.1439,
                38.00957
              ],
              [
                -122.14354,
                38.00936
              ],
              [
                -122.14293,
                38.00875
              ],
              [
                -122.14289,
                38.00856
              ],
              [
                -122.14264,
                38.00841
              ],
              [
                -122.1422,
                38.00848
              ],
              [
                -122.14178,
                38.00834
              ],
              [
                -122.14152,
                38.0084
              ],
              [
                -122.14145,
                38.00835
              ],
              [
                -122.14298,
                38.00719
              ],
              [
                -122.14313,
                38.00586
              ],
              [
                -122.13962,
                38.00744
              ],
              [
                -122.13942,
                38.00653
              ],
              [
                -122.13935,
                38.00538
              ],
              [
                -122.13917,
                38.00418
              ],
              [
                -122.13859,
                38.00357
              ],
              [
                -122.1386,
                38.00264
              ],
              [
                -122.13891,
                38.00246
              ],
              [
                -122.13781,
                38.00185
              ],
              [
                -122.1378,
                38.00178
              ],
              [
                -122.13794,
                38.00176
              ],
              [
                -122.1378,
                38.00177
              ],
              [
                -122.13834,
                38.00124
              ],
              [
                -122.13896,
                38.00128
              ],
              [
                -122.13856,
                38.00038
              ],
              [
                -122.13814,
                37.99829
              ],
              [
                -122.13648,
                37.99809
              ],
              [
                -122.13549,
                37.99709
              ],
              [
                -122.13582,
                37.99686
              ],
              [
                -122.13596,
                37.99664
              ],
              [
                -122.13842,
                37.99634
              ],
              [
                -122.13964,
                37.99483
              ],
              [
                -122.1397,
                37.99465
              ],
              [
                -122.13966,
                37.99446
              ],
              [
                -122.13947,
                37.99413
              ],
              [
                -122.13941,
                37.99408
              ],
              [
                -122.13929,
                37.99418
              ],
              [
                -122.13903,
                37.99403
              ],
              [
                -122.13881,
                37.99378
              ],
              [
                -122.13873,
                37.99244
              ],
              [
                -122.13813,
                37.99142
              ],
              [
                -122.13933,
                37.99172
              ],
              [
                -122.14162,
                37.99179
              ],
              [
                -122.14215,
                37.99235
              ],
              [
                -122.14188,
                37.99354
              ],
              [
                -122.14258,
                37.99597
              ],
              [
                -122.14451,
                37.99725
              ],
              [
                -122.14455,
                37.99734
              ],
              [
                -122.14298,
                37.9978
              ],
              [
                -122.14452,
                37.99935
              ],
              [
                -122.14486,
                37.99916
              ],
              [
                -122.14533,
                37.99943
              ],
              [
                -122.14574,
                37.99934
              ],
              [
                -122.14659,
                37.99989
              ],
              [
                -122.1467,
                37.99974
              ],
              [
                -122.14837,
                38.00131
              ],
              [
                -122.14884,
                38.00248
              ],
              [
                -122.15033,
                38.00243
              ],
              [
                -122.15106,
                38.00281
              ],
              [
                -122.15154,
                38.00405
              ],
              [
                -122.1534,
                38.00459
              ],
              [
                -122.15343,
                38.01019
              ],
              [
                -122.16114,
                38.01025
              ],
              [
                -122.1621,
                38.01283
              ],
              [
                -122.1636,
                38.01285
              ],
              [
                -122.17073,
                38.01803
              ],
              [
                -122.17155,
                38.01945
              ],
              [
                -122.16948,
                38.02069
              ],
              [
                -122.16855,
                38.02118
              ],
              [
                -122.16816,
                38.02149
              ],
              [
                -122.16712,
                38.02254
              ],
              [
                -122.1669,
                38.02284
              ],
              [
                -122.16656,
                38.02305
              ],
              [
                -122.16635,
                38.02298
              ],
              [
                -122.16611,
                38.02303
              ],
              [
                -122.16604,
                38.02297
              ],
              [
                -122.16538,
                38.02334
              ],
              [
                -122.16494,
                38.02371
              ],
              [
                -122.16481,
                38.02388
              ],
              [
                -122.16487,
                38.02391
              ],
              [
                -122.16453,
                38.0244
              ],
              [
                -122.16434,
                38.02459
              ],
              [
                -122.16436,
                38.02462
              ],
              [
                -122.16414,
                38.02476
              ],
              [
                -122.16331,
                38.02508
              ],
              [
                -122.16315,
                38.0251
              ],
              [
                -122.163,
                38.02506
              ],
              [
                -122.16264,
                38.02481
              ],
              [
                -122.16234,
                38.02472
              ]
            ]
          ],
          [
            [
              [
                -122.20599,
                38.05418
              ],
              [
                -122.20529,
                38.05401
              ],
              [
                -122.20498,
                38.05424
              ],
              [
                -122.20436,
                38.05409
              ],
              [
                -122.20424,
                38.05362
              ],
              [
                -122.20346,
                38.05343
              ],
              [
                -122.20302,
                38.05378
              ],
              [
                -122.19843,
                38.05281
              ],
              [
                -122.19816,
                38.05221
              ],
              [
                -122.19762,
                38.05215
              ],
              [
                -122.19715,
                38.05267
              ],
              [
                -122.19645,
                38.05264
              ],
              [
                -122.19645,
                38.05214
              ],
              [
                -122.1937,
                38.05204
              ],
              [
                -122.19371,
                38.05191
              ],
              [
                -122.1922,
                38.05186
              ],
              [
                -122.19218,
                38.05242
              ],
              [
                -122.19183,
                38.05239
              ],
              [
                -122.19193,
                38.05171
              ],
              [
                -122.19094,
                38.05148
              ],
              [
                -122.19015,
                38.05105
              ],
              [
                -122.19005,
                38.05116
              ],
              [
                -122.18889,
                38.0505
              ],
              [
                -122.18846,
                38.05096
              ],
              [
                -122.18765,
                38.0505
              ],
              [
                -122.18836,
                38.05056
              ],
              [
                -122.18895,
                38.04989
              ],
              [
                -122.18842,
                38.04945
              ],
              [
                -122.18706,
                38.04866
              ],
              [
                -122.18706,
                38.04858
              ],
              [
                -122.18689,
                38.04861
              ],
              [
                -122.18594,
                38.04826
              ],
              [
                -122.18509,
                38.04735
              ],
              [
                -122.18612,
                38.04706
              ],
              [
                -122.18594,
                38.04664
              ],
              [
                -122.18589,
                38.04666
              ],
              [
                -122.18577,
                38.04639
              ],
              [
                -122.18483,
                38.04665
              ],
              [
                -122.18507,
                38.04641
              ],
              [
                -122.18585,
                38.04603
              ],
              [
                -122.1867,
                38.04581
              ],
              [
                -122.18668,
                38.04575
              ],
              [
                -122.18795,
                38.0455
              ],
              [
                -122.18799,
                38.04562
              ],
              [
                -122.18853,
                38.04551
              ],
              [
                -122.19101,
                38.04618
              ],
              [
                -122.1911,
                38.04598
              ],
              [
                -122.19198,
                38.04654
              ],
              [
                -122.19364,
                38.04725
              ],
              [
                -122.19389,
                38.0473
              ],
              [
                -122.19427,
                38.04729
              ],
              [
                -122.19509,
                38.04703
              ],
              [
                -122.19539,
                38.04757
              ],
              [
                -122.19595,
                38.04737
              ],
              [
                -122.19566,
                38.04685
              ],
              [
                -122.19724,
                38.04632
              ],
              [
                -122.19739,
                38.04634
              ],
              [
                -122.19749,
                38.04644
              ],
              [
                -122.19756,
                38.0467
              ],
              [
                -122.19754,
                38.04677
              ],
              [
                -122.19687,
                38.04697
              ],
              [
                -122.19673,
                38.04709
              ],
              [
                -122.19667,
                38.04726
              ],
              [
                -122.19671,
                38.04741
              ],
              [
                -122.19679,
                38.0475
              ],
              [
                -122.19739,
                38.04783
              ],
              [
                -122.19761,
                38.04835
              ],
              [
                -122.19758,
                38.04849
              ],
              [
                -122.19724,
                38.0488
              ],
              [
                -122.19719,
                38.04894
              ],
              [
                -122.19722,
                38.04908
              ],
              [
                -122.19732,
                38.04921
              ],
              [
                -122.19799,
                38.04961
              ],
              [
                -122.19842,
                38.04971
              ],
              [
                -122.19922,
                38.05038
              ],
              [
                -122.19953,
                38.05045
              ],
              [
                -122.19986,
                38.05033
              ],
              [
                -122.20001,
                38.05008
              ],
              [
                -122.20009,
                38.04936
              ],
              [
                -122.20017,
                38.04929
              ],
              [
                -122.20033,
                38.04928
              ],
              [
                -122.2011,
                38.05025
              ],
              [
                -122.20127,
                38.05039
              ],
              [
                -122.20144,
                38.05046
              ],
              [
                -122.20169,
                38.05048
              ],
              [
                -122.20232,
                38.05029
              ],
              [
                -122.20248,
                38.05035
              ],
              [
                -122.20251,
                38.05047
              ],
              [
                -122.2024,
                38.05085
              ],
              [
                -122.2024,
                38.05123
              ],
              [
                -122.20252,
                38.05163
              ],
              [
                -122.20279,
                38.05191
              ],
              [
                -122.20353,
                38.05219
              ],
              [
                -122.20432,
                38.05276
              ],
              [
                -122.20464,
                38.05276
              ],
              [
                -122.20479,
                38.05268
              ],
              [
                -122.20495,
                38.05246
              ],
              [
                -122.20503,
                38.05243
              ],
              [
                -122.20517,
                38.05246
              ],
              [
                -122.20572,
                38.05316
              ],
              [
                -122.206,
                38.05326
              ],
              [
                -122.20621,
                38.05322
              ],
              [
                -122.20679,
                38.05283
              ],
              [
                -122.20706,
                38.05278
              ],
              [
                -122.20732,
                38.05281
              ],
              [
                -122.20762,
                38.0527
              ],
              [
                -122.20772,
                38.05258
              ],
              [
                -122.20784,
                38.05212
              ],
              [
                -122.20797,
                38.0519
              ],
              [
                -122.20836,
                38.05161
              ],
              [
                -122.20857,
                38.0516
              ],
              [
                -122.2086,
                38.05173
              ],
              [
                -122.20846,
                38.05229
              ],
              [
                -122.20857,
                38.05306
              ],
              [
                -122.20838,
                38.0533
              ],
              [
                -122.20823,
                38.0537
              ],
              [
                -122.20799,
                38.05414
              ],
              [
                -122.20798,
                38.05431
              ],
              [
                -122.20814,
                38.05454
              ],
              [
                -122.20799,
                38.05494
              ],
              [
                -122.20643,
                38.05457
              ],
              [
                -122.20649,
                38.05442
              ],
              [
                -122.20599,
                38.05429
              ],
              [
                -122.20599,
                38.05418
              ]
            ]
          ],
          [
            [
              [
                -122.18322,
                38.04605
              ],
              [
                -122.18299,
                38.04623
              ],
              [
                -122.18102,
                38.04493
              ],
              [
                -122.18025,
                38.04434
              ],
              [
                -122.17965,
                38.04364
              ],
              [
                -122.1779,
                38.04079
              ],
              [
                -122.17822,
                38.04079
              ],
              [
                -122.1787,
                38.04094
              ],
              [
                -122.1784,
                38.04004
              ],
              [
                -122.17854,
                38.0396
              ],
              [
                -122.17888,
                38.03911
              ],
              [
                -122.17908,
                38.03911
              ],
              [
                -122.17941,
                38.03922
              ],
              [
                -122.17991,
                38.03919
              ],
              [
                -122.18051,
                38.03935
              ],
              [
                -122.18181,
                38.04005
              ],
              [
                -122.18311,
                38.04143
              ],
              [
                -122.18391,
                38.04107
              ],
              [
                -122.18495,
                38.04121
              ],
              [
                -122.18608,
                38.04102
              ],
              [
                -122.1866,
                38.04108
              ],
              [
                -122.18688,
                38.04118
              ],
              [
                -122.18862,
                38.04209
              ],
              [
                -122.18898,
                38.0421
              ],
              [
                -122.18976,
                38.04194
              ],
              [
                -122.18996,
                38.04182
              ],
              [
                -122.19017,
                38.04151
              ],
              [
                -122.19027,
                38.04145
              ],
              [
                -122.19043,
                38.04147
              ],
              [
                -122.19073,
                38.04166
              ],
              [
                -122.19102,
                38.04172
              ],
              [
                -122.19092,
                38.04183
              ],
              [
                -122.1904,
                38.04202
              ],
              [
                -122.19006,
                38.04238
              ],
              [
                -122.18938,
                38.04276
              ],
              [
                -122.18884,
                38.04325
              ],
              [
                -122.18838,
                38.04342
              ],
              [
                -122.18827,
                38.04363
              ],
              [
                -122.1881,
                38.04355
              ],
              [
                -122.188,
                38.0437
              ],
              [
                -122.1882,
                38.04379
              ],
              [
                -122.18806,
                38.04399
              ],
              [
                -122.18768,
                38.04405
              ],
              [
                -122.18771,
                38.04414
              ],
              [
                -122.18751,
                38.04418
              ],
              [
                -122.1877,
                38.0448
              ],
              [
                -122.18695,
                38.04495
              ],
              [
                -122.18667,
                38.04492
              ],
              [
                -122.1867,
                38.045
              ],
              [
                -122.18636,
                38.04507
              ],
              [
                -122.18627,
                38.04481
              ],
              [
                -122.18606,
                38.04485
              ],
              [
                -122.18572,
                38.04492
              ],
              [
                -122.1858,
                38.04516
              ],
              [
                -122.18531,
                38.04529
              ],
              [
                -122.18527,
                38.04516
              ],
              [
                -122.18507,
                38.0452
              ],
              [
                -122.18508,
                38.04523
              ],
              [
                -122.18494,
                38.04526
              ],
              [
                -122.18497,
                38.04536
              ],
              [
                -122.1848,
                38.04539
              ],
              [
                -122.18477,
                38.0453
              ],
              [
                -122.18457,
                38.04534
              ],
              [
                -122.18447,
                38.04524
              ],
              [
                -122.1841,
                38.04532
              ],
              [
                -122.18349,
                38.0448
              ],
              [
                -122.18337,
                38.04533
              ],
              [
                -122.18363,
                38.04557
              ],
              [
                -122.18356,
                38.04552
              ],
              [
                -122.1835,
                38.04556
              ],
              [
                -122.18337,
                38.04571
              ],
              [
                -122.18341,
                38.04574
              ],
              [
                -122.18318,
                38.04592
              ],
              [
                -122.18343,
                38.04612
              ],
              [
                -122.18337,
                38.04617
              ],
              [
                -122.18322,
                38.04605
              ]
            ]
          ],
          [
            [
              [
                -122.16141,
                38.02568
              ],
              [
                -122.15359,
                38.02265
              ],
              [
                -122.1465,
                38.01984
              ],
              [
                -122.14655,
                38.01984
              ],
              [
                -122.14598,
                38.0195
              ],
              [
                -122.1458,
                38.01945
              ],
              [
                -122.1461,
                38.01906
              ],
              [
                -122.14625,
                38.01913
              ],
              [
                -122.14659,
                38.01866
              ],
              [
                -122.14713,
                38.01893
              ],
              [
                -122.14759,
                38.0194
              ],
              [
                -122.14789,
                38.01952
              ],
              [
                -122.14836,
                38.01947
              ],
              [
                -122.14902,
                38.01914
              ],
              [
                -122.14934,
                38.01905
              ],
              [
                -122.14991,
                38.01901
              ],
              [
                -122.15028,
                38.01914
              ],
              [
                -122.15032,
                38.01921
              ],
              [
                -122.15027,
                38.01925
              ],
              [
                -122.14995,
                38.01927
              ],
              [
                -122.14965,
                38.01938
              ],
              [
                -122.14948,
                38.01952
              ],
              [
                -122.14937,
                38.0197
              ],
              [
                -122.14934,
                38.01983
              ],
              [
                -122.14937,
                38.02042
              ],
              [
                -122.14946,
                38.02063
              ],
              [
                -122.14962,
                38.02075
              ],
              [
                -122.15029,
                38.02096
              ],
              [
                -122.15109,
                38.02095
              ],
              [
                -122.15167,
                38.02116
              ],
              [
                -122.15178,
                38.02126
              ],
              [
                -122.15204,
                38.02135
              ],
              [
                -122.15231,
                38.02132
              ],
              [
                -122.15296,
                38.02114
              ],
              [
                -122.15356,
                38.0211
              ],
              [
                -122.1536,
                38.02113
              ],
              [
                -122.15359,
                38.02121
              ],
              [
                -122.15334,
                38.02149
              ],
              [
                -122.15317,
                38.02182
              ],
              [
                -122.15325,
                38.02209
              ],
              [
                -122.1534,
                38.0222
              ],
              [
                -122.15364,
                38.02225
              ],
              [
                -122.15491,
                38.02227
              ],
              [
                -122.15596,
                38.02199
              ],
              [
                -122.15604,
                38.02209
              ],
              [
                -122.15593,
                38.02243
              ],
              [
                -122.156,
                38.02274
              ],
              [
                -122.15615,
                38.02294
              ],
              [
                -122.15665,
                38.02325
              ],
              [
                -122.1569,
                38.02334
              ],
              [
                -122.15715,
                38.02336
              ],
              [
                -122.15739,
                38.02331
              ],
              [
                -122.1577,
                38.02314
              ],
              [
                -122.15782,
                38.02313
              ],
              [
                -122.15789,
                38.02317
              ],
              [
                -122.15797,
                38.02351
              ],
              [
                -122.15809,
                38.02367
              ],
              [
                -122.15835,
                38.02383
              ],
              [
                -122.15865,
                38.02389
              ],
              [
                -122.15895,
                38.02384
              ],
              [
                -122.15961,
                38.0236
              ],
              [
                -122.15975,
                38.0236
              ],
              [
                -122.15982,
                38.02369
              ],
              [
                -122.15972,
                38.02395
              ],
              [
                -122.15975,
                38.0242
              ],
              [
                -122.15985,
                38.02438
              ],
              [
                -122.16008,
                38.02455
              ],
              [
                -122.16088,
                38.02492
              ],
              [
                -122.16127,
                38.02505
              ],
              [
                -122.16168,
                38.02508
              ],
              [
                -122.16196,
                38.02491
              ],
              [
                -122.16218,
                38.02487
              ],
              [
                -122.16248,
                38.02494
              ],
              [
                -122.16294,
                38.02527
              ],
              [
                -122.16325,
                38.02531
              ],
              [
                -122.16305,
                38.02584
              ],
              [
                -122.16272,
                38.02625
              ],
              [
                -122.16141,
                38.02568
              ]
            ]
          ],
          [
            [
              [
                -122.21028,
                38.05577
              ],
              [
                -122.20656,
                38.05517
              ],
              [
                -122.20647,
                38.05555
              ],
              [
                -122.20383,
                38.05514
              ],
              [
                -122.20015,
                38.05432
              ],
              [
                -122.20025,
                38.054
              ],
              [
                -122.19851,
                38.05368
              ],
              [
                -122.19868,
                38.05314
              ],
              [
                -122.20253,
                38.05394
              ],
              [
                -122.21028,
                38.05577
              ]
            ]
          ],
          [
            [
              [
                -122.24001,
                38.05634
              ],
              [
                -122.23999,
                38.05585
              ],
              [
                -122.24056,
                38.05586
              ],
              [
                -122.24118,
                38.05567
              ],
              [
                -122.24156,
                38.0554
              ],
              [
                -122.24228,
                38.05455
              ],
              [
                -122.24183,
                38.05437
              ],
              [
                -122.24149,
                38.05362
              ],
              [
                -122.24135,
                38.05301
              ],
              [
                -122.24142,
                38.05251
              ],
              [
                -122.24377,
                38.05319
              ],
              [
                -122.24397,
                38.05373
              ],
              [
                -122.24386,
                38.05393
              ],
              [
                -122.24395,
                38.05396
              ],
              [
                -122.24425,
                38.05395
              ],
              [
                -122.24432,
                38.05384
              ],
              [
                -122.2446,
                38.05376
              ],
              [
                -122.24533,
                38.05371
              ],
              [
                -122.24585,
                38.05396
              ],
              [
                -122.24585,
                38.0542
              ],
              [
                -122.24594,
                38.05422
              ],
              [
                -122.24595,
                38.05453
              ],
              [
                -122.24555,
                38.05454
              ],
              [
                -122.24553,
                38.05423
              ],
              [
                -122.2456,
                38.05423
              ],
              [
                -122.24559,
                38.05413
              ],
              [
                -122.24516,
                38.05393
              ],
              [
                -122.24466,
                38.05396
              ],
              [
                -122.24447,
                38.05402
              ],
              [
                -122.2443,
                38.05419
              ],
              [
                -122.24388,
                38.05423
              ],
              [
                -122.24325,
                38.05399
              ],
              [
                -122.24248,
                38.05407
              ],
              [
                -122.24268,
                38.05472
              ],
              [
                -122.24245,
                38.05478
              ],
              [
                -122.24255,
                38.05539
              ],
              [
                -122.24274,
                38.0557
              ],
              [
                -122.24262,
                38.05588
              ],
              [
                -122.2417,
                38.05597
              ],
              [
                -122.24149,
                38.05639
              ],
              [
                -122.24001,
                38.05634
              ]
            ]
          ],
          [
            [
              [
                -122.16919,
                38.02933
              ],
              [
                -122.16494,
                38.0273
              ],
              [
                -122.16533,
                38.02677
              ],
              [
                -122.16564,
                38.02715
              ],
              [
                -122.16582,
                38.02724
              ],
              [
                -122.16607,
                38.02728
              ],
              [
                -122.16607,
                38.0274
              ],
              [
                -122.1664,
                38.02738
              ],
              [
                -122.16667,
                38.02764
              ],
              [
                -122.16718,
                38.0278
              ],
              [
                -122.1673,
                38.02797
              ],
              [
                -122.16747,
                38.0281
              ],
              [
                -122.16754,
                38.02813
              ],
              [
                -122.16762,
                38.02802
              ],
              [
                -122.1691,
                38.02857
              ],
              [
                -122.16936,
                38.0286
              ],
              [
                -122.16961,
                38.02856
              ],
              [
                -122.16991,
                38.02842
              ],
              [
                -122.17014,
                38.02813
              ],
              [
                -122.1702,
                38.0278
              ],
              [
                -122.17027,
                38.02774
              ],
              [
                -122.17039,
                38.02777
              ],
              [
                -122.17056,
                38.02853
              ],
              [
                -122.17083,
                38.02893
              ],
              [
                -122.17076,
                38.02927
              ],
              [
                -122.17078,
                38.02943
              ],
              [
                -122.17097,
                38.02968
              ],
              [
                -122.17027,
                38.03026
              ],
              [
                -122.16981,
                38.02977
              ],
              [
                -122.16919,
                38.02933
              ]
            ]
          ],
          [
            [
              [
                -122.17936,
                38.03569
              ],
              [
                -122.17899,
                38.03569
              ],
              [
                -122.17894,
                38.03555
              ],
              [
                -122.17928,
                38.03552
              ],
              [
                -122.17952,
                38.03558
              ],
              [
                -122.17985,
                38.0358
              ],
              [
                -122.17997,
                38.03601
              ],
              [
                -122.18052,
                38.03747
              ],
              [
                -122.18033,
                38.03752
              ],
              [
                -122.17971,
                38.03595
              ],
              [
                -122.17957,
                38.03579
              ],
              [
                -122.17936,
                38.03569
              ]
            ]
          ],
          [
            [
              [
                -122.18403,
                38.04687
              ],
              [
                -122.18402,
                38.0469
              ],
              [
                -122.18396,
                38.04684
              ],
              [
                -122.18387,
                38.04687
              ],
              [
                -122.18482,
                38.04612
              ],
              [
                -122.18578,
                38.04594
              ],
              [
                -122.185,
                38.04632
              ],
              [
                -122.18473,
                38.04656
              ],
              [
                -122.18461,
                38.04674
              ],
              [
                -122.18455,
                38.04667
              ],
              [
                -122.18403,
                38.04687
              ]
            ]
          ],
          [
            [
              [
                -122.18622,
                38.04579
              ],
              [
                -122.18611,
                38.04584
              ],
              [
                -122.18611,
                38.04581
              ],
              [
                -122.18622,
                38.04579
              ]
            ]
          ],
          [
            [
              [
                -122.18611,
                38.04584
              ],
              [
                -122.18603,
                38.04587
              ],
              [
                -122.18603,
                38.04585
              ],
              [
                -122.18611,
                38.04584
              ]
            ]
          ]
        ],
        "type": "MultiPolygon"
      },
      "properties": {
        "feature_id": "ebrpd:30",
        "gis_acres": 1372.80667564,
        "name": "Carquinez Strait Shoreline",
        "objectid": 30,
        "official_name": "Carquinez Strait Regional Shoreline",
        "park_unit": "5",
        "source_object_id": 30,
        "status": "Parkland"
      },
      "type": "Feature"
    },
    {
      "geometry": {
        "coordinates": [
          [
            [
              [
                -121.99709,
                37.8967
              ],
              [
                -121.99643,
                37.89609
              ],
              [
                -121.99638,
                37.89612
              ],
              [
                -121.99442,
                37.89423
              ],
              [
                -121.99295,
                37.89272
              ],
              [
                -121.99318,
                37.8917
              ],
              [
                -121.99313,
                37.89147
              ],
              [
                -121.9924,
                37.89031
              ],
              [
                -121.99207,
                37.88991
              ],
              [
                -121.99175,
                37.88971
              ],
              [
                -121.99151,
                37.88935
              ],
              [
                -121.99198,
                37.88924
              ],
              [
                -121.99136,
                37.88845
              ],
              [
                -121.9913,
                37.88813
              ],
              [
                -121.9912,
                37.88798
              ],
              [
                -121.99124,
                37.88765
              ],
              [
                -121.99091,
                37.88743
              ],
              [
                -121.99127,
                37.88633
              ],
              [
                -121.99115,
                37.88617
              ],
              [
                -121.99137,
                37.88614
              ],
              [
                -121.99296,
                37.88831
              ],
              [
                -121.9931,
                37.88916
              ],
              [
                -121.99383,
                37.88948
              ],
              [
                -121.99451,
                37.88997
              ],
              [
                -121.99388,
                37.89051
              ],
              [
                -121.99449,
                37.89227
              ],
              [
                -121.99461,
                37.8931
              ],
              [
                -121.99481,
                37.894
              ],
              [
                -121.99519,
                37.89377
              ],
              [
                -121.99558,
                37.89423
              ],
              [
                -121.99736,
                37.89443
              ],
              [
                -121.9974,
                37.89568
              ],
              [
                -121.99856,
                37.89704
              ],
              [
                -121.99709,
                37.8967
              ]
            ]
          ],
          [
            [
              [
                -121.99681,
                37.89668
              ],
              [
                -121.99686,
                37.89665
              ],
              [
                -121.99702,
                37.8968
              ],
              [
                -121.99842,
                37.89713
              ],
              [
                -121.99878,
                37.89752
              ],
              [
                -121.99844,
                37.89776
              ],
              [
                -121.99818,
                37.89777
              ],
              [
                -121.99816,
                37.89787
              ],
              [
                -121.99757,
                37.89751
              ],
              [
                -121.99732,
                37.89741
              ],
              [
                -121.99694,
                37.89708
              ],
              [
                -121.99667,
                37.89676
              ],
              [
                -121.99681,
                37.89668
              ]
            ]
          ]
        ],
        "type": "MultiPolygon"
      },
      "properties": {
        "feature_id": "ebrpd:31",
        "gis_acres": 39.33660797,
        "name": "Castle Rock",
        "objectid": 31,
        "official_name": "Castle Rock Regional Recreation Area",
        "park_unit": "6",
        "source_object_id": 31,
        "status": "Parkland"
      },
      "type": "Feature"
    },
    {
      "geometry": {
        "coordinates": [
          [
            [
              [
                -122.23353,
                37.8645
              ],
              [
                -122.23371,
                37.86441
              ],
              [
                -122.23401,
                37.86474
              ],
              [
                -122.23388,
                37.86477
              ],
              [
                -122.23353,
                37.8645
              ]
            ]
          ],
          [
            [
              [
                -122.24174,
                37.86646
              ],
              [
                -122.24209,
                37.86644
              ],
              [
                -122.24209,
                37.86648
              ],
              [
                -122.24175,
                37.86658
              ],
              [
                -122.24174,
                37.86646
              ]
            ]
          ]
        ],
        "type": "MultiPolygon"
      },
      "properties": {
        "feature_id": "ebrpd:32",
        "gis_acres": 0.22012322,
        "name": "Claremont Canyon",
        "objectid": 32,
        "official_name": "Claremont Canyon Regional Preserve",
        "park_unit": "3",
        "source_object_id": 32,
        "status": "Landbank"
      },
      "type": "Feature"
    },
    {
      "geometry": {
        "coordinates": [
          [
            [
              [
                -122.22996,
                37.87003
              ],
              [
                -122.22855,
                37.86928
              ],
              [
                -122.22881,
                37.86913
              ],
              [
                -122.22905,
                37.86887
              ],
              [
                -122.22996,
                37.86815
              ],
              [
                -122.23045,
                37.86718
              ],
              [
                -122.23094,
                37.8666
              ],
              [
                -122.23115,
                37.86608
              ],
              [
                -122.23167,
                37.86527
              ],
              [
                -122.23238,
                37.86494
              ],
              [
                -122.23309,
                37.86544
              ],
              [
                -122.2332,
                37.86534
              ],
              [
                -122.23343,
                37.86525
              ],
              [
                -122.23367,
                37.86487
              ],
              [
                -122.23401,
                37.86474
              ],
              [
                -122.23371,
                37.86441
              ],
              [
                -122.23375,
                37.86438
              ],
              [
                -122.23539,
                37.864
              ],
              [
                -122.23533,
                37.86346
              ],
              [
                -122.2366,
                37.86312
              ],
              [
                -122.24377,
                37.86271
              ],
              [
                -122.24397,
                37.86274
              ],
              [
                -122.24408,
                37.86269
              ],
              [
                -122.24442,
                37.86267
              ],
              [
                -122.24442,
                37.86272
              ],
              [
                -122.24478,
                37.86286
              ],
              [
                -122.24496,
                37.86306
              ],
              [
                -122.24504,
                37.86336
              ],
              [
                -122.24554,
                37.86404
              ],
              [
                -122.24512,
                37.86439
              ],
              [
                -122.24489,
                37.86471
              ],
              [
                -122.24299,
                37.86483
              ],
              [
                -122.24306,
                37.86578
              ],
              [
                -122.2452,
                37.8658
              ],
              [
                -122.24555,
                37.86624
              ],
              [
                -122.24265,
                37.86641
              ],
              [
                -122.24252,
                37.86646
              ],
              [
                -122.24174,
                37.86646
              ],
              [
                -122.24175,
                37.86658
              ],
              [
                -122.24156,
                37.86667
              ],
              [
                -122.24153,
                37.86647
              ],
              [
                -122.23996,
                37.86656
              ],
              [
                -122.23996,
                37.86662
              ],
              [
                -122.23949,
                37.86673
              ],
              [
                -122.23906,
                37.86725
              ],
              [
                -122.23894,
                37.86726
              ],
              [
                -122.23856,
                37.86781
              ],
              [
                -122.23725,
                37.86773
              ],
              [
                -122.23626,
                37.86753
              ],
              [
                -122.23582,
                37.86861
              ],
              [
                -122.23452,
                37.86938
              ],
              [
                -122.23371,
                37.86943
              ],
              [
                -122.23257,
                37.8694
              ],
              [
                -122.2309,
                37.87053
              ],
              [
                -122.22996,
                37.87003
              ]
            ]
          ],
          [
            [
              [
                -122.21825,
                37.86323
              ],
              [
                -122.21859,
                37.86304
              ],
              [
                -122.21863,
                37.86307
              ],
              [
                -122.21864,
                37.86325
              ],
              [
                -122.21907,
                37.86354
              ],
              [
                -122.21936,
                37.86412
              ],
              [
                -122.21958,
                37.8644
              ],
              [
                -122.21967,
                37.8646
              ],
              [
                -122.21984,
                37.86476
              ],
              [
                -122.21825,
                37.86323
              ]
            ]
          ],
          [
            [
              [
                -122.21869,
                37.86311
              ],
              [
                -122.21923,
                37.86339
              ],
              [
                -122.21958,
                37.86384
              ],
              [
                -122.22027,
                37.8644
              ],
              [
                -122.22081,
                37.86473
              ],
              [
                -122.22102,
                37.86477
              ],
              [
                -122.2207,
                37.86508
              ],
              [
                -122.21989,
                37.86472
              ],
              [
                -122.21972,
                37.86456
              ],
              [
                -122.21961,
                37.86432
              ],
              [
                -122.21944,
                37.86413
              ],
              [
                -122.21914,
                37.86353
              ],
              [
                -122.21902,
                37.8634
              ],
              [
                -122.21874,
                37.86326
              ],
              [
                -122.21868,
                37.86318
              ],
              [
                -122.21869,
                37.86311
              ]
            ]
          ],
          [
            [
              [
                -122.22624,
                37.86783
              ],
              [
                -122.22707,
                37.86754
              ],
              [
                -122.22732,
                37.86759
              ],
              [
                -122.22765,
                37.86757
              ],
              [
                -122.22756,
                37.86737
              ],
              [
                -122.22698,
                37.86727
              ],
              [
                -122.22671,
                37.86701
              ],
              [
                -122.22669,
                37.86681
              ],
              [
                -122.2264,
                37.86666
              ],
              [
                -122.22626,
                37.86645
              ],
              [
                -122.22565,
                37.86631
              ],
              [
                -122.22562,
                37.86622
              ],
              [
                -122.22578,
                37.86566
              ],
              [
                -122.22575,
                37.86554
              ],
              [
                -122.22558,
                37.86543
              ],
              [
                -122.22497,
                37.86543
              ],
              [
                -122.22506,
                37.86523
              ],
              [
                -122.22499,
                37.86503
              ],
              [
                -122.22492,
                37.86497
              ],
              [
                -122.2248,
                37.86493
              ],
              [
                -122.22422,
                37.86495
              ],
              [
                -122.22316,
                37.86614
              ],
              [
                -122.22294,
                37.86615
              ],
              [
                -122.22286,
                37.86564
              ],
              [
                -122.22273,
                37.86545
              ],
              [
                -122.2226,
                37.86537
              ],
              [
                -122.22225,
                37.86528
              ],
              [
                -122.22207,
                37.86514
              ],
              [
                -122.22219,
                37.86472
              ],
              [
                -122.2222,
                37.86446
              ],
              [
                -122.22218,
                37.86431
              ],
              [
                -122.22207,
                37.86416
              ],
              [
                -122.22218,
                37.8641
              ],
              [
                -122.22311,
                37.86398
              ],
              [
                -122.22331,
                37.86392
              ],
              [
                -122.22349,
                37.8638
              ],
              [
                -122.22357,
                37.86358
              ],
              [
                -122.22345,
                37.8629
              ],
              [
                -122.22371,
                37.86267
              ],
              [
                -122.22375,
                37.86257
              ],
              [
                -122.22373,
                37.8624
              ],
              [
                -122.22383,
                37.86231
              ],
              [
                -122.22444,
                37.8628
              ],
              [
                -122.22449,
                37.86276
              ],
              [
                -122.22479,
                37.86303
              ],
              [
                -122.22514,
                37.8628
              ],
              [
                -122.22531,
                37.86239
              ],
              [
                -122.22566,
                37.86259
              ],
              [
                -122.22613,
                37.8627
              ],
              [
                -122.22733,
                37.86281
              ],
              [
                -122.22779,
                37.86364
              ],
              [
                -122.22989,
                37.8652
              ],
              [
                -122.22926,
                37.86598
              ],
              [
                -122.22992,
                37.86604
              ],
              [
                -122.23011,
                37.86611
              ],
              [
                -122.23077,
                37.86611
              ],
              [
                -122.23097,
                37.866
              ],
              [
                -122.22922,
                37.86837
              ],
              [
                -122.22888,
                37.86865
              ],
              [
                -122.22838,
                37.8689
              ],
              [
                -122.22806,
                37.86899
              ],
              [
                -122.22598,
                37.86788
              ],
              [
                -122.22624,
                37.86783
              ]
            ]
          ]
        ],
        "type": "MultiPolygon"
      },
      "properties": {
        "feature_id": "ebrpd:33",
        "gis_acres": 218.23015651,
        "name": "Claremont Canyon",
        "objectid": 33,
        "official_name": "Claremont Canyon Regional Preserve",
        "park_unit": "3",
        "source_object_id": 33,
        "status": "Parkland"
      },
      "type": "Feature"
    },
    {
      "geometry": {
        "coordinates": [
          [
            [
              -121.82203,
              37.97682
            ],
            [
              -121.81931,
              37.97683
            ],
            [
              -121.81838,
              37.97831
            ],
            [
              -121.81673,
              37.97716
            ],
            [
              -121.81286,
              37.97848
            ],
            [
              -121.8125,
              37.97869
            ],
            [
              -121.8119,
              37.97917
            ],
            [
              -121.81149,
              37.97809
            ],
            [
              -121.81327,
              37.97742
            ],
            [
              -121.81371,
              37.97702
            ],
            [
              -121.81407,
              37.9766
            ],
            [
              -121.81472,
              37.97571
            ],
            [
              -121.81463,
              37.96849
            ],
            [
              -121.8056,
              37.9685
            ],
            [
              -121.8056,
              37.96771
            ],
            [
              -121.8072,
              37.96767
            ],
            [
              -121.80792,
              37.96759
            ],
            [
              -121.8093,
              37.96726
            ],
            [
              -121.80995,
              37.96701
            ],
            [
              -121.81057,
              37.9667
            ],
            [
              -121.81206,
              37.96579
            ],
            [
              -121.81246,
              37.96564
            ],
            [
              -121.81289,
              37.96557
            ],
            [
              -121.82249,
              37.96552
            ],
            [
              -121.82256,
              37.96573
            ],
            [
              -121.82387,
              37.96573
            ],
            [
              -121.82387,
              37.96561
            ],
            [
              -121.83353,
              37.96573
            ],
            [
              -121.83384,
              37.96588
            ],
            [
              -121.83447,
              37.96601
            ],
            [
              -121.83761,
              37.96768
            ],
            [
              -121.8376,
              37.97593
            ],
            [
              -121.833,
              37.97585
            ],
            [
              -121.82582,
              37.97991
            ],
            [
              -121.82544,
              37.97988
            ],
            [
              -121.82531,
              37.97787
            ],
            [
              -121.82592,
              37.97733
            ],
            [
              -121.82203,
              37.97734
            ],
            [
              -121.82203,
              37.97682
            ]
          ]
        ],
        "type": "Polygon"
      },
      "properties": {
        "feature_id": "ebrpd:37",
        "gis_acres": 681.03066155,
        "name": "Contra Loma",
        "objectid": 37,
        "official_name": "Contra Loma Regional Park",
        "park_unit": "7",
        "source_object_id": 37,
        "status": "Parkland"
      },
      "type": "Feature"
    },
    {
      "geometry": {
        "coordinates": [
          [
            [
              -122.06992,
              37.54564
            ],
            [
              -122.07594,
              37.5433
            ],
            [
              -122.07775,
              37.5458
            ],
            [
              -122.07736,
              37.54654
            ],
            [
              -122.07657,
              37.54767
            ],
            [
              -122.06976,
              37.55031
            ],
            [
              -122.07004,
              37.54711
            ],
            [
              -122.07,
              37.54617
            ],
            [
              -122.06992,
              37.54564
            ]
          ]
        ],
        "type": "Polygon"
      },
      "properties": {
        "feature_id": "ebrpd:38",
        "gis_acres": 78.37953269,
        "name": "Coyote Hills",
        "objectid": 38,
        "official_name": "Coyote Hills Regional Park",
        "park_unit": "2",
        "source_object_id": 38,
        "status": "Landbank"
      },
      "type": "Feature"
    },
    {
      "geometry": {
        "coordinates": [
          [
            [
              -122.0662,
              37.56133
            ],
            [
              -122.06694,
              37.56052
            ],
            [
              -122.06579,
              37.55958
            ],
            [
              -122.06616,
              37.55899
            ],
            [
              -122.06761,
              37.55581
            ],
            [
              -122.06781,
              37.55583
            ],
            [
              -122.06808,
              37.55599
            ],
            [
              -122.06821,
              37.55586
            ],
            [
              -122.0677,
              37.55562
            ],
            [
              -122.06914,
              37.55248
            ],
            [
              -122.06954,
              37.55138
            ],
            [
              -122.0699,
              37.55126
            ],
            [
              -122.06983,
              37.5511
            ],
            [
              -122.06959,
              37.55117
            ],
            [
              -122.06965,
              37.55097
            ],
            [
              -122.07143,
              37.55028
            ],
            [
              -122.07139,
              37.55034
            ],
            [
              -122.07353,
              37.55075
            ],
            [
              -122.07484,
              37.55021
            ],
            [
              -122.07469,
              37.55005
            ],
            [
              -122.07622,
              37.54817
            ],
            [
              -122.07736,
              37.54654
            ],
            [
              -122.07775,
              37.5458
            ],
            [
              -122.07594,
              37.5433
            ],
            [
              -122.0788,
              37.54216
            ],
            [
              -122.07888,
              37.54229
            ],
            [
              -122.07997,
              37.54187
            ],
            [
              -122.08105,
              37.54231
            ],
            [
              -122.08276,
              37.54173
            ],
            [
              -122.08495,
              37.54296
            ],
            [
              -122.08654,
              37.54236
            ],
            [
              -122.08494,
              37.53996
            ],
            [
              -122.08444,
              37.54014
            ],
            [
              -122.0844,
              37.54007
            ],
            [
              -122.08389,
              37.54025
            ],
            [
              -122.08336,
              37.53937
            ],
            [
              -122.08275,
              37.53961
            ],
            [
              -122.08105,
              37.53908
            ],
            [
              -122.08016,
              37.53724
            ],
            [
              -122.07918,
              37.53716
            ],
            [
              -122.0787,
              37.53642
            ],
            [
              -122.07844,
              37.53638
            ],
            [
              -122.07783,
              37.53654
            ],
            [
              -122.07706,
              37.5362
            ],
            [
              -122.07681,
              37.53553
            ],
            [
              -122.0766,
              37.53533
            ],
            [
              -122.07681,
              37.53522
            ],
            [
              -122.07703,
              37.53542
            ],
            [
              -122.07725,
              37.53602
            ],
            [
              -122.07789,
              37.53632
            ],
            [
              -122.07859,
              37.53614
            ],
            [
              -122.07886,
              37.53617
            ],
            [
              -122.07935,
              37.53692
            ],
            [
              -122.08003,
              37.53698
            ],
            [
              -122.08037,
              37.53687
            ],
            [
              -122.08108,
              37.53642
            ],
            [
              -122.08157,
              37.53629
            ],
            [
              -122.08211,
              37.53651
            ],
            [
              -122.08306,
              37.53675
            ],
            [
              -122.08382,
              37.53707
            ],
            [
              -122.08413,
              37.53731
            ],
            [
              -122.0848,
              37.53747
            ],
            [
              -122.08525,
              37.53716
            ],
            [
              -122.08534,
              37.53685
            ],
            [
              -122.08553,
              37.5368
            ],
            [
              -122.08589,
              37.53753
            ],
            [
              -122.08636,
              37.53786
            ],
            [
              -122.08556,
              37.5389
            ],
            [
              -122.08581,
              37.53965
            ],
            [
              -122.08597,
              37.53992
            ],
            [
              -122.08756,
              37.53986
            ],
            [
              -122.08774,
              37.54006
            ],
            [
              -122.08732,
              37.54055
            ],
            [
              -122.08796,
              37.54401
            ],
            [
              -122.08992,
              37.54485
            ],
            [
              -122.09114,
              37.54653
            ],
            [
              -122.09218,
              37.54646
            ],
            [
              -122.09761,
              37.55087
            ],
            [
              -122.09701,
              37.55127
            ],
            [
              -122.09726,
              37.55476
            ],
            [
              -122.09843,
              37.55788
            ],
            [
              -122.09943,
              37.55925
            ],
            [
              -122.09893,
              37.56177
            ],
            [
              -122.09883,
              37.56196
            ],
            [
              -122.09806,
              37.56251
            ],
            [
              -122.09742,
              37.56232
            ],
            [
              -122.09714,
              37.56289
            ],
            [
              -122.09421,
              37.56206
            ],
            [
              -122.09372,
              37.56159
            ],
            [
              -122.09277,
              37.5613
            ],
            [
              -122.09222,
              37.56151
            ],
            [
              -122.09106,
              37.56122
            ],
            [
              -122.0811,
              37.56018
            ],
            [
              -122.08029,
              37.56023
            ],
            [
              -122.0795,
              37.56034
            ],
            [
              -122.07434,
              37.56136
            ],
            [
              -122.07096,
              37.56242
            ],
            [
              -122.06981,
              37.56273
            ],
            [
              -122.06882,
              37.56318
            ],
            [
              -122.06812,
              37.56362
            ],
            [
              -122.06758,
              37.56405
            ],
            [
              -122.06693,
              37.56471
            ],
            [
              -122.06663,
              37.56457
            ],
            [
              -122.0674,
              37.56379
            ],
            [
              -122.0662,
              37.56133
            ]
          ]
        ],
        "type": "Polygon"
      },
      "properties": {
        "feature_id": "ebrpd:39",
        "gis_acres": 1160.35562721,
        "name": "Coyote Hills",
        "objectid": 39,
        "official_name": "Coyote Hills Regional Park",
        "park_unit": "2",
        "source_object_id": 39,
        "status": "Parkland"
      },
      "type": "Feature"
    },
    {
      "geometry": {
        "coordinates": [
          [
            [
              [
                -122.16206,
                37.80332
              ],
              [
                -122.16181,
                37.80325
              ],
              [
                -122.16182,
                37.80393
              ],
              [
                -122.16159,
                37.80389
              ],
              [
                -122.16157,
                37.8032
              ],
              [
                -122.16149,
                37.80318
              ],
              [
                -122.16131,
                37.80318
              ],
              [
                -122.16131,
                37.80387
              ],
              [
                -122.16094,
                37.80389
              ],
              [
                -122.16066,
                37.80382
              ],
              [
                -122.16005,
                37.80329
              ],
              [
                -122.15848,
                37.80242
              ],
              [
                -122.15769,
                37.8019
              ],
              [
                -122.1573,
                37.80153
              ],
              [
                -122.157,
                37.80116
              ],
              [
                -122.15652,
                37.80076
              ],
              [
                -122.15619,
                37.80037
              ],
              [
                -122.15536,
                37.79979
              ],
              [
                -122.15475,
                37.79922
              ],
              [
                -122.15415,
                37.79893
              ],
              [
                -122.15267,
                37.79837
              ],
              [
                -122.15224,
                37.79831
              ],
              [
                -122.15163,
                37.79834
              ],
              [
                -122.15086,
                37.79817
              ],
              [
                -122.1504,
                37.79818
              ],
              [
                -122.14998,
                37.79834
              ],
              [
                -122.14969,
                37.79852
              ],
              [
                -122.14915,
                37.79917
              ],
              [
                -122.14862,
                37.79939
              ],
              [
                -122.14813,
                37.79974
              ],
              [
                -122.14651,
                37.79982
              ],
              [
                -122.14637,
                37.79986
              ],
              [
                -122.14599,
                37.8001
              ],
              [
                -122.14533,
                37.80022
              ],
              [
                -122.14422,
                37.80021
              ],
              [
                -122.14383,
                37.80006
              ],
              [
                -122.14276,
                37.79928
              ],
              [
                -122.142,
                37.7986
              ],
              [
                -122.14181,
                37.79851
              ],
              [
                -122.14107,
                37.79844
              ],
              [
                -122.14096,
                37.79838
              ],
              [
                -122.14054,
                37.79792
              ],
              [
                -122.14,
                37.79779
              ],
              [
                -122.13966,
                37.79763
              ],
              [
                -122.13953,
                37.79746
              ],
              [
                -122.13934,
                37.79704
              ],
              [
                -122.13922,
                37.79693
              ],
              [
                -122.1389,
                37.79683
              ],
              [
                -122.1384,
                37.79683
              ],
              [
                -122.13768,
                37.79657
              ],
              [
                -122.13661,
                37.79654
              ],
              [
                -122.13639,
                37.79647
              ],
              [
                -122.13623,
                37.79635
              ],
              [
                -122.13563,
                37.79553
              ],
              [
                -122.13516,
                37.79514
              ],
              [
                -122.1348,
                37.79464
              ],
              [
                -122.1335,
                37.79362
              ],
              [
                -122.13325,
                37.79297
              ],
              [
                -122.13292,
                37.79242
              ],
              [
                -122.13229,
                37.79182
              ],
              [
                -122.13227,
                37.79165
              ],
              [
                -122.13235,
                37.79144
              ],
              [
                -122.13233,
                37.79127
              ],
              [
                -122.13209,
                37.79096
              ],
              [
                -122.13194,
                37.79065
              ],
              [
                -122.13173,
                37.79052
              ],
              [
                -122.13147,
                37.79048
              ],
              [
                -122.1313,
                37.79038
              ],
              [
                -122.13092,
                37.78982
              ],
              [
                -122.13074,
                37.78929
              ],
              [
                -122.13018,
                37.78873
              ],
              [
                -122.12995,
                37.78843
              ],
              [
                -122.12952,
                37.78812
              ],
              [
                -122.1291,
                37.78757
              ],
              [
                -122.12905,
                37.78742
              ],
              [
                -122.12911,
                37.787
              ],
              [
                -122.12885,
                37.78646
              ],
              [
                -122.12875,
                37.78615
              ],
              [
                -122.12871,
                37.78581
              ],
              [
                -122.12861,
                37.78563
              ],
              [
                -122.12826,
                37.78527
              ],
              [
                -122.12812,
                37.78483
              ],
              [
                -122.12779,
                37.78444
              ],
              [
                -122.12765,
                37.7842
              ],
              [
                -122.12751,
                37.78386
              ],
              [
                -122.12754,
                37.7834
              ],
              [
                -122.12738,
                37.78301
              ],
              [
                -122.12732,
                37.78269
              ],
              [
                -122.1272,
                37.78255
              ],
              [
                -122.12706,
                37.78249
              ],
              [
                -122.12646,
                37.78247
              ],
              [
                -122.12618,
                37.78229
              ],
              [
                -122.12611,
                37.78218
              ],
              [
                -122.12616,
                37.78189
              ],
              [
                -122.12614,
                37.78167
              ],
              [
                -122.12584,
                37.78133
              ],
              [
                -122.12582,
                37.78088
              ],
              [
                -122.12553,
                37.78052
              ],
              [
                -122.12541,
                37.78023
              ],
              [
                -122.1253,
                37.78011
              ],
              [
                -122.12483,
                37.77996
              ],
              [
                -122.12454,
                37.77976
              ],
              [
                -122.12457,
                37.77949
              ],
              [
                -122.12454,
                37.77935
              ],
              [
                -122.12432,
                37.77891
              ],
              [
                -122.12409,
                37.77866
              ],
              [
                -122.12407,
                37.77854
              ],
              [
                -122.12417,
                37.77825
              ],
              [
                -122.12479,
                37.77753
              ],
              [
                -122.12488,
                37.77731
              ],
              [
                -122.12487,
                37.77713
              ],
              [
                -122.1247,
                37.77685
              ],
              [
                -122.12381,
                37.77587
              ],
              [
                -122.12348,
                37.77558
              ],
              [
                -122.12229,
                37.77474
              ],
              [
                -122.12188,
                37.77407
              ],
              [
                -122.12173,
                37.77392
              ],
              [
                -122.1215,
                37.77381
              ],
              [
                -122.12089,
                37.77375
              ],
              [
                -122.12054,
                37.77356
              ],
              [
                -122.11933,
                37.77217
              ],
              [
                -122.11928,
                37.77199
              ],
              [
                -122.11939,
                37.77164
              ],
              [
                -122.11935,
                37.77139
              ],
              [
                -122.11922,
                37.77123
              ],
              [
                -122.11882,
                37.77094
              ],
              [
                -122.11851,
                37.77043
              ],
              [
                -122.11836,
                37.77029
              ],
              [
                -122.11815,
                37.77018
              ],
              [
                -122.11791,
                37.77013
              ],
              [
                -122.11761,
                37.77014
              ],
              [
                -122.11743,
                37.77021
              ],
              [
                -122.11656,
                37.77086
              ],
              [
                -122.11593,
                37.77155
              ],
              [
                -122.11564,
                37.7717
              ],
              [
                -122.11533,
                37.7717
              ],
              [
                -122.11507,
                37.77157
              ],
              [
                -122.11492,
                37.77134
              ],
              [
                -122.11497,
                37.77063
              ],
              [
                -122.11491,
                37.7704
              ],
              [
                -122.11479,
                37.77023
              ],
              [
                -122.11421,
                37.76977
              ],
              [
                -122.11404,
                37.76958
              ],
              [
                -122.11404,
                37.76949
              ],
              [
                -122.11416,
                37.76938
              ],
              [
                -122.11478,
                37.76919
              ],
              [
                -122.11491,
                37.76906
              ],
              [
                -122.11498,
                37.76891
              ],
              [
                -122.11497,
                37.76873
              ],
              [
                -122.11488,
                37.76857
              ],
              [
                -122.11438,
                37.76808
              ],
              [
                -122.11331,
                37.76762
              ],
              [
                -122.11317,
                37.76747
              ],
              [
                -122.11302,
                37.76709
              ],
              [
                -122.11284,
                37.76693
              ],
              [
                -122.11206,
                37.76674
              ],
              [
                -122.11095,
                37.76657
              ],
              [
                -122.11067,
                37.76669
              ],
              [
                -122.1105,
                37.76697
              ],
              [
                -122.11031,
                37.76716
              ],
              [
                -122.11002,
                37.76722
              ],
              [
                -122.1097,
                37.76712
              ],
              [
                -122.10958,
                37.76696
              ],
              [
                -122.10956,
                37.76685
              ],
              [
                -122.10963,
                37.76655
              ],
              [
                -122.10979,
                37.76621
              ],
              [
                -122.10977,
                37.76592
              ],
              [
                -122.10949,
                37.76558
              ],
              [
                -122.10903,
                37.76537
              ],
              [
                -122.10877,
                37.76517
              ],
              [
                -122.10853,
                37.76482
              ],
              [
                -122.10844,
                37.7646
              ],
              [
                -122.1084,
                37.76378
              ],
              [
                -122.10852,
                37.76309
              ],
              [
                -122.10846,
                37.76286
              ],
              [
                -122.10807,
                37.76241
              ],
              [
                -122.1063,
                37.76067
              ],
              [
                -122.10594,
                37.76016
              ],
              [
                -122.10552,
                37.7598
              ],
              [
                -122.10483,
                37.75903
              ],
              [
                -122.10433,
                37.75873
              ],
              [
                -122.10343,
                37.75836
              ],
              [
                -122.10269,
                37.75789
              ],
              [
                -122.10251,
                37.75759
              ],
              [
                -122.10262,
                37.75701
              ],
              [
                -122.10259,
                37.75681
              ],
              [
                -122.10226,
                37.75646
              ],
              [
                -122.10196,
                37.75624
              ],
              [
                -122.10201,
                37.75551
              ],
              [
                -122.10198,
                37.75535
              ],
              [
                -122.10193,
                37.75524
              ],
              [
                -122.10144,
                37.75475
              ],
              [
                -122.10138,
                37.75456
              ],
              [
                -122.1012,
                37.75429
              ],
              [
                -122.10089,
                37.75417
              ],
              [
                -122.10042,
                37.75412
              ],
              [
                -122.09993,
                37.75394
              ],
              [
                -122.09909,
                37.75338
              ],
              [
                -122.09876,
                37.75325
              ],
              [
                -122.09832,
                37.75318
              ],
              [
                -122.0981,
                37.75306
              ],
              [
                -122.09796,
                37.75274
              ],
              [
                -122.09799,
                37.75211
              ],
              [
                -122.09787,
                37.75189
              ],
              [
                -122.09753,
                37.75159
              ],
              [
                -122.09737,
                37.7515
              ],
              [
                -122.09701,
                37.75142
              ],
              [
                -122.09629,
                37.75146
              ],
              [
                -122.09602,
                37.7514
              ],
              [
                -122.0959,
                37.75118
              ],
              [
                -122.09599,
                37.75063
              ],
              [
                -122.09593,
                37.75049
              ],
              [
                -122.09569,
                37.75025
              ],
              [
                -122.09525,
                37.74999
              ],
              [
                -122.09451,
                37.74986
              ],
              [
                -122.09424,
                37.74973
              ],
              [
                -122.09414,
                37.74961
              ],
              [
                -122.09398,
                37.74918
              ],
              [
                -122.09387,
                37.74902
              ],
              [
                -122.0937,
                37.74889
              ],
              [
                -122.09255,
                37.7484
              ],
              [
                -122.09045,
                37.74711
              ],
              [
                -122.09011,
                37.74684
              ],
              [
                -122.08975,
                37.74644
              ],
              [
                -122.0894,
                37.74615
              ],
              [
                -122.08871,
                37.74573
              ],
              [
                -122.0886,
                37.74562
              ],
              [
                -122.0885,
                37.74512
              ],
              [
                -122.08838,
                37.74479
              ],
              [
                -122.08806,
                37.74424
              ],
              [
                -122.08761,
                37.74383
              ],
              [
                -122.08707,
                37.74343
              ],
              [
                -122.08698,
                37.74279
              ],
              [
                -122.08688,
                37.7426
              ],
              [
                -122.08674,
                37.74241
              ],
              [
                -122.0862,
                37.74202
              ],
              [
                -122.0861,
                37.7419
              ],
              [
                -122.08609,
                37.74174
              ],
              [
                -122.08618,
                37.74131
              ],
              [
                -122.08617,
                37.74119
              ],
              [
                -122.08602,
                37.74087
              ],
              [
                -122.08566,
                37.74038
              ],
              [
                -122.0851,
                37.74006
              ],
              [
                -122.08501,
                37.7399
              ],
              [
                -122.08495,
                37.73951
              ],
              [
                -122.08462,
                37.7391
              ],
              [
                -122.08461,
                37.73873
              ],
              [
                -122.08645,
                37.73912
              ],
              [
                -122.08463,
                37.73544
              ],
              [
                -122.08404,
                37.73528
              ],
              [
                -122.08325,
                37.73531
              ],
              [
                -122.08158,
                37.73463
              ],
              [
                -122.08167,
                37.73404
              ],
              [
                -122.08379,
                37.73317
              ],
              [
                -122.08422,
                37.73154
              ],
              [
                -122.08244,
                37.72822
              ],
              [
                -122.08262,
                37.72762
              ],
              [
                -122.08329,
                37.72744
              ],
              [
                -122.08368,
                37.72813
              ],
              [
                -122.08489,
                37.72985
              ],
              [
                -122.08614,
                37.73095
              ],
              [
                -122.08894,
                37.73164
              ],
              [
                -122.08947,
                37.7315
              ],
              [
                -122.09088,
                37.73193
              ],
              [
                -122.09283,
                37.73192
              ],
              [
                -122.09355,
                37.73267
              ],
              [
                -122.09419,
                37.7322
              ],
              [
                -122.09517,
                37.73362
              ],
              [
                -122.09667,
                37.73403
              ],
              [
                -122.09781,
                37.73445
              ],
              [
                -122.09851,
                37.73429
              ],
              [
                -122.09956,
                37.73443
              ],
              [
                -122.09923,
                37.73312
              ],
              [
                -122.09854,
                37.73242
              ],
              [
                -122.09776,
                37.73201
              ],
              [
                -122.09826,
                37.73167
              ],
              [
                -122.09886,
                37.73207
              ],
              [
                -122.10153,
                37.73293
              ],
              [
                -122.10124,
                37.73171
              ],
              [
                -122.10176,
                37.73173
              ],
              [
                -122.10364,
                37.73081
              ],
              [
                -122.10653,
                37.72677
              ],
              [
                -122.10767,
                37.72654
              ],
              [
                -122.10877,
                37.72721
              ],
              [
                -122.11023,
                37.72763
              ],
              [
                -122.10988,
                37.72994
              ],
              [
                -122.11209,
                37.73144
              ],
              [
                -122.11377,
                37.73188
              ],
              [
                -122.1142,
                37.73183
              ],
              [
                -122.1161,
                37.73133
              ],
              [
                -122.11616,
                37.73241
              ],
              [
                -122.1147,
                37.73212
              ],
              [
                -122.11369,
                37.73204
              ],
              [
                -122.11183,
                37.7326
              ],
              [
                -122.11215,
                37.73411
              ],
              [
                -122.11404,
                37.73411
              ],
              [
                -122.11441,
                37.73456
              ],
              [
                -122.11369,
                37.73468
              ],
              [
                -122.11234,
                37.73546
              ],
              [
                -122.11259,
                37.73674
              ],
              [
                -122.11406,
                37.73677
              ],
              [
                -122.1143,
                37.73828
              ],
              [
                -122.1141,
                37.74007
              ],
              [
                -122.11277,
                37.74275
              ],
              [
                -122.11318,
                37.7443
              ],
              [
                -122.11458,
                37.74337
              ],
              [
                -122.11491,
                37.74247
              ],
              [
                -122.115,
                37.74301
              ],
              [
                -122.1155,
                37.74889
              ],
              [
                -122.11582,
                37.74872
              ],
              [
                -122.11596,
                37.74976
              ],
              [
                -122.11618,
                37.75035
              ],
              [
                -122.11836,
                37.75351
              ],
              [
                -122.11793,
                37.75369
              ],
              [
                -122.11923,
                37.75554
              ],
              [
                -122.12146,
                37.75817
              ],
              [
                -122.12163,
                37.75852
              ],
              [
                -122.1217,
                37.75927
              ],
              [
                -122.12181,
                37.75954
              ],
              [
                -122.12204,
                37.75982
              ],
              [
                -122.12259,
                37.76018
              ],
              [
                -122.12277,
                37.76035
              ],
              [
                -122.12287,
                37.76055
              ],
              [
                -122.12293,
                37.7611
              ],
              [
                -122.12304,
                37.76135
              ],
              [
                -122.1237,
                37.762
              ],
              [
                -122.12461,
                37.76349
              ],
              [
                -122.12477,
                37.76385
              ],
              [
                -122.12494,
                37.76469
              ],
              [
                -122.12509,
                37.7651
              ],
              [
                -122.12666,
                37.76799
              ],
              [
                -122.12705,
                37.76843
              ],
              [
                -122.12808,
                37.76918
              ],
              [
                -122.12838,
                37.76947
              ],
              [
                -122.1295,
                37.77124
              ],
              [
                -122.13181,
                37.77532
              ],
              [
                -122.13359,
                37.77713
              ],
              [
                -122.13304,
                37.77747
              ],
              [
                -122.13389,
                37.77834
              ],
              [
                -122.13443,
                37.778
              ],
              [
                -122.13511,
                37.77869
              ],
              [
                -122.135,
                37.7788
              ],
              [
                -122.13544,
                37.77902
              ],
              [
                -122.14331,
                37.78706
              ],
              [
                -122.14319,
                37.78703
              ],
              [
                -122.14372,
                37.7874
              ],
              [
                -122.14181,
                37.78976
              ],
              [
                -122.14264,
                37.79032
              ],
              [
                -122.14327,
                37.79037
              ],
              [
                -122.14366,
                37.7901
              ],
              [
                -122.14441,
                37.79092
              ],
              [
                -122.14528,
                37.79015
              ],
              [
                -122.14568,
                37.79015
              ],
              [
                -122.14603,
                37.79067
              ],
              [
                -122.14554,
                37.79174
              ],
              [
                -122.14665,
                37.79206
              ],
              [
                -122.14697,
                37.7918
              ],
              [
                -122.14876,
                37.79281
              ],
              [
                -122.14981,
                37.79164
              ],
              [
                -122.15027,
                37.7919
              ],
              [
                -122.15034,
                37.79242
              ],
              [
                -122.15054,
                37.79253
              ],
              [
                -122.15084,
                37.79307
              ],
              [
                -122.1523,
                37.79309
              ],
              [
                -122.1523,
                37.79343
              ],
              [
                -122.15314,
                37.79343
              ],
              [
                -122.15275,
                37.79447
              ],
              [
                -122.15325,
                37.79474
              ],
              [
                -122.15395,
                37.79394
              ],
              [
                -122.15412,
                37.79409
              ],
              [
                -122.15362,
                37.79465
              ],
              [
                -122.15529,
                37.79558
              ],
              [
                -122.15437,
                37.79648
              ],
              [
                -122.15668,
                37.79648
              ],
              [
                -122.15669,
                37.79668
              ],
              [
                -122.15819,
                37.79742
              ],
              [
                -122.15877,
                37.7971
              ],
              [
                -122.15945,
                37.79746
              ],
              [
                -122.15843,
                37.79803
              ],
              [
                -122.15971,
                37.80006
              ],
              [
                -122.16127,
                37.80004
              ],
              [
                -122.1613,
                37.80144
              ],
              [
                -122.16174,
                37.80143
              ],
              [
                -122.16438,
                37.80288
              ],
              [
                -122.16483,
                37.80465
              ],
              [
                -122.16484,
                37.80504
              ],
              [
                -122.16438,
                37.80475
              ],
              [
                -122.16403,
                37.80464
              ],
              [
                -122.16347,
                37.80398
              ],
              [
                -122.16304,
                37.80375
              ],
              [
                -122.16231,
                37.80353
              ],
              [
                -122.16206,
                37.80332
              ]
            ]
          ],
          [
            [
              [
                -122.08114,
                37.7387
              ],
              [
                -122.08241,
                37.73836
              ],
              [
                -122.08438,
                37.73867
              ],
              [
                -122.08441,
                37.73914
              ],
              [
                -122.08475,
                37.73955
              ],
              [
                -122.08483,
                37.74002
              ],
              [
                -122.08494,
                37.74018
              ],
              [
                -122.0855,
                37.74049
              ],
              [
                -122.08591,
                37.74108
              ],
              [
                -122.08598,
                37.74132
              ],
              [
                -122.08588,
                37.74181
              ],
              [
                -122.08591,
                37.74197
              ],
              [
                -122.08605,
                37.74214
              ],
              [
                -122.08658,
                37.74253
              ],
              [
                -122.08669,
                37.74267
              ],
              [
                -122.08682,
                37.74303
              ],
              [
                -122.08684,
                37.74339
              ],
              [
                -122.08689,
                37.74351
              ],
              [
                -122.0871,
                37.74371
              ],
              [
                -122.08747,
                37.74395
              ],
              [
                -122.08788,
                37.74433
              ],
              [
                -122.08818,
                37.74483
              ],
              [
                -122.08833,
                37.7453
              ],
              [
                -122.08835,
                37.74552
              ],
              [
                -122.08846,
                37.74576
              ],
              [
                -122.08911,
                37.74615
              ],
              [
                -122.0896,
                37.74655
              ],
              [
                -122.09012,
                37.7471
              ],
              [
                -122.09253,
                37.74858
              ],
              [
                -122.09118,
                37.75231
              ],
              [
                -122.09084,
                37.7526
              ],
              [
                -122.08015,
                37.74531
              ],
              [
                -122.07729,
                37.742
              ],
              [
                -122.07754,
                37.74107
              ],
              [
                -122.08114,
                37.7387
              ]
            ]
          ],
          [
            [
              [
                -122.11512,
                37.77189
              ],
              [
                -122.11137,
                37.76977
              ],
              [
                -122.11068,
                37.76902
              ],
              [
                -122.10989,
                37.76737
              ],
              [
                -122.11023,
                37.76737
              ],
              [
                -122.11041,
                37.76731
              ],
              [
                -122.11061,
                37.76715
              ],
              [
                -122.11089,
                37.76676
              ],
              [
                -122.11115,
                37.76674
              ],
              [
                -122.11201,
                37.7669
              ],
              [
                -122.11273,
                37.76707
              ],
              [
                -122.11284,
                37.76717
              ],
              [
                -122.11305,
                37.76764
              ],
              [
                -122.11317,
                37.76775
              ],
              [
                -122.11398,
                37.76806
              ],
              [
                -122.11434,
                37.76828
              ],
              [
                -122.1147,
                37.76865
              ],
              [
                -122.11478,
                37.76888
              ],
              [
                -122.11469,
                37.76903
              ],
              [
                -122.11457,
                37.7691
              ],
              [
                -122.11415,
                37.7692
              ],
              [
                -122.11395,
                37.7693
              ],
              [
                -122.11384,
                37.76943
              ],
              [
                -122.11383,
                37.7696
              ],
              [
                -122.11397,
                37.76981
              ],
              [
                -122.11467,
                37.77038
              ],
              [
                -122.11477,
                37.77065
              ],
              [
                -122.11471,
                37.77136
              ],
              [
                -122.11476,
                37.7715
              ],
              [
                -122.11492,
                37.77169
              ],
              [
                -122.11516,
                37.77182
              ],
              [
                -122.11552,
                37.77187
              ],
              [
                -122.11577,
                37.77183
              ],
              [
                -122.11597,
                37.77174
              ],
              [
                -122.11616,
                37.7716
              ],
              [
                -122.11672,
                37.77097
              ],
              [
                -122.11754,
                37.77035
              ],
              [
                -122.11787,
                37.77029
              ],
              [
                -122.11815,
                37.77037
              ],
              [
                -122.11833,
                37.77051
              ],
              [
                -122.11865,
                37.77104
              ],
              [
                -122.11913,
                37.7714
              ],
              [
                -122.11918,
                37.77162
              ],
              [
                -122.11909,
                37.77188
              ],
              [
                -122.11908,
                37.77207
              ],
              [
                -122.11914,
                37.77223
              ],
              [
                -122.12027,
                37.77355
              ],
              [
                -122.12068,
                37.77386
              ],
              [
                -122.12095,
                37.77394
              ],
              [
                -122.12144,
                37.77397
              ],
              [
                -122.12165,
                37.7741
              ],
              [
                -122.12212,
                37.77484
              ],
              [
                -122.1235,
                37.77583
              ],
              [
                -122.12453,
                37.77694
              ],
              [
                -122.12467,
                37.77722
              ],
              [
                -122.1246,
                37.77747
              ],
              [
                -122.12426,
                37.77785
              ],
              [
                -122.12205,
                37.77559
              ],
              [
                -122.12086,
                37.77505
              ],
              [
                -122.11877,
                37.77297
              ],
              [
                -122.11742,
                37.77235
              ],
              [
                -122.11512,
                37.77189
              ]
            ]
          ],
          [
            [
              [
                -122.1692,
                37.8011
              ],
              [
                -122.16906,
                37.801
              ],
              [
                -122.16856,
                37.80109
              ],
              [
                -122.16842,
                37.80095
              ],
              [
                -122.16862,
                37.80042
              ],
              [
                -122.16854,
                37.80008
              ],
              [
                -122.1684,
                37.80008
              ],
              [
                -122.1684,
                37.7991
              ],
              [
                -122.17053,
                37.80008
              ],
              [
                -122.17001,
                37.80114
              ],
              [
                -122.16998,
                37.80146
              ],
              [
                -122.17014,
                37.80206
              ],
              [
                -122.17026,
                37.8023
              ],
              [
                -122.17103,
                37.80324
              ],
              [
                -122.17116,
                37.80388
              ],
              [
                -122.17133,
                37.80432
              ],
              [
                -122.17129,
                37.80462
              ],
              [
                -122.17115,
                37.80487
              ],
              [
                -122.17054,
                37.80528
              ],
              [
                -122.17054,
                37.80359
              ],
              [
                -122.16916,
                37.80315
              ],
              [
                -122.16921,
                37.80274
              ],
              [
                -122.16915,
                37.80193
              ],
              [
                -122.16882,
                37.8016
              ],
              [
                -122.1692,
                37.8011
              ]
            ]
          ]
        ],
        "type": "MultiPolygon"
      },
      "properties": {
        "feature_id": "ebrpd:4",
        "gis_acres": 3349.1829013,
        "name": "Anthony Chabot",
        "objectid": 4,
        "official_name": "Anthony Chabot Regional Park",
        "park_unit": "3",
        "source_object_id": 4,
        "status": "Parkland"
      },
      "type": "Feature"
    },
    {
      "geometry": {
        "coordinates": [
          [
            [
              [
                -122.22193,
                38.04124
              ],
              [
                -122.22077,
                38.04032
              ],
              [
                -122.2207,
                38.04038
              ],
              [
                -122.21832,
                38.03868
              ],
              [
                -122.21628,
                38.03589
              ],
              [
                -122.21628,
                38.03551
              ],
              [
                -122.21592,
                38.0349
              ],
              [
                -122.21565,
                38.03472
              ],
              [
                -122.21421,
                38.03412
              ],
              [
                -122.21378,
                38.03367
              ],
              [
                -122.21293,
                38.0332
              ],
              [
                -122.21263,
                38.03284
              ],
              [
                -122.21214,
                38.03247
              ],
              [
                -122.21159,
                38.03216
              ],
              [
                -122.2109,
                38.0315
              ],
              [
                -122.21041,
                38.03111
              ],
              [
                -122.20992,
                38.03053
              ],
              [
                -122.20945,
                38.03014
              ],
              [
                -122.20877,
                38.02969
              ],
              [
                -122.2075,
                38.02873
              ],
              [
                -122.20631,
                38.02803
              ],
              [
                -122.20625,
                38.02795
              ],
              [
                -122.20647,
                38.01078
              ],
              [
                -122.21599,
                38.01072
              ],
              [
                -122.22216,
                38.01075
              ],
              [
                -122.22193,
                38.04124
              ]
            ]
          ],
          [
            [
              [
                -122.20444,
                38.04869
              ],
              [
                -122.2039,
                38.04873
              ],
              [
                -122.20366,
                38.04866
              ],
              [
                -122.20353,
                38.04852
              ],
              [
                -122.20334,
                38.04809
              ],
              [
                -122.20213,
                38.04858
              ],
              [
                -122.20041,
                38.04649
              ],
              [
                -122.19941,
                38.0464
              ],
              [
                -122.19777,
                38.0467
              ],
              [
                -122.19766,
                38.04634
              ],
              [
                -122.1975,
                38.04619
              ],
              [
                -122.19716,
                38.04616
              ],
              [
                -122.19688,
                38.04626
              ],
              [
                -122.19699,
                38.03668
              ],
              [
                -122.19696,
                38.03607
              ],
              [
                -122.20611,
                38.03616
              ],
              [
                -122.20612,
                38.04137
              ],
              [
                -122.20602,
                38.04834
              ],
              [
                -122.20468,
                38.04873
              ],
              [
                -122.20444,
                38.04869
              ]
            ]
          ],
          [
            [
              [
                -122.22059,
                38.04739
              ],
              [
                -122.22015,
                38.04658
              ],
              [
                -122.22064,
                38.04659
              ],
              [
                -122.22064,
                38.04714
              ],
              [
                -122.22084,
                38.04714
              ],
              [
                -122.22085,
                38.04609
              ],
              [
                -122.22057,
                38.04565
              ],
              [
                -122.21976,
                38.04597
              ],
              [
                -122.21957,
                38.0456
              ],
              [
                -122.21976,
                38.04554
              ],
              [
                -122.21946,
                38.04502
              ],
              [
                -122.21824,
                38.04364
              ],
              [
                -122.21678,
                38.04259
              ],
              [
                -122.21598,
                38.04189
              ],
              [
                -122.21496,
                38.04029
              ],
              [
                -122.21452,
                38.03992
              ],
              [
                -122.21431,
                38.03984
              ],
              [
                -122.21379,
                38.03979
              ],
              [
                -122.21193,
                38.03887
              ],
              [
                -122.21163,
                38.03895
              ],
              [
                -122.21032,
                38.03859
              ],
              [
                -122.20971,
                38.03825
              ],
              [
                -122.2088,
                38.03671
              ],
              [
                -122.20881,
                38.03624
              ],
              [
                -122.20889,
                38.03599
              ],
              [
                -122.20901,
                38.03575
              ],
              [
                -122.20919,
                38.03554
              ],
              [
                -122.20967,
                38.03517
              ],
              [
                -122.21026,
                38.03495
              ],
              [
                -122.2105,
                38.03491
              ],
              [
                -122.21171,
                38.03501
              ],
              [
                -122.21242,
                38.03534
              ],
              [
                -122.21291,
                38.03569
              ],
              [
                -122.21297,
                38.03585
              ],
              [
                -122.21345,
                38.03605
              ],
              [
                -122.21539,
                38.03738
              ],
              [
                -122.21616,
                38.03703
              ],
              [
                -122.21658,
                38.03774
              ],
              [
                -122.2167,
                38.03829
              ],
              [
                -122.21715,
                38.03858
              ],
              [
                -122.21802,
                38.03945
              ],
              [
                -122.21936,
                38.04012
              ],
              [
                -122.21958,
                38.04034
              ],
              [
                -122.21996,
                38.04096
              ],
              [
                -122.22147,
                38.04224
              ],
              [
                -122.22192,
                38.04247
              ],
              [
                -122.22191,
                38.04847
              ],
              [
                -122.22132,
                38.04857
              ],
              [
                -122.22059,
                38.04739
              ]
            ]
          ]
        ],
        "type": "MultiPolygon"
      },
      "properties": {
        "feature_id": "ebrpd:42",
        "gis_acres": 1273.03196848,
        "name": "Crockett Hills",
        "objectid": 42,
        "official_name": "Crockett Hills Regional Park",
        "park_unit": "5",
        "source_object_id": 42,
        "status": "Parkland"
      },
      "type": "Feature"
    },
    {
      "geometry": {
        "coordinates": [
          [
            [
              -122.27854,
              37.76957
            ],
            [
              -122.27858,
              37.76862
            ],
            [
              -122.27931,
              37.76863
            ],
            [
              -122.27933,
              37.76827
            ],
            [
              -122.27999,
              37.76827
            ],
            [
              -122.27998,
              37.7696
            ],
            [
              -122.27854,
              37.76957
            ]
          ]
        ],
        "type": "Polygon"
      },
      "properties": {
        "feature_id": "ebrpd:43",
        "gis_acres": 3.87122419,
        "name": "Crown Beach",
        "objectid": 43,
        "official_name": "Robert W. Crown Memorial State Beach",
        "park_unit": "4",
        "source_object_id": 43,
        "status": "Landbank"
      },
      "type": "Feature"
    },
    {
      "geometry": {
        "coordinates": [
          [
            [
              -122.27825,
              37.77102
            ],
            [
              -122.2783,
              37.76974
            ],
            [
              -122.27591,
              37.76968
            ],
            [
              -122.27591,
              37.76952
            ],
            [
              -122.2752,
              37.76951
            ],
            [
              -122.2752,
              37.76902
            ],
            [
              -122.27477,
              37.76901
            ],
            [
              -122.27477,
              37.76859
            ],
            [
              -122.27201,
              37.76756
            ],
            [
              -122.27187,
              37.76734
            ],
            [
              -122.27176,
              37.76704
            ],
            [
              -122.27173,
              37.76624
            ],
            [
              -122.27161,
              37.76583
            ],
            [
              -122.27161,
              37.7622
            ],
            [
              -122.24678,
              37.75296
            ],
            [
              -122.24729,
              37.75237
            ],
            [
              -122.25029,
              37.75352
            ],
            [
              -122.25229,
              37.75422
            ],
            [
              -122.25566,
              37.75554
            ],
            [
              -122.26616,
              37.7594
            ],
            [
              -122.26943,
              37.76066
            ],
            [
              -122.27079,
              37.76111
            ],
            [
              -122.27095,
              37.76121
            ],
            [
              -122.27137,
              37.76133
            ],
            [
              -122.27183,
              37.76153
            ],
            [
              -122.27283,
              37.7628
            ],
            [
              -122.28283,
              37.76638
            ],
            [
              -122.28394,
              37.76683
            ],
            [
              -122.28394,
              37.77013
            ],
            [
              -122.28285,
              37.77013
            ],
            [
              -122.28282,
              37.77095
            ],
            [
              -122.28164,
              37.77109
            ],
            [
              -122.28163,
              37.76827
            ],
            [
              -122.27933,
              37.76827
            ],
            [
              -122.27931,
              37.76863
            ],
            [
              -122.27858,
              37.76862
            ],
            [
              -122.27849,
              37.77087
            ],
            [
              -122.27852,
              37.77101
            ],
            [
              -122.27848,
              37.77101
            ],
            [
              -122.27847,
              37.77136
            ],
            [
              -122.27824,
              37.77136
            ],
            [
              -122.27825,
              37.77102
            ]
          ]
        ],
        "type": "Polygon"
      },
      "properties": {
        "feature_id": "ebrpd:44",
        "gis_acres": 180.32195024,
        "name": "Crown Beach",
        "objectid": 44,
        "official_name": "Robert W. Crown Memorial State Beach",
        "park_unit": "4",
        "source_object_id": 44,
        "status": "Parkland"
      },
      "type": "Feature"
    },
    {
      "geometry": {
        "coordinates": [
          [
            [
              [
                -122.052,
                37.72405
              ],
              [
                -122.05197,
                37.72357
              ],
              [
                -122.05243,
                37.72295
              ],
              [
                -122.05316,
                37.72149
              ],
              [
                -122.05361,
                37.7203
              ],
              [
                -122.05403,
                37.71894
              ],
              [
                -122.05398,
                37.71835
              ],
              [
                -122.05442,
                37.71772
              ],
              [
                -122.05396,
                37.71661
              ],
              [
                -122.05392,
                37.7163
              ],
              [
                -122.05401,
                37.716
              ],
              [
                -122.05386,
                37.71554
              ],
              [
                -122.05387,
                37.71526
              ],
              [
                -122.05408,
                37.71505
              ],
              [
                -122.05487,
                37.71462
              ],
              [
                -122.05508,
                37.71435
              ],
              [
                -122.05519,
                37.71408
              ],
              [
                -122.05522,
                37.71368
              ],
              [
                -122.05508,
                37.71309
              ],
              [
                -122.05508,
                37.71248
              ],
              [
                -122.05522,
                37.71181
              ],
              [
                -122.05531,
                37.71173
              ],
              [
                -122.05575,
                37.71164
              ],
              [
                -122.05651,
                37.71128
              ],
              [
                -122.0568,
                37.71119
              ],
              [
                -122.05728,
                37.71116
              ],
              [
                -122.05773,
                37.71127
              ],
              [
                -122.0588,
                37.71188
              ],
              [
                -122.05904,
                37.71206
              ],
              [
                -122.05924,
                37.71234
              ],
              [
                -122.05931,
                37.71253
              ],
              [
                -122.05933,
                37.71273
              ],
              [
                -122.05928,
                37.713
              ],
              [
                -122.05912,
                37.71328
              ],
              [
                -122.05843,
                37.71399
              ],
              [
                -122.05829,
                37.71425
              ],
              [
                -122.05825,
                37.71443
              ],
              [
                -122.05777,
                37.71435
              ],
              [
                -122.05741,
                37.71483
              ],
              [
                -122.05797,
                37.71605
              ],
              [
                -122.05605,
                37.7164
              ],
              [
                -122.05548,
                37.71699
              ],
              [
                -122.05609,
                37.71787
              ],
              [
                -122.05548,
                37.71815
              ],
              [
                -122.05713,
                37.72055
              ],
              [
                -122.05667,
                37.72102
              ],
              [
                -122.05678,
                37.72136
              ],
              [
                -122.05739,
                37.72171
              ],
              [
                -122.05645,
                37.72174
              ],
              [
                -122.05646,
                37.72223
              ],
              [
                -122.05728,
                37.72286
              ],
              [
                -122.05761,
                37.72412
              ],
              [
                -122.05727,
                37.72452
              ],
              [
                -122.05641,
                37.72402
              ],
              [
                -122.05582,
                37.72399
              ],
              [
                -122.05545,
                37.72452
              ],
              [
                -122.05542,
                37.72497
              ],
              [
                -122.05574,
                37.72535
              ],
              [
                -122.05607,
                37.72545
              ],
              [
                -122.05741,
                37.7265
              ],
              [
                -122.05728,
                37.72738
              ],
              [
                -122.05701,
                37.72753
              ],
              [
                -122.05703,
                37.72768
              ],
              [
                -122.05826,
                37.72891
              ],
              [
                -122.05849,
                37.72935
              ],
              [
                -122.05843,
                37.72948
              ],
              [
                -122.05758,
                37.72995
              ],
              [
                -122.05713,
                37.73041
              ],
              [
                -122.05696,
                37.73082
              ],
              [
                -122.05699,
                37.7315
              ],
              [
                -122.05712,
                37.73174
              ],
              [
                -122.05652,
                37.73213
              ],
              [
                -122.05597,
                37.73273
              ],
              [
                -122.0559,
                37.73327
              ],
              [
                -122.05638,
                37.73403
              ],
              [
                -122.05755,
                37.73431
              ],
              [
                -122.05754,
                37.73436
              ],
              [
                -122.05782,
                37.73472
              ],
              [
                -122.05728,
                37.73472
              ],
              [
                -122.05661,
                37.7344
              ],
              [
                -122.05641,
                37.73408
              ],
              [
                -122.0515,
                37.73296
              ],
              [
                -122.05152,
                37.73279
              ],
              [
                -122.05145,
                37.73245
              ],
              [
                -122.05124,
                37.73196
              ],
              [
                -122.05099,
                37.73154
              ],
              [
                -122.05097,
                37.73137
              ],
              [
                -122.0513,
                37.73093
              ],
              [
                -122.05128,
                37.73041
              ],
              [
                -122.05138,
                37.73017
              ],
              [
                -122.05229,
                37.72909
              ],
              [
                -122.0524,
                37.72879
              ],
              [
                -122.05219,
                37.72823
              ],
              [
                -122.0523,
                37.72751
              ],
              [
                -122.05244,
                37.72715
              ],
              [
                -122.05245,
                37.72692
              ],
              [
                -122.05212,
                37.72609
              ],
              [
                -122.052,
                37.72405
              ]
            ]
          ],
          [
            [
              [
                -122.05713,
                37.71103
              ],
              [
                -122.05656,
                37.71112
              ],
              [
                -122.05564,
                37.71154
              ],
              [
                -122.05529,
                37.71159
              ],
              [
                -122.0552,
                37.71151
              ],
              [
                -122.05467,
                37.70995
              ],
              [
                -122.0548,
                37.70928
              ],
              [
                -122.0546,
                37.70875
              ],
              [
                -122.05493,
                37.70748
              ],
              [
                -122.05486,
                37.70704
              ],
              [
                -122.05456,
                37.70651
              ],
              [
                -122.05445,
                37.70622
              ],
              [
                -122.05442,
                37.70579
              ],
              [
                -122.05456,
                37.70534
              ],
              [
                -122.05483,
                37.70518
              ],
              [
                -122.05513,
                37.7043
              ],
              [
                -122.05515,
                37.70396
              ],
              [
                -122.05528,
                37.70384
              ],
              [
                -122.05693,
                37.70379
              ],
              [
                -122.05702,
                37.70426
              ],
              [
                -122.05709,
                37.70427
              ],
              [
                -122.05742,
                37.70591
              ],
              [
                -122.05672,
                37.70631
              ],
              [
                -122.05716,
                37.70716
              ],
              [
                -122.05711,
                37.70749
              ],
              [
                -122.0581,
                37.7076
              ],
              [
                -122.05801,
                37.7082
              ],
              [
                -122.05772,
                37.70817
              ],
              [
                -122.05764,
                37.70872
              ],
              [
                -122.05812,
                37.70877
              ],
              [
                -122.05863,
                37.70906
              ],
              [
                -122.05789,
                37.70989
              ],
              [
                -122.05886,
                37.71043
              ],
              [
                -122.05924,
                37.71109
              ],
              [
                -122.06055,
                37.71122
              ],
              [
                -122.06048,
                37.71166
              ],
              [
                -122.06008,
                37.71189
              ],
              [
                -122.06044,
                37.71339
              ],
              [
                -122.05995,
                37.71471
              ],
              [
                -122.05844,
                37.71446
              ],
              [
                -122.05849,
                37.71424
              ],
              [
                -122.05863,
                37.71399
              ],
              [
                -122.05921,
                37.7134
              ],
              [
                -122.05944,
                37.71302
              ],
              [
                -122.05948,
                37.71259
              ],
              [
                -122.0593,
                37.71214
              ],
              [
                -122.05903,
                37.71187
              ],
              [
                -122.05803,
                37.71127
              ],
              [
                -122.05756,
                37.71108
              ],
              [
                -122.05713,
                37.71103
              ]
            ]
          ],
          [
            [
              [
                -122.05811,
                37.73508
              ],
              [
                -122.05844,
                37.73492
              ],
              [
                -122.05836,
                37.73451
              ],
              [
                -122.0593,
                37.73498
              ],
              [
                -122.06013,
                37.73458
              ],
              [
                -122.06078,
                37.73413
              ],
              [
                -122.06097,
                37.73378
              ],
              [
                -122.06193,
                37.73334
              ],
              [
                -122.06107,
                37.7323
              ],
              [
                -122.06036,
                37.73263
              ],
              [
                -122.05977,
                37.73206
              ],
              [
                -122.0599,
                37.73196
              ],
              [
                -122.06118,
                37.73146
              ],
              [
                -122.06077,
                37.73045
              ],
              [
                -122.05992,
                37.73059
              ],
              [
                -122.05968,
                37.73035
              ],
              [
                -122.05936,
                37.73025
              ],
              [
                -122.06064,
                37.72958
              ],
              [
                -122.06083,
                37.72971
              ],
              [
                -122.06063,
                37.72926
              ],
              [
                -122.06208,
                37.72889
              ],
              [
                -122.06283,
                37.72808
              ],
              [
                -122.06243,
                37.7268
              ],
              [
                -122.06175,
                37.7261
              ],
              [
                -122.06214,
                37.72515
              ],
              [
                -122.06168,
                37.72448
              ],
              [
                -122.06268,
                37.724
              ],
              [
                -122.06224,
                37.72347
              ],
              [
                -122.0627,
                37.72313
              ],
              [
                -122.06267,
                37.72328
              ],
              [
                -122.06432,
                37.72317
              ],
              [
                -122.06485,
                37.72081
              ],
              [
                -122.06478,
                37.72082
              ],
              [
                -122.0648,
                37.72064
              ],
              [
                -122.0649,
                37.7205
              ],
              [
                -122.06544,
                37.72054
              ],
              [
                -122.06483,
                37.72317
              ],
              [
                -122.06458,
                37.72318
              ],
              [
                -122.06449,
                37.72443
              ],
              [
                -122.06428,
                37.72563
              ],
              [
                -122.06278,
                37.7333
              ],
              [
                -122.06165,
                37.73528
              ],
              [
                -122.06151,
                37.73677
              ],
              [
                -122.06105,
                37.73877
              ],
              [
                -122.05811,
                37.73508
              ]
            ]
          ]
        ],
        "type": "MultiPolygon"
      },
      "properties": {
        "feature_id": "ebrpd:45",
        "gis_acres": 361.51833609,
        "name": "Cull Canyon",
        "objectid": 45,
        "official_name": "Cull Canyon Regional Recreation Area",
        "park_unit": "2",
        "source_object_id": 45,
        "status": "Parkland"
      },
      "type": "Feature"
    },
    {
      "geometry": {
        "coordinates": [
          [
            [
              [
                -121.80201,
                37.93924
              ],
              [
                -121.7994,
                37.93757
              ],
              [
                -121.7969,
                37.93683
              ],
              [
                -121.79659,
                37.93665
              ],
              [
                -121.79645,
                37.93637
              ],
              [
                -121.79644,
                37.9324
              ],
              [
                -121.79625,
                37.93232
              ],
              [
                -121.78729,
                37.93245
              ],
              [
                -121.78728,
                37.93253
              ],
              [
                -121.78218,
                37.93253
              ],
              [
                -121.77953,
                37.93301
              ],
              [
                -121.779,
                37.93303
              ],
              [
                -121.77818,
                37.93296
              ],
              [
                -121.77739,
                37.9318
              ],
              [
                -121.77722,
                37.93121
              ],
              [
                -121.77723,
                37.92964
              ],
              [
                -121.77727,
                37.92931
              ],
              [
                -121.77739,
                37.92899
              ],
              [
                -121.77758,
                37.9287
              ],
              [
                -121.77784,
                37.92843
              ],
              [
                -121.77815,
                37.92821
              ],
              [
                -121.77815,
                37.92705
              ],
              [
                -121.78333,
                37.92704
              ],
              [
                -121.78331,
                37.92374
              ],
              [
                -121.77814,
                37.92376
              ],
              [
                -121.77814,
                37.9236
              ],
              [
                -121.77825,
                37.92364
              ],
              [
                -121.77875,
                37.92066
              ],
              [
                -121.77895,
                37.91878
              ],
              [
                -121.77893,
                37.9184
              ],
              [
                -121.77884,
                37.91802
              ],
              [
                -121.78719,
                37.91799
              ],
              [
                -121.79592,
                37.92377
              ],
              [
                -121.79633,
                37.92399
              ],
              [
                -121.79679,
                37.92413
              ],
              [
                -121.80404,
                37.92573
              ],
              [
                -121.80436,
                37.92511
              ],
              [
                -121.80535,
                37.92509
              ],
              [
                -121.80535,
                37.92498
              ],
              [
                -121.80426,
                37.925
              ],
              [
                -121.80395,
                37.9256
              ],
              [
                -121.79645,
                37.92392
              ],
              [
                -121.79601,
                37.92369
              ],
              [
                -121.79487,
                37.92296
              ],
              [
                -121.79488,
                37.92293
              ],
              [
                -121.79197,
                37.92099
              ],
              [
                -121.78721,
                37.91786
              ],
              [
                -121.7872,
                37.91071
              ],
              [
                -121.80509,
                37.91051
              ],
              [
                -121.80516,
                37.91414
              ],
              [
                -121.81431,
                37.91404
              ],
              [
                -121.81425,
                37.91059
              ],
              [
                -121.81431,
                37.90903
              ],
              [
                -121.8138,
                37.90864
              ],
              [
                -121.80937,
                37.90644
              ],
              [
                -121.81029,
                37.90529
              ],
              [
                -121.80892,
                37.90461
              ],
              [
                -121.808,
                37.90576
              ],
              [
                -121.80531,
                37.90442
              ],
              [
                -121.8053,
                37.90341
              ],
              [
                -121.8062,
                37.90333
              ],
              [
                -121.81116,
                37.90333
              ],
              [
                -121.81117,
                37.90216
              ],
              [
                -121.8094,
                37.90216
              ],
              [
                -121.80937,
                37.89963
              ],
              [
                -121.80527,
                37.89972
              ],
              [
                -121.80523,
                37.89612
              ],
              [
                -121.82284,
                37.89595
              ],
              [
                -121.82344,
                37.90379
              ],
              [
                -121.83318,
                37.90392
              ],
              [
                -121.83323,
                37.91085
              ],
              [
                -121.83307,
                37.91817
              ],
              [
                -121.83319,
                37.92485
              ],
              [
                -121.82647,
                37.92468
              ],
              [
                -121.8241,
                37.92471
              ],
              [
                -121.82427,
                37.93199
              ],
              [
                -121.82405,
                37.93901
              ],
              [
                -121.80543,
                37.93902
              ],
              [
                -121.80542,
                37.93943
              ],
              [
                -121.80248,
                37.93947
              ],
              [
                -121.80201,
                37.93924
              ]
            ]
          ],
          [
            [
              [
                -121.80707,
                37.92534
              ],
              [
                -121.80535,
                37.92531
              ],
              [
                -121.80548,
                37.93226
              ],
              [
                -121.81463,
                37.93216
              ],
              [
                -121.81446,
                37.92543
              ],
              [
                -121.80707,
                37.92534
              ]
            ]
          ],
          [
            [
              [
                -121.81874,
                37.88498
              ],
              [
                -121.81892,
                37.88483
              ],
              [
                -121.81912,
                37.88478
              ],
              [
                -121.81987,
                37.88491
              ],
              [
                -121.82029,
                37.88493
              ],
              [
                -121.82117,
                37.88481
              ],
              [
                -121.82155,
                37.88486
              ],
              [
                -121.82179,
                37.88497
              ],
              [
                -121.82198,
                37.88514
              ],
              [
                -121.82277,
                37.88633
              ],
              [
                -121.82284,
                37.89242
              ],
              [
                -121.81853,
                37.89247
              ],
              [
                -121.81841,
                37.88628
              ],
              [
                -121.81855,
                37.88553
              ],
              [
                -121.81874,
                37.88498
              ]
            ]
          ],
          [
            [
              [
                -121.78559,
                37.90566
              ],
              [
                -121.78227,
                37.90483
              ],
              [
                -121.78229,
                37.90346
              ],
              [
                -121.76907,
                37.90345
              ],
              [
                -121.76915,
                37.89642
              ],
              [
                -121.76994,
                37.89678
              ],
              [
                -121.77216,
                37.89711
              ],
              [
                -121.77304,
                37.89704
              ],
              [
                -121.77422,
                37.89671
              ],
              [
                -121.77467,
                37.89669
              ],
              [
                -121.77532,
                37.8968
              ],
              [
                -121.78183,
                37.89909
              ],
              [
                -121.78337,
                37.89983
              ],
              [
                -121.78392,
                37.90018
              ],
              [
                -121.78608,
                37.90182
              ],
              [
                -121.78672,
                37.90211
              ],
              [
                -121.78718,
                37.90221
              ],
              [
                -121.78715,
                37.90506
              ],
              [
                -121.78663,
                37.90506
              ],
              [
                -121.78559,
                37.90566
              ]
            ]
          ]
        ],
        "type": "MultiPolygon"
      },
      "properties": {
        "feature_id": "ebrpd:46",
        "gis_acres": 3700.78538368,
        "name": "Deer Valley",
        "objectid": 46,
        "official_name": "Deer Valley Regional Park",
        "park_unit": "7",
        "source_object_id": 46,
        "status": "Landbank"
      },
      "type": "Feature"
    },
    {
      "geometry": {
        "coordinates": [
          [
            [
              -121.67093,
              37.56802
            ],
            [
              -121.67088,
              37.56433
            ],
            [
              -121.68009,
              37.56426
            ],
            [
              -121.6801,
              37.56803
            ],
            [
              -121.67093,
              37.56802
            ]
          ]
        ],
        "type": "Polygon"
      },
      "properties": {
        "feature_id": "ebrpd:47",
        "gis_acres": 82.95565961,
        "name": "Del Valle",
        "objectid": 47,
        "official_name": "Del Valle Regional Park",
        "park_unit": "1",
        "source_object_id": 47,
        "status": "Landbank"
      },
      "type": "Feature"
    },
    {
      "geometry": {
        "coordinates": [
          [
            [
              -121.73257,
              37.62201
            ],
            [
              -121.72878,
              37.61978
            ],
            [
              -121.7258,
              37.61778
            ],
            [
              -121.72203,
              37.60661
            ],
            [
              -121.71759,
              37.6061
            ],
            [
              -121.71467,
              37.60076
            ],
            [
              -121.70748,
              37.60052
            ],
            [
              -121.6983,
              37.6004
            ],
            [
              -121.69654,
              37.6002
            ],
            [
              -121.68929,
              37.59981
            ],
            [
              -121.68903,
              37.60136
            ],
            [
              -121.68862,
              37.60558
            ],
            [
              -121.68785,
              37.60512
            ],
            [
              -121.68746,
              37.6048
            ],
            [
              -121.68709,
              37.60427
            ],
            [
              -121.68699,
              37.60397
            ],
            [
              -121.68695,
              37.60358
            ],
            [
              -121.68704,
              37.6031
            ],
            [
              -121.68721,
              37.60276
            ],
            [
              -121.68746,
              37.60244
            ],
            [
              -121.68864,
              37.60122
            ],
            [
              -121.68884,
              37.60092
            ],
            [
              -121.68909,
              37.5998
            ],
            [
              -121.68902,
              37.59979
            ],
            [
              -121.68909,
              37.59943
            ],
            [
              -121.68971,
              37.5984
            ],
            [
              -121.68977,
              37.59826
            ],
            [
              -121.68981,
              37.59789
            ],
            [
              -121.68979,
              37.59768
            ],
            [
              -121.68969,
              37.59743
            ],
            [
              -121.68849,
              37.59548
            ],
            [
              -121.68829,
              37.59499
            ],
            [
              -121.68807,
              37.59395
            ],
            [
              -121.68808,
              37.59337
            ],
            [
              -121.68823,
              37.59212
            ],
            [
              -121.68818,
              37.59176
            ],
            [
              -121.68798,
              37.5914
            ],
            [
              -121.68763,
              37.59107
            ],
            [
              -121.68704,
              37.59063
            ],
            [
              -121.68684,
              37.59037
            ],
            [
              -121.68673,
              37.59007
            ],
            [
              -121.68672,
              37.58976
            ],
            [
              -121.68805,
              37.58523
            ],
            [
              -121.68831,
              37.58488
            ],
            [
              -121.68902,
              37.58425
            ],
            [
              -121.68923,
              37.58371
            ],
            [
              -121.6892,
              37.58324
            ],
            [
              -121.68833,
              37.57758
            ],
            [
              -121.68828,
              37.57682
            ],
            [
              -121.68837,
              37.5766
            ],
            [
              -121.68857,
              37.57639
            ],
            [
              -121.69042,
              37.57504
            ],
            [
              -121.69028,
              37.57485
            ],
            [
              -121.68829,
              37.57631
            ],
            [
              -121.68803,
              37.57668
            ],
            [
              -121.688,
              37.57723
            ],
            [
              -121.68894,
              37.58335
            ],
            [
              -121.68895,
              37.5837
            ],
            [
              -121.68885,
              37.58402
            ],
            [
              -121.68871,
              37.58422
            ],
            [
              -121.68802,
              37.58482
            ],
            [
              -121.68776,
              37.58522
            ],
            [
              -121.68647,
              37.58961
            ],
            [
              -121.68644,
              37.58987
            ],
            [
              -121.68645,
              37.5901
            ],
            [
              -121.68653,
              37.59033
            ],
            [
              -121.68674,
              37.59068
            ],
            [
              -121.68758,
              37.59135
            ],
            [
              -121.6878,
              37.5916
            ],
            [
              -121.68791,
              37.59181
            ],
            [
              -121.68795,
              37.59224
            ],
            [
              -121.68779,
              37.59371
            ],
            [
              -121.68782,
              37.59419
            ],
            [
              -121.68792,
              37.59466
            ],
            [
              -121.68823,
              37.59556
            ],
            [
              -121.68948,
              37.59762
            ],
            [
              -121.68953,
              37.5978
            ],
            [
              -121.6895,
              37.59821
            ],
            [
              -121.68882,
              37.59938
            ],
            [
              -121.68862,
              37.60057
            ],
            [
              -121.68847,
              37.60096
            ],
            [
              -121.68817,
              37.60135
            ],
            [
              -121.68723,
              37.60232
            ],
            [
              -121.68688,
              37.6028
            ],
            [
              -121.68669,
              37.60338
            ],
            [
              -121.68668,
              37.60386
            ],
            [
              -121.68673,
              37.60407
            ],
            [
              -121.68664,
              37.6041
            ],
            [
              -121.68664,
              37.60457
            ],
            [
              -121.68514,
              37.60473
            ],
            [
              -121.68463,
              37.60475
            ],
            [
              -121.68449,
              37.60469
            ],
            [
              -121.68426,
              37.60476
            ],
            [
              -121.68364,
              37.60482
            ],
            [
              -121.68311,
              37.60425
            ],
            [
              -121.68276,
              37.60364
            ],
            [
              -121.68164,
              37.60319
            ],
            [
              -121.68051,
              37.6026
            ],
            [
              -121.68028,
              37.60257
            ],
            [
              -121.68007,
              37.59494
            ],
            [
              -121.68013,
              37.59379
            ],
            [
              -121.68012,
              37.57509
            ],
            [
              -121.66844,
              37.57507
            ],
            [
              -121.66844,
              37.5716
            ],
            [
              -121.67088,
              37.57158
            ],
            [
              -121.67093,
              37.56802
            ],
            [
              -121.6801,
              37.56803
            ],
            [
              -121.68009,
              37.56426
            ],
            [
              -121.68961,
              37.56405
            ],
            [
              -121.69838,
              37.564
            ],
            [
              -121.70751,
              37.56403
            ],
            [
              -121.7075,
              37.57125
            ],
            [
              -121.71671,
              37.57124
            ],
            [
              -121.71667,
              37.58639
            ],
            [
              -121.71968,
              37.58835
            ],
            [
              -121.72582,
              37.59067
            ],
            [
              -121.74583,
              37.60894
            ],
            [
              -121.74737,
              37.6105
            ],
            [
              -121.74897,
              37.61319
            ],
            [
              -121.74974,
              37.61617
            ],
            [
              -121.74974,
              37.61658
            ],
            [
              -121.75027,
              37.61757
            ],
            [
              -121.75058,
              37.61804
            ],
            [
              -121.75104,
              37.6184
            ],
            [
              -121.75199,
              37.61893
            ],
            [
              -121.75185,
              37.61919
            ],
            [
              -121.75119,
              37.6192
            ],
            [
              -121.75033,
              37.6197
            ],
            [
              -121.74919,
              37.6192
            ],
            [
              -121.74861,
              37.62004
            ],
            [
              -121.74675,
              37.6196
            ],
            [
              -121.74678,
              37.61974
            ],
            [
              -121.74742,
              37.62107
            ],
            [
              -121.74838,
              37.62185
            ],
            [
              -121.74808,
              37.62246
            ],
            [
              -121.74692,
              37.62313
            ],
            [
              -121.74701,
              37.62354
            ],
            [
              -121.74527,
              37.626
            ],
            [
              -121.74284,
              37.62803
            ],
            [
              -121.74133,
              37.6279
            ],
            [
              -121.741,
              37.62211
            ],
            [
              -121.73257,
              37.62201
            ]
          ]
        ],
        "type": "Polygon"
      },
      "properties": {
        "feature_id": "ebrpd:48",
        "gis_acres": 4949.23423689,
        "name": "Del Valle",
        "objectid": 48,
        "official_name": "Del Valle Regional Park",
        "park_unit": "1",
        "source_object_id": 48,
        "status": "Parkland"
      },
      "type": "Feature"
    },
    {
      "geometry": {
        "coordinates": [
          [
            [
              [
                -121.75066,
                38.02097
              ],
              [
                -121.75066,
                38.01965
              ],
              [
                -121.7504,
                38.01961
              ],
              [
                -121.7504,
                38.01946
              ],
              [
                -121.75056,
                38.0188
              ],
              [
                -121.75041,
                38.01877
              ],
              [
                -121.7507,
                38.01749
              ],
              [
                -121.7507,
                38.01644
              ],
              [
                -121.75073,
                38.0166
              ],
              [
                -121.7509,
                38.01684
              ],
              [
                -121.75113,
                38.01698
              ],
              [
                -121.7514,
                38.01704
              ],
              [
                -121.75138,
                38.01805
              ],
              [
                -121.75143,
                38.01811
              ],
              [
                -121.75144,
                38.01852
              ],
              [
                -121.75137,
                38.01969
              ],
              [
                -121.75077,
                38.01965
              ],
              [
                -121.75076,
                38.02097
              ],
              [
                -121.75081,
                38.02097
              ],
              [
                -121.75081,
                38.02107
              ],
              [
                -121.75062,
                38.02107
              ],
              [
                -121.75062,
                38.02097
              ],
              [
                -121.75066,
                38.02097
              ]
            ]
          ],
          [
            [
              [
                -121.75179,
                38.01704
              ],
              [
                -121.7518,
                38.01727
              ],
              [
                -121.75167,
                38.01727
              ],
              [
                -121.75166,
                38.01704
              ],
              [
                -121.75179,
                38.01704
              ]
            ]
          ]
        ],
        "type": "MultiPolygon"
      },
      "properties": {
        "feature_id": "ebrpd:5",
        "gis_acres": 6.02381512,
        "name": "Antioch/Oakley Shoreline",
        "objectid": 5,
        "official_name": "Antioch/Oakley Regional Shoreline",
        "park_unit": "7",
        "source_object_id": 5,
        "status": "Parkland"
      },
      "type": "Feature"
    },
    {
      "geometry": {
        "coordinates": [
          [
            [
              -121.99212,
              37.90021
            ],
            [
              -121.99086,
              37.89959
            ],
            [
              -121.99252,
              37.89731
            ],
            [
              -121.99361,
              37.89791
            ],
            [
              -121.99573,
              37.89967
            ],
            [
              -121.99753,
              37.8994
            ],
            [
              -121.99806,
              37.90237
            ],
            [
              -121.99347,
              37.90195
            ],
            [
              -121.99292,
              37.90126
            ],
            [
              -121.99267,
              37.90069
            ],
            [
              -121.99255,
              37.90052
            ],
            [
              -121.99239,
              37.90036
            ],
            [
              -121.99212,
              37.90021
            ]
          ]
        ],
        "type": "Polygon"
      },
      "properties": {
        "feature_id": "ebrpd:52",
        "gis_acres": 46.45115789,
        "name": "Diablo Foothills",
        "objectid": 52,
        "official_name": "Diablo Foothills Regional Park",
        "park_unit": "6",
        "source_object_id": 52,
        "status": "Landbank"
      },
      "type": "Feature"
    },
    {
      "geometry": {
        "coordinates": [
          [
            [
              [
                -121.99856,
                37.89704
              ],
              [
                -121.9974,
                37.89568
              ],
              [
                -121.99736,
                37.89443
              ],
              [
                -121.99558,
                37.89423
              ],
              [
                -121.99519,
                37.89377
              ],
              [
                -121.99481,
                37.894
              ],
              [
                -121.99461,
                37.8931
              ],
              [
                -121.99449,
                37.89227
              ],
              [
                -121.99388,
                37.89051
              ],
              [
                -121.99451,
                37.88997
              ],
              [
                -121.99383,
                37.88948
              ],
              [
                -121.9931,
                37.88916
              ],
              [
                -121.99296,
                37.88831
              ],
              [
                -121.99137,
                37.88614
              ],
              [
                -121.9924,
                37.886
              ],
              [
                -121.992,
                37.88506
              ],
              [
                -121.99154,
                37.8849
              ],
              [
                -121.991,
                37.88489
              ],
              [
                -121.99115,
                37.88453
              ],
              [
                -121.99089,
                37.88379
              ],
              [
                -121.99077,
                37.88317
              ],
              [
                -121.99063,
                37.88327
              ],
              [
                -121.99048,
                37.8831
              ],
              [
                -121.99024,
                37.88255
              ],
              [
                -121.9902,
                37.88221
              ],
              [
                -121.98967,
                37.88153
              ],
              [
                -121.98973,
                37.88041
              ],
              [
                -121.98942,
                37.87966
              ],
              [
                -121.9885,
                37.87962
              ],
              [
                -121.98741,
                37.87894
              ],
              [
                -121.98587,
                37.87859
              ],
              [
                -121.9852,
                37.87806
              ],
              [
                -121.98418,
                37.87786
              ],
              [
                -121.98348,
                37.87754
              ],
              [
                -121.98335,
                37.87752
              ],
              [
                -121.99007,
                37.86839
              ],
              [
                -121.99839,
                37.86982
              ],
              [
                -121.99712,
                37.87235
              ],
              [
                -122.00181,
                37.87382
              ],
              [
                -122.00225,
                37.87428
              ],
              [
                -122.00212,
                37.87461
              ],
              [
                -122.00114,
                37.87518
              ],
              [
                -122.00043,
                37.87603
              ],
              [
                -122.00028,
                37.8767
              ],
              [
                -122.00161,
                37.87756
              ],
              [
                -122.00347,
                37.87749
              ],
              [
                -122.00496,
                37.87872
              ],
              [
                -122.00648,
                37.87965
              ],
              [
                -122.00753,
                37.87952
              ],
              [
                -122.00809,
                37.87909
              ],
              [
                -122.00811,
                37.87823
              ],
              [
                -122.00865,
                37.87781
              ],
              [
                -122.00862,
                37.87692
              ],
              [
                -122.01044,
                37.8749
              ],
              [
                -122.01026,
                37.87342
              ],
              [
                -122.00938,
                37.87311
              ],
              [
                -122.01054,
                37.87264
              ],
              [
                -122.01031,
                37.8722
              ],
              [
                -122.00945,
                37.87176
              ],
              [
                -122.00943,
                37.87153
              ],
              [
                -122.00998,
                37.87064
              ],
              [
                -122.00996,
                37.87059
              ],
              [
                -122.01002,
                37.87057
              ],
              [
                -122.01005,
                37.87063
              ],
              [
                -122.01012,
                37.87064
              ],
              [
                -122.01016,
                37.87072
              ],
              [
                -122.01009,
                37.87071
              ],
              [
                -122.01019,
                37.87077
              ],
              [
                -122.01029,
                37.87071
              ],
              [
                -122.01035,
                37.87058
              ],
              [
                -122.01062,
                37.87042
              ],
              [
                -122.01088,
                37.87037
              ],
              [
                -122.01093,
                37.87044
              ],
              [
                -122.00977,
                37.87113
              ],
              [
                -122.00953,
                37.87152
              ],
              [
                -122.00956,
                37.87175
              ],
              [
                -122.0103,
                37.87187
              ],
              [
                -122.0149,
                37.88054
              ],
              [
                -121.99982,
                37.88434
              ],
              [
                -122.00224,
                37.8909
              ],
              [
                -122.00244,
                37.89146
              ],
              [
                -122.00242,
                37.89153
              ],
              [
                -122.00255,
                37.89157
              ],
              [
                -122.00342,
                37.89442
              ],
              [
                -122.00263,
                37.89463
              ],
              [
                -122.00253,
                37.89477
              ],
              [
                -122.00253,
                37.89512
              ],
              [
                -122.00245,
                37.89513
              ],
              [
                -122.00244,
                37.89535
              ],
              [
                -122.00259,
                37.89557
              ],
              [
                -122.00254,
                37.89583
              ],
              [
                -122.00256,
                37.89624
              ],
              [
                -122.00252,
                37.89643
              ],
              [
                -122.00241,
                37.89641
              ],
              [
                -122.00219,
                37.89658
              ],
              [
                -122.00218,
                37.89666
              ],
              [
                -122.00224,
                37.8968
              ],
              [
                -122.00242,
                37.89675
              ],
              [
                -122.00226,
                37.89712
              ],
              [
                -122.00224,
                37.89727
              ],
              [
                -122.00259,
                37.89785
              ],
              [
                -122.00257,
                37.89842
              ],
              [
                -122.00246,
                37.8989
              ],
              [
                -122.0021,
                37.89937
              ],
              [
                -122.00192,
                37.89982
              ],
              [
                -122.00095,
                37.89934
              ],
              [
                -121.99939,
                37.89795
              ],
              [
                -121.99856,
                37.89704
              ]
            ]
          ],
          [
            [
              [
                -122.00413,
                37.88143
              ],
              [
                -122.00272,
                37.88035
              ],
              [
                -122.00203,
                37.88064
              ],
              [
                -122.00169,
                37.88091
              ],
              [
                -122.00136,
                37.88174
              ],
              [
                -122.00277,
                37.88282
              ],
              [
                -122.00414,
                37.88198
              ],
              [
                -122.00413,
                37.88143
              ]
            ]
          ],
          [
            [
              [
                -121.99252,
                37.89731
              ],
              [
                -121.99111,
                37.89654
              ],
              [
                -121.98855,
                37.89551
              ],
              [
                -121.98813,
                37.89483
              ],
              [
                -121.98807,
                37.89463
              ],
              [
                -121.98812,
                37.89415
              ],
              [
                -121.98828,
                37.89393
              ],
              [
                -121.98918,
                37.89446
              ],
              [
                -121.98994,
                37.89477
              ],
              [
                -121.98966,
                37.89519
              ],
              [
                -121.99021,
                37.89531
              ],
              [
                -121.9908,
                37.89563
              ],
              [
                -121.99153,
                37.89547
              ],
              [
                -121.99223,
                37.89552
              ],
              [
                -121.99288,
                37.89507
              ],
              [
                -121.99337,
                37.89509
              ],
              [
                -121.99346,
                37.89494
              ],
              [
                -121.99366,
                37.89495
              ],
              [
                -121.99396,
                37.89471
              ],
              [
                -121.99365,
                37.89442
              ],
              [
                -121.99383,
                37.89429
              ],
              [
                -121.99413,
                37.89428
              ],
              [
                -121.99436,
                37.89416
              ],
              [
                -121.9944,
                37.8942
              ],
              [
                -121.99438,
                37.89429
              ],
              [
                -121.99389,
                37.89432
              ],
              [
                -121.99379,
                37.89441
              ],
              [
                -121.99381,
                37.89449
              ],
              [
                -121.99403,
                37.89464
              ],
              [
                -121.99403,
                37.89477
              ],
              [
                -121.99397,
                37.89484
              ],
              [
                -121.99348,
                37.89507
              ],
              [
                -121.9946,
                37.89612
              ],
              [
                -121.99563,
                37.89679
              ],
              [
                -121.99595,
                37.89716
              ],
              [
                -121.99667,
                37.89676
              ],
              [
                -121.99688,
                37.89702
              ],
              [
                -121.99663,
                37.89725
              ],
              [
                -121.99633,
                37.89776
              ],
              [
                -121.99608,
                37.89784
              ],
              [
                -121.99701,
                37.89857
              ],
              [
                -121.99758,
                37.89939
              ],
              [
                -121.99573,
                37.89967
              ],
              [
                -121.99361,
                37.89791
              ],
              [
                -121.99252,
                37.89731
              ]
            ]
          ]
        ],
        "type": "MultiPolygon"
      },
      "properties": {
        "feature_id": "ebrpd:53",
        "gis_acres": 910.44537378,
        "name": "Diablo Foothills",
        "objectid": 53,
        "official_name": "Diablo Foothills Regional Park",
        "park_unit": "6",
        "source_object_id": 53,
        "status": "Parkland"
      },
      "type": "Feature"
    },
    {
      "geometry": {
        "coordinates": [
          [
            [
              [
                -121.84565,
                37.97702
              ],
              [
                -121.84556,
                37.97703
              ],
              [
                -121.84551,
                37.9767
              ],
              [
                -121.84571,
                37.97647
              ],
              [
                -121.84471,
                37.97647
              ],
              [
                -121.84411,
                37.97599
              ],
              [
                -121.8376,
                37.97593
              ],
              [
                -121.83763,
                37.96866
              ],
              [
                -121.84223,
                37.96872
              ],
              [
                -121.85128,
                37.96873
              ],
              [
                -121.85129,
                37.97598
              ],
              [
                -121.84967,
                37.97598
              ],
              [
                -121.84885,
                37.97658
              ],
              [
                -121.84815,
                37.97676
              ],
              [
                -121.84754,
                37.97679
              ],
              [
                -121.84661,
                37.97665
              ],
              [
                -121.84642,
                37.97646
              ],
              [
                -121.84614,
                37.97643
              ],
              [
                -121.84598,
                37.97659
              ],
              [
                -121.84583,
                37.97686
              ],
              [
                -121.84581,
                37.97704
              ],
              [
                -121.84577,
                37.97707
              ],
              [
                -121.84565,
                37.97702
              ]
            ]
          ],
          [
            [
              [
                -121.84843,
                37.97187
              ],
              [
                -121.84798,
                37.9715
              ],
              [
                -121.84797,
                37.97142
              ],
              [
                -121.84802,
                37.97136
              ],
              [
                -121.84814,
                37.97135
              ],
              [
                -121.84907,
                37.97158
              ],
              [
                -121.84975,
                37.97148
              ],
              [
                -121.84979,
                37.97154
              ],
              [
                -121.84969,
                37.97166
              ],
              [
                -121.84977,
                37.97182
              ],
              [
                -121.84993,
                37.97182
              ],
              [
                -121.84999,
                37.97171
              ],
              [
                -121.84995,
                37.9715
              ],
              [
                -121.84984,
                37.97142
              ],
              [
                -121.84901,
                37.97152
              ],
              [
                -121.84814,
                37.97129
              ],
              [
                -121.84794,
                37.97133
              ],
              [
                -121.84787,
                37.97145
              ],
              [
                -121.8479,
                37.97155
              ],
              [
                -121.84844,
                37.97203
              ],
              [
                -121.84841,
                37.97263
              ],
              [
                -121.84847,
                37.97275
              ],
              [
                -121.84856,
                37.97272
              ],
              [
                -121.84851,
                37.97261
              ],
              [
                -121.84855,
                37.97209
              ],
              [
                -121.8485,
                37.97193
              ],
              [
                -121.84843,
                37.97187
              ]
            ]
          ],
          [
            [
              [
                -121.80542,
                37.93932
              ],
              [
                -121.80543,
                37.93902
              ],
              [
                -121.82405,
                37.93901
              ],
              [
                -121.82404,
                37.93943
              ],
              [
                -121.80542,
                37.93943
              ],
              [
                -121.80542,
                37.93932
              ]
            ]
          ],
          [
            [
              [
                -121.81654,
                37.96532
              ],
              [
                -121.81654,
                37.96524
              ],
              [
                -121.81777,
                37.96521
              ],
              [
                -121.81813,
                37.96509
              ],
              [
                -121.81813,
                37.96532
              ],
              [
                -121.81654,
                37.96532
              ]
            ]
          ],
          [
            [
              [
                -121.81822,
                37.96532
              ],
              [
                -121.81822,
                37.96521
              ],
              [
                -121.81846,
                37.96521
              ],
              [
                -121.81968,
                37.96473
              ],
              [
                -121.82075,
                37.96398
              ],
              [
                -121.82118,
                37.96329
              ],
              [
                -121.82131,
                37.96258
              ],
              [
                -121.82219,
                37.96094
              ],
              [
                -121.82168,
                37.95897
              ],
              [
                -121.81892,
                37.95722
              ],
              [
                -121.81696,
                37.95722
              ],
              [
                -121.81641,
                37.95675
              ],
              [
                -121.81446,
                37.95723
              ],
              [
                -121.81356,
                37.95804
              ],
              [
                -121.81197,
                37.95807
              ],
              [
                -121.81101,
                37.95739
              ],
              [
                -121.8103,
                37.95743
              ],
              [
                -121.80802,
                37.9585
              ],
              [
                -121.80689,
                37.9578
              ],
              [
                -121.80722,
                37.95746
              ],
              [
                -121.80728,
                37.9573
              ],
              [
                -121.80821,
                37.95735
              ],
              [
                -121.80964,
                37.95705
              ],
              [
                -121.81212,
                37.95689
              ],
              [
                -121.81302,
                37.95664
              ],
              [
                -121.81411,
                37.95651
              ],
              [
                -121.81432,
                37.95633
              ],
              [
                -121.81434,
                37.95608
              ],
              [
                -121.81417,
                37.95588
              ],
              [
                -121.81361,
                37.95557
              ],
              [
                -121.81327,
                37.95544
              ],
              [
                -121.81323,
                37.9548
              ],
              [
                -121.81139,
                37.95482
              ],
              [
                -121.81141,
                37.95555
              ],
              [
                -121.81279,
                37.95553
              ],
              [
                -121.81318,
                37.95565
              ],
              [
                -121.81325,
                37.95549
              ],
              [
                -121.81372,
                37.95569
              ],
              [
                -121.81418,
                37.95596
              ],
              [
                -121.81428,
                37.95612
              ],
              [
                -121.81424,
                37.95633
              ],
              [
                -121.81399,
                37.95649
              ],
              [
                -121.81304,
                37.95658
              ],
              [
                -121.81208,
                37.95684
              ],
              [
                -121.80957,
                37.957
              ],
              [
                -121.80828,
                37.95729
              ],
              [
                -121.80729,
                37.95725
              ],
              [
                -121.80723,
                37.95704
              ],
              [
                -121.80712,
                37.95693
              ],
              [
                -121.80641,
                37.95666
              ],
              [
                -121.80616,
                37.95649
              ],
              [
                -121.80568,
                37.95586
              ],
              [
                -121.80546,
                37.95568
              ],
              [
                -121.80546,
                37.95496
              ],
              [
                -121.8056,
                37.95448
              ],
              [
                -121.80559,
                37.95423
              ],
              [
                -121.80548,
                37.95396
              ],
              [
                -121.8225,
                37.95387
              ],
              [
                -121.82406,
                37.95459
              ],
              [
                -121.82404,
                37.95587
              ],
              [
                -121.82385,
                37.956
              ],
              [
                -121.82381,
                37.95659
              ],
              [
                -121.82342,
                37.95721
              ],
              [
                -121.82349,
                37.95835
              ],
              [
                -121.82323,
                37.95927
              ],
              [
                -121.82316,
                37.95986
              ],
              [
                -121.82288,
                37.96063
              ],
              [
                -121.8222,
                37.96185
              ],
              [
                -121.82186,
                37.96263
              ],
              [
                -121.82177,
                37.96332
              ],
              [
                -121.82235,
                37.96511
              ],
              [
                -121.82196,
                37.96525
              ],
              [
                -121.82143,
                37.96531
              ],
              [
                -121.81822,
                37.96532
              ]
            ]
          ],
          [
            [
              [
                -121.87839,
                37.97616
              ],
              [
                -121.87846,
                37.96891
              ],
              [
                -121.88748,
                37.96904
              ],
              [
                -121.88773,
                37.97629
              ],
              [
                -121.87839,
                37.97616
              ]
            ]
          ],
          [
            [
              [
                -121.89855,
                37.98264
              ],
              [
                -121.89632,
                37.97665
              ],
              [
                -121.89668,
                37.97665
              ],
              [
                -121.89696,
                37.97739
              ],
              [
                -121.89692,
                37.97729
              ],
              [
                -121.8969,
                37.97646
              ],
              [
                -121.90266,
                37.97661
              ],
              [
                -121.90651,
                37.97648
              ],
              [
                -121.90591,
                37.97685
              ],
              [
                -121.90531,
                37.97703
              ],
              [
                -121.90478,
                37.97739
              ],
              [
                -121.90411,
                37.97754
              ],
              [
                -121.90261,
                37.97823
              ],
              [
                -121.90159,
                37.97861
              ],
              [
                -121.90071,
                37.97912
              ],
              [
                -121.89998,
                37.97977
              ],
              [
                -121.89944,
                37.98053
              ],
              [
                -121.89911,
                37.98135
              ],
              [
                -121.89875,
                37.98263
              ],
              [
                -121.89865,
                37.9827
              ],
              [
                -121.89855,
                37.98264
              ]
            ]
          ],
          [
            [
              [
                -121.85604,
                37.98319
              ],
              [
                -121.85479,
                37.9832
              ],
              [
                -121.85537,
                37.98157
              ],
              [
                -121.85547,
                37.98142
              ],
              [
                -121.85585,
                37.98108
              ],
              [
                -121.85695,
                37.98079
              ],
              [
                -121.85735,
                37.9805
              ],
              [
                -121.85748,
                37.98031
              ],
              [
                -121.85763,
                37.97978
              ],
              [
                -121.85798,
                37.97929
              ],
              [
                -121.8584,
                37.97888
              ],
              [
                -121.85889,
                37.97856
              ],
              [
                -121.85945,
                37.97809
              ],
              [
                -121.8602,
                37.97771
              ],
              [
                -121.86032,
                37.9776
              ],
              [
                -121.86055,
                37.97719
              ],
              [
                -121.86167,
                37.97627
              ],
              [
                -121.86186,
                37.97598
              ],
              [
                -121.8696,
                37.97599
              ],
              [
                -121.86971,
                37.98273
              ],
              [
                -121.86651,
                37.9828
              ],
              [
                -121.8665,
                37.98119
              ],
              [
                -121.86428,
                37.9812
              ],
              [
                -121.8643,
                37.98281
              ],
              [
                -121.86036,
                37.98284
              ],
              [
                -121.86037,
                37.98316
              ],
              [
                -121.85604,
                37.98319
              ]
            ]
          ],
          [
            [
              [
                -121.90609,
                37.97728
              ],
              [
                -121.90653,
                37.97703
              ],
              [
                -121.90664,
                37.98361
              ],
              [
                -121.89894,
                37.98367
              ],
              [
                -121.89937,
                37.98186
              ],
              [
                -121.89955,
                37.98168
              ],
              [
                -121.89958,
                37.98155
              ],
              [
                -121.89949,
                37.98126
              ],
              [
                -121.89986,
                37.98049
              ],
              [
                -121.90045,
                37.97977
              ],
              [
                -121.90121,
                37.97917
              ],
              [
                -121.90212,
                37.9787
              ],
              [
                -121.90531,
                37.97761
              ],
              [
                -121.90609,
                37.97728
              ]
            ]
          ]
        ],
        "type": "MultiPolygon"
      },
      "properties": {
        "feature_id": "ebrpd:539",
        "gis_acres": 934.19843645,
        "name": "Black Diamond Mines",
        "objectid": 539,
        "official_name": "Black Diamond Mines Regional Preserve",
        "park_unit": "7",
        "source_object_id": 539,
        "status": "Landbank"
      },
      "type": "Feature"
    },
    {
      "geometry": {
        "coordinates": [
          [
            [
              -122.0443,
              37.69495
            ],
            [
              -122.04443,
              37.69484
            ],
            [
              -122.04436,
              37.69484
            ],
            [
              -122.04434,
              37.69471
            ],
            [
              -122.04447,
              37.69457
            ],
            [
              -122.04474,
              37.69442
            ],
            [
              -122.04516,
              37.69407
            ],
            [
              -122.04494,
              37.69362
            ],
            [
              -122.04499,
              37.69344
            ],
            [
              -122.04451,
              37.69339
            ],
            [
              -122.0444,
              37.69311
            ],
            [
              -122.04449,
              37.69281
            ],
            [
              -122.04456,
              37.69281
            ],
            [
              -122.04437,
              37.69253
            ],
            [
              -122.04448,
              37.69232
            ],
            [
              -122.04501,
              37.69184
            ],
            [
              -122.04682,
              37.69227
            ],
            [
              -122.04649,
              37.69079
            ],
            [
              -122.04436,
              37.68999
            ],
            [
              -122.0459,
              37.68885
            ],
            [
              -122.04634,
              37.68978
            ],
            [
              -122.04766,
              37.69015
            ],
            [
              -122.04857,
              37.69003
            ],
            [
              -122.04902,
              37.69009
            ],
            [
              -122.04925,
              37.69005
            ],
            [
              -122.04972,
              37.68978
            ],
            [
              -122.0496,
              37.68951
            ],
            [
              -122.05135,
              37.68901
            ],
            [
              -122.05114,
              37.68862
            ],
            [
              -122.05124,
              37.68858
            ],
            [
              -122.05202,
              37.69025
            ],
            [
              -122.0525,
              37.69018
            ],
            [
              -122.05276,
              37.68967
            ],
            [
              -122.05267,
              37.6895
            ],
            [
              -122.05299,
              37.6894
            ],
            [
              -122.05315,
              37.68927
            ],
            [
              -122.05364,
              37.68902
            ],
            [
              -122.05376,
              37.68926
            ],
            [
              -122.05486,
              37.68961
            ],
            [
              -122.05486,
              37.68945
            ],
            [
              -122.05512,
              37.68946
            ],
            [
              -122.05514,
              37.68972
            ],
            [
              -122.05555,
              37.68987
            ],
            [
              -122.0562,
              37.68985
            ],
            [
              -122.05698,
              37.69056
            ],
            [
              -122.05729,
              37.69054
            ],
            [
              -122.05732,
              37.69081
            ],
            [
              -122.05729,
              37.69156
            ],
            [
              -122.05636,
              37.69217
            ],
            [
              -122.05722,
              37.69224
            ],
            [
              -122.05691,
              37.69227
            ],
            [
              -122.05671,
              37.69235
            ],
            [
              -122.05675,
              37.69252
            ],
            [
              -122.0569,
              37.6927
            ],
            [
              -122.0569,
              37.69281
            ],
            [
              -122.05684,
              37.6929
            ],
            [
              -122.05692,
              37.6931
            ],
            [
              -122.05537,
              37.69286
            ],
            [
              -122.05487,
              37.69299
            ],
            [
              -122.0541,
              37.69283
            ],
            [
              -122.05341,
              37.69285
            ],
            [
              -122.05274,
              37.69271
            ],
            [
              -122.05269,
              37.69284
            ],
            [
              -122.05176,
              37.69261
            ],
            [
              -122.04986,
              37.69267
            ],
            [
              -122.04985,
              37.69253
            ],
            [
              -122.04867,
              37.69261
            ],
            [
              -122.04764,
              37.69293
            ],
            [
              -122.04696,
              37.69323
            ],
            [
              -122.0458,
              37.69408
            ],
            [
              -122.0459,
              37.69422
            ],
            [
              -122.04501,
              37.69514
            ],
            [
              -122.04445,
              37.69518
            ],
            [
              -122.0443,
              37.69495
            ]
          ]
        ],
        "type": "Polygon"
      },
      "properties": {
        "feature_id": "ebrpd:54",
        "gis_acres": 94.59582719,
        "name": "Don Castro",
        "objectid": 54,
        "official_name": "Don Castro Regional Recreation Area",
        "park_unit": "2",
        "source_object_id": 54,
        "status": "Parkland"
      },
      "type": "Feature"
    },
    {
      "geometry": {
        "coordinates": [
          [
            [
              -122.01833,
              37.63459
            ],
            [
              -121.99649,
              37.62165
            ],
            [
              -121.99511,
              37.62094
            ],
            [
              -121.98472,
              37.61209
            ],
            [
              -121.98517,
              37.61159
            ],
            [
              -121.98541,
              37.61115
            ],
            [
              -121.98659,
              37.61036
            ],
            [
              -121.98682,
              37.60997
            ],
            [
              -121.98741,
              37.60964
            ],
            [
              -121.98854,
              37.60819
            ],
            [
              -121.98904,
              37.60703
            ],
            [
              -121.98932,
              37.60668
            ],
            [
              -121.9897,
              37.60652
            ],
            [
              -121.99072,
              37.60657
            ],
            [
              -121.99115,
              37.6068
            ],
            [
              -121.9917,
              37.60678
            ],
            [
              -121.99237,
              37.60683
            ],
            [
              -121.99304,
              37.60698
            ],
            [
              -121.99393,
              37.60678
            ],
            [
              -121.99463,
              37.60648
            ],
            [
              -121.99546,
              37.60628
            ],
            [
              -121.99613,
              37.60636
            ],
            [
              -121.99814,
              37.60697
            ],
            [
              -121.99867,
              37.60759
            ],
            [
              -121.99932,
              37.60796
            ],
            [
              -121.99962,
              37.60825
            ],
            [
              -121.99981,
              37.60832
            ],
            [
              -122.0007,
              37.60808
            ],
            [
              -122.00099,
              37.60813
            ],
            [
              -122.00115,
              37.60824
            ],
            [
              -122.00128,
              37.60824
            ],
            [
              -122.00147,
              37.6081
            ],
            [
              -122.00158,
              37.60787
            ],
            [
              -122.002,
              37.60802
            ],
            [
              -122.00273,
              37.60775
            ],
            [
              -122.00277,
              37.60758
            ],
            [
              -122.00315,
              37.60725
            ],
            [
              -122.00325,
              37.60695
            ],
            [
              -122.0034,
              37.60684
            ],
            [
              -122.00379,
              37.60671
            ],
            [
              -122.0042,
              37.60667
            ],
            [
              -122.00439,
              37.60648
            ],
            [
              -122.00449,
              37.60596
            ],
            [
              -122.00472,
              37.60581
            ],
            [
              -122.00572,
              37.60612
            ],
            [
              -122.00607,
              37.60597
            ],
            [
              -122.00614,
              37.60586
            ],
            [
              -122.00632,
              37.60576
            ],
            [
              -122.00648,
              37.60578
            ],
            [
              -122.00687,
              37.60604
            ],
            [
              -122.00711,
              37.60607
            ],
            [
              -122.00757,
              37.60602
            ],
            [
              -122.00782,
              37.60623
            ],
            [
              -122.00824,
              37.60644
            ],
            [
              -122.00857,
              37.60641
            ],
            [
              -122.00911,
              37.60662
            ],
            [
              -122.00951,
              37.60686
            ],
            [
              -122.00958,
              37.60712
            ],
            [
              -122.0101,
              37.60761
            ],
            [
              -122.01427,
              37.60466
            ],
            [
              -122.017,
              37.60712
            ],
            [
              -122.0174,
              37.60676
            ],
            [
              -122.01802,
              37.60732
            ],
            [
              -122.01824,
              37.60735
            ],
            [
              -122.01961,
              37.60614
            ],
            [
              -122.01969,
              37.60621
            ],
            [
              -122.01783,
              37.60786
            ],
            [
              -122.01769,
              37.60818
            ],
            [
              -122.01771,
              37.60821
            ],
            [
              -122.0179,
              37.60817
            ],
            [
              -122.01804,
              37.60826
            ],
            [
              -122.01788,
              37.60835
            ],
            [
              -122.01791,
              37.60854
            ],
            [
              -122.01787,
              37.60869
            ],
            [
              -122.01792,
              37.60888
            ],
            [
              -122.01795,
              37.60949
            ],
            [
              -122.01785,
              37.61007
            ],
            [
              -122.01758,
              37.61044
            ],
            [
              -122.01754,
              37.61063
            ],
            [
              -122.01955,
              37.61201
            ],
            [
              -122.02165,
              37.61354
            ],
            [
              -122.02249,
              37.61428
            ],
            [
              -122.02312,
              37.61382
            ],
            [
              -122.02461,
              37.61512
            ],
            [
              -122.02385,
              37.61546
            ],
            [
              -122.02716,
              37.61843
            ],
            [
              -122.02684,
              37.61865
            ],
            [
              -122.02751,
              37.61927
            ],
            [
              -122.02786,
              37.61905
            ],
            [
              -122.02963,
              37.62065
            ],
            [
              -122.01852,
              37.62895
            ],
            [
              -122.02251,
              37.63232
            ],
            [
              -122.02201,
              37.63232
            ],
            [
              -122.02181,
              37.6324
            ],
            [
              -122.02123,
              37.63296
            ],
            [
              -122.02106,
              37.6332
            ],
            [
              -122.02078,
              37.63335
            ],
            [
              -122.02044,
              37.63341
            ],
            [
              -122.02,
              37.63332
            ],
            [
              -122.01833,
              37.63459
            ]
          ]
        ],
        "type": "Polygon"
      },
      "properties": {
        "feature_id": "ebrpd:56",
        "gis_acres": 1675.11468864,
        "name": "Dry Creek Pioneer",
        "objectid": 56,
        "official_name": "Dry Creek Pioneer Regional Park",
        "park_unit": "2",
        "source_object_id": 56,
        "status": "Parkland"
      },
      "type": "Feature"
    },
    {
      "geometry": {
        "coordinates": [
          [
            [
              -121.97864,
              37.72406
            ],
            [
              -121.98622,
              37.72383
            ],
            [
              -121.98625,
              37.72657
            ],
            [
              -121.98764,
              37.72776
            ],
            [
              -121.98762,
              37.73085
            ],
            [
              -121.98766,
              37.73258
            ],
            [
              -121.9869,
              37.73202
            ],
            [
              -121.97965,
              37.7298
            ],
            [
              -121.97861,
              37.72967
            ],
            [
              -121.97864,
              37.72406
            ]
          ]
        ],
        "type": "Polygon"
      },
      "properties": {
        "feature_id": "ebrpd:57",
        "gis_acres": 140.60250906,
        "name": "Dublin Hills",
        "objectid": 57,
        "official_name": "Dublin Hills Regional Park",
        "park_unit": "1",
        "source_object_id": 57,
        "status": "Landbank"
      },
      "type": "Feature"
    },
    {
      "geometry": {
        "coordinates": [
          [
            [
              [
                -121.96902,
                37.72418
              ],
              [
                -121.96921,
                37.71662
              ],
              [
                -121.97391,
                37.71666
              ],
              [
                -121.97387,
                37.71297
              ],
              [
                -121.96598,
                37.71289
              ],
              [
                -121.96618,
                37.70931
              ],
              [
                -121.96576,
                37.709
              ],
              [
                -121.96438,
                37.70857
              ],
              [
                -121.96393,
                37.70856
              ],
              [
                -121.96355,
                37.70842
              ],
              [
                -121.96248,
                37.70838
              ],
              [
                -121.961,
                37.70845
              ],
              [
                -121.96063,
                37.70871
              ],
              [
                -121.96038,
                37.7088
              ],
              [
                -121.96029,
                37.7089
              ],
              [
                -121.96031,
                37.70798
              ],
              [
                -121.96123,
                37.70791
              ],
              [
                -121.96213,
                37.70726
              ],
              [
                -121.96198,
                37.70643
              ],
              [
                -121.9629,
                37.70609
              ],
              [
                -121.96342,
                37.70516
              ],
              [
                -121.96407,
                37.70321
              ],
              [
                -121.96201,
                37.70187
              ],
              [
                -121.96035,
                37.70186
              ],
              [
                -121.96038,
                37.70032
              ],
              [
                -121.95968,
                37.70031
              ],
              [
                -121.9583,
                37.69996
              ],
              [
                -121.95806,
                37.69944
              ],
              [
                -121.95957,
                37.69999
              ],
              [
                -121.96069,
                37.70003
              ],
              [
                -121.96169,
                37.70051
              ],
              [
                -121.96219,
                37.70057
              ],
              [
                -121.96284,
                37.70016
              ],
              [
                -121.9652,
                37.70002
              ],
              [
                -121.96621,
                37.7002
              ],
              [
                -121.96811,
                37.70065
              ],
              [
                -121.97093,
                37.70061
              ],
              [
                -121.97075,
                37.70115
              ],
              [
                -121.97081,
                37.70163
              ],
              [
                -121.97003,
                37.70169
              ],
              [
                -121.96966,
                37.70258
              ],
              [
                -121.96967,
                37.70307
              ],
              [
                -121.96987,
                37.70353
              ],
              [
                -121.96997,
                37.70491
              ],
              [
                -121.97053,
                37.7062
              ],
              [
                -121.971,
                37.70677
              ],
              [
                -121.97202,
                37.70767
              ],
              [
                -121.9721,
                37.70768
              ],
              [
                -121.97197,
                37.70802
              ],
              [
                -121.97196,
                37.70821
              ],
              [
                -121.97213,
                37.70861
              ],
              [
                -121.9728,
                37.70912
              ],
              [
                -121.97287,
                37.70929
              ],
              [
                -121.97286,
                37.70944
              ],
              [
                -121.97383,
                37.7094
              ],
              [
                -121.97849,
                37.70939
              ],
              [
                -121.97864,
                37.72406
              ],
              [
                -121.9732,
                37.72422
              ],
              [
                -121.96902,
                37.72418
              ]
            ]
          ],
          [
            [
              [
                -121.97418,
                37.69966
              ],
              [
                -121.97431,
                37.69951
              ],
              [
                -121.97482,
                37.69981
              ],
              [
                -121.97556,
                37.70047
              ],
              [
                -121.97561,
                37.70054
              ],
              [
                -121.97558,
                37.70065
              ],
              [
                -121.97539,
                37.70076
              ],
              [
                -121.97504,
                37.70047
              ],
              [
                -121.97401,
                37.69988
              ],
              [
                -121.97418,
                37.69966
              ]
            ]
          ]
        ],
        "type": "MultiPolygon"
      },
      "properties": {
        "feature_id": "ebrpd:58",
        "gis_acres": 501.70363347,
        "name": "Dublin Hills",
        "objectid": 58,
        "official_name": "Dublin Hills Regional Park",
        "park_unit": "1",
        "source_object_id": 58,
        "status": "Parkland"
      },
      "type": "Feature"
    },
    {
      "geometry": {
        "coordinates": [
          [
            [
              -122.07669,
              37.54296
            ],
            [
              -122.07303,
              37.53729
            ],
            [
              -122.07316,
              37.5372
            ],
            [
              -122.07336,
              37.53744
            ],
            [
              -122.07409,
              37.53713
            ],
            [
              -122.07425,
              37.53714
            ],
            [
              -122.07517,
              37.53741
            ],
            [
              -122.07542,
              37.53781
            ],
            [
              -122.07562,
              37.53833
            ],
            [
              -122.07583,
              37.53857
            ],
            [
              -122.07609,
              37.53872
            ],
            [
              -122.07607,
              37.53883
            ],
            [
              -122.07656,
              37.53905
            ],
            [
              -122.07694,
              37.53913
            ],
            [
              -122.0774,
              37.53938
            ],
            [
              -122.07797,
              37.53961
            ],
            [
              -122.07808,
              37.53957
            ],
            [
              -122.07838,
              37.53959
            ],
            [
              -122.07848,
              37.53977
            ],
            [
              -122.07867,
              37.53972
            ],
            [
              -122.07881,
              37.53979
            ],
            [
              -122.07889,
              37.53998
            ],
            [
              -122.07847,
              37.5409
            ],
            [
              -122.07973,
              37.54167
            ],
            [
              -122.07868,
              37.54206
            ],
            [
              -122.07871,
              37.54213
            ],
            [
              -122.07669,
              37.54296
            ]
          ]
        ],
        "type": "Polygon"
      },
      "properties": {
        "feature_id": "ebrpd:59",
        "gis_acres": 37.14041727,
        "name": "Dumbarton Quarry Campground on the Bay",
        "objectid": 59,
        "official_name": "Dumbarton Quarry Campground on the Bay",
        "park_unit": "2",
        "source_object_id": 59,
        "status": "Parkland"
      },
      "type": "Feature"
    },
    {
      "geometry": {
        "coordinates": [
          [
            [
              -122.04109,
              37.56503
            ],
            [
              -122.04085,
              37.56479
            ],
            [
              -122.04043,
              37.56454
            ],
            [
              -122.04032,
              37.56414
            ],
            [
              -122.04038,
              37.56335
            ],
            [
              -122.04026,
              37.56281
            ],
            [
              -122.04032,
              37.56263
            ],
            [
              -122.04066,
              37.56208
            ],
            [
              -122.04083,
              37.56189
            ],
            [
              -122.04067,
              37.56182
            ],
            [
              -122.04149,
              37.56064
            ],
            [
              -122.04315,
              37.55857
            ],
            [
              -122.04503,
              37.55689
            ],
            [
              -122.04541,
              37.55689
            ],
            [
              -122.0455,
              37.55698
            ],
            [
              -122.0458,
              37.55708
            ],
            [
              -122.04605,
              37.55707
            ],
            [
              -122.04623,
              37.55701
            ],
            [
              -122.04628,
              37.55698
            ],
            [
              -122.04618,
              37.55684
            ],
            [
              -122.04592,
              37.55665
            ],
            [
              -122.04584,
              37.55653
            ],
            [
              -122.04579,
              37.55632
            ],
            [
              -122.04682,
              37.55556
            ],
            [
              -122.04927,
              37.55414
            ],
            [
              -122.05041,
              37.55358
            ],
            [
              -122.05282,
              37.55251
            ],
            [
              -122.05291,
              37.5525
            ],
            [
              -122.05357,
              37.5529
            ],
            [
              -122.05486,
              37.5533
            ],
            [
              -122.0559,
              37.55343
            ],
            [
              -122.0567,
              37.55733
            ],
            [
              -122.04305,
              37.56295
            ],
            [
              -122.04133,
              37.56504
            ],
            [
              -122.04109,
              37.56503
            ]
          ]
        ],
        "type": "Polygon"
      },
      "properties": {
        "feature_id": "ebrpd:6",
        "gis_acres": 204.91526797,
        "name": "Ardenwood Historic Farm",
        "objectid": 6,
        "official_name": "Ardenwood Historic Farm",
        "park_unit": "Other (Managed by INR)",
        "source_object_id": 6,
        "status": "Parkland"
      },
      "type": "Feature"
    },
    {
      "geometry": {
        "coordinates": [
          [
            [
              [
                -122.02975,
                37.6924
              ],
              [
                -122.02994,
                37.69201
              ],
              [
                -122.02975,
                37.6917
              ],
              [
                -122.02935,
                37.6915
              ],
              [
                -122.02892,
                37.69156
              ],
              [
                -122.02859,
                37.69207
              ],
              [
                -122.02518,
                37.68616
              ],
              [
                -122.02847,
                37.68257
              ],
              [
                -122.02942,
                37.68162
              ],
              [
                -122.03057,
                37.68242
              ],
              [
                -122.03098,
                37.68227
              ],
              [
                -122.03171,
                37.683
              ],
              [
                -122.03524,
                37.68483
              ],
              [
                -122.03537,
                37.68466
              ],
              [
                -122.03912,
                37.68766
              ],
              [
                -122.03956,
                37.68828
              ],
              [
                -122.03908,
                37.68879
              ],
              [
                -122.03793,
                37.68831
              ],
              [
                -122.03712,
                37.68825
              ],
              [
                -122.03604,
                37.68787
              ],
              [
                -122.03571,
                37.68773
              ],
              [
                -122.03576,
                37.68748
              ],
              [
                -122.03571,
                37.68714
              ],
              [
                -122.03556,
                37.68697
              ],
              [
                -122.03498,
                37.68653
              ],
              [
                -122.03374,
                37.68613
              ],
              [
                -122.03235,
                37.6862
              ],
              [
                -122.03095,
                37.68666
              ],
              [
                -122.03087,
                37.6868
              ],
              [
                -122.03154,
                37.68742
              ],
              [
                -122.03203,
                37.68825
              ],
              [
                -122.03182,
                37.68863
              ],
              [
                -122.03258,
                37.68948
              ],
              [
                -122.03285,
                37.69053
              ],
              [
                -122.03319,
                37.69096
              ],
              [
                -122.03305,
                37.69121
              ],
              [
                -122.03313,
                37.69132
              ],
              [
                -122.0334,
                37.69121
              ],
              [
                -122.03346,
                37.69125
              ],
              [
                -122.03343,
                37.69151
              ],
              [
                -122.03363,
                37.69164
              ],
              [
                -122.03317,
                37.69188
              ],
              [
                -122.03327,
                37.69213
              ],
              [
                -122.03348,
                37.69223
              ],
              [
                -122.0335,
                37.6923
              ],
              [
                -122.03329,
                37.6926
              ],
              [
                -122.03315,
                37.69231
              ],
              [
                -122.03225,
                37.69212
              ],
              [
                -122.03184,
                37.69217
              ],
              [
                -122.03079,
                37.69276
              ],
              [
                -122.03008,
                37.69274
              ],
              [
                -122.02975,
                37.6924
              ]
            ]
          ],
          [
            [
              [
                -122.04288,
                37.68657
              ],
              [
                -122.04232,
                37.68555
              ],
              [
                -122.04102,
                37.68577
              ],
              [
                -122.04124,
                37.68536
              ],
              [
                -122.04115,
                37.68508
              ],
              [
                -122.04102,
                37.68415
              ],
              [
                -122.04088,
                37.6836
              ],
              [
                -122.04084,
                37.68278
              ],
              [
                -122.04069,
                37.68191
              ],
              [
                -122.04043,
                37.68116
              ],
              [
                -122.03909,
                37.68058
              ],
              [
                -122.03896,
                37.68009
              ],
              [
                -122.03832,
                37.68015
              ],
              [
                -122.03824,
                37.67965
              ],
              [
                -122.03652,
                37.68014
              ],
              [
                -122.03619,
                37.67946
              ],
              [
                -122.03629,
                37.67865
              ],
              [
                -122.03271,
                37.67766
              ],
              [
                -122.0331,
                37.67686
              ],
              [
                -122.03382,
                37.67678
              ],
              [
                -122.03431,
                37.67624
              ],
              [
                -122.03511,
                37.67612
              ],
              [
                -122.03519,
                37.67668
              ],
              [
                -122.03537,
                37.67715
              ],
              [
                -122.03574,
                37.67765
              ],
              [
                -122.03625,
                37.67796
              ],
              [
                -122.0374,
                37.6784
              ],
              [
                -122.03835,
                37.67894
              ],
              [
                -122.03952,
                37.67835
              ],
              [
                -122.04033,
                37.67762
              ],
              [
                -122.04076,
                37.6793
              ],
              [
                -122.04223,
                37.6841
              ],
              [
                -122.04309,
                37.68652
              ],
              [
                -122.04288,
                37.68657
              ]
            ]
          ],
          [
            [
              [
                -122.04013,
                37.68878
              ],
              [
                -122.03985,
                37.68871
              ],
              [
                -122.03932,
                37.6888
              ],
              [
                -122.03952,
                37.68854
              ],
              [
                -122.04001,
                37.6881
              ],
              [
                -122.04004,
                37.68812
              ],
              [
                -122.04021,
                37.68801
              ],
              [
                -122.04065,
                37.68759
              ],
              [
                -122.04078,
                37.68739
              ],
              [
                -122.04102,
                37.6874
              ],
              [
                -122.04128,
                37.68724
              ],
              [
                -122.04165,
                37.6873
              ],
              [
                -122.04152,
                37.68719
              ],
              [
                -122.04185,
                37.68724
              ],
              [
                -122.04275,
                37.6871
              ],
              [
                -122.04255,
                37.68744
              ],
              [
                -122.04235,
                37.68814
              ],
              [
                -122.04205,
                37.68807
              ],
              [
                -122.04035,
                37.68883
              ],
              [
                -122.04013,
                37.68878
              ]
            ]
          ],
          [
            [
              [
                -122.04066,
                37.68956
              ],
              [
                -122.04174,
                37.68899
              ],
              [
                -122.04206,
                37.68901
              ],
              [
                -122.04278,
                37.68928
              ],
              [
                -122.04189,
                37.68949
              ],
              [
                -122.04194,
                37.68979
              ],
              [
                -122.04167,
                37.68983
              ],
              [
                -122.04139,
                37.69001
              ],
              [
                -122.04089,
                37.69016
              ],
              [
                -122.0411,
                37.68967
              ],
              [
                -122.04066,
                37.68956
              ]
            ]
          ],
          [
            [
              [
                -122.03035,
                37.69404
              ],
              [
                -122.02942,
                37.69336
              ],
              [
                -122.02924,
                37.6932
              ],
              [
                -122.02912,
                37.69299
              ],
              [
                -122.02967,
                37.69307
              ],
              [
                -122.0301,
                37.69341
              ],
              [
                -122.03052,
                37.69331
              ],
              [
                -122.03085,
                37.69344
              ],
              [
                -122.03099,
                37.69365
              ],
              [
                -122.0313,
                37.69369
              ],
              [
                -122.03164,
                37.69356
              ],
              [
                -122.03187,
                37.69323
              ],
              [
                -122.03236,
                37.69309
              ],
              [
                -122.03282,
                37.69308
              ],
              [
                -122.03303,
                37.69322
              ],
              [
                -122.03336,
                37.69317
              ],
              [
                -122.03334,
                37.69293
              ],
              [
                -122.03357,
                37.69289
              ],
              [
                -122.03404,
                37.69255
              ],
              [
                -122.03409,
                37.69237
              ],
              [
                -122.03433,
                37.69359
              ],
              [
                -122.03035,
                37.69404
              ]
            ]
          ]
        ],
        "type": "MultiPolygon"
      },
      "properties": {
        "feature_id": "ebrpd:60",
        "gis_acres": 226.23498713,
        "name": "Five Canyons",
        "objectid": 60,
        "official_name": "Five Canyons Open Space Regional Preserve",
        "park_unit": "2",
        "source_object_id": 60,
        "status": "Parkland"
      },
      "type": "Feature"
    },
    {
      "geometry": {
        "coordinates": [
          [
            [
              [
                -121.9609,
                37.63767
              ],
              [
                -121.96021,
                37.63693
              ],
              [
                -121.95965,
                37.63654
              ],
              [
                -121.95891,
                37.6362
              ],
              [
                -121.95827,
                37.63611
              ],
              [
                -121.95861,
                37.63582
              ],
              [
                -121.95868,
                37.63411
              ],
              [
                -121.95658,
                37.63403
              ],
              [
                -121.95624,
                37.62972
              ],
              [
                -121.95623,
                37.62866
              ],
              [
                -121.96,
                37.62859
              ],
              [
                -121.95996,
                37.62773
              ],
              [
                -121.96287,
                37.62829
              ],
              [
                -121.96089,
                37.62717
              ],
              [
                -121.96066,
                37.62679
              ],
              [
                -121.9536,
                37.62544
              ],
              [
                -121.95387,
                37.62466
              ],
              [
                -121.95663,
                37.62519
              ],
              [
                -121.95949,
                37.62499
              ],
              [
                -121.9617,
                37.62583
              ],
              [
                -121.9634,
                37.6253
              ],
              [
                -121.96418,
                37.62362
              ],
              [
                -121.96361,
                37.62038
              ],
              [
                -121.96113,
                37.61979
              ],
              [
                -121.95874,
                37.61776
              ],
              [
                -121.95552,
                37.61707
              ],
              [
                -121.95366,
                37.61594
              ],
              [
                -121.95143,
                37.61541
              ],
              [
                -121.95173,
                37.61461
              ],
              [
                -121.95404,
                37.61514
              ],
              [
                -121.95591,
                37.61628
              ],
              [
                -121.95934,
                37.61698
              ],
              [
                -121.96044,
                37.61308
              ],
              [
                -121.96148,
                37.61325
              ],
              [
                -121.96077,
                37.61586
              ],
              [
                -121.9624,
                37.61724
              ],
              [
                -121.96436,
                37.61554
              ],
              [
                -121.96571,
                37.61572
              ],
              [
                -121.96718,
                37.61386
              ],
              [
                -121.97099,
                37.61382
              ],
              [
                -121.97092,
                37.61423
              ],
              [
                -121.97004,
                37.61529
              ],
              [
                -121.96855,
                37.61615
              ],
              [
                -121.96939,
                37.61748
              ],
              [
                -121.96867,
                37.62008
              ],
              [
                -121.97085,
                37.62045
              ],
              [
                -121.97105,
                37.61889
              ],
              [
                -121.97351,
                37.61906
              ],
              [
                -121.97127,
                37.61571
              ],
              [
                -121.97413,
                37.61477
              ],
              [
                -121.97591,
                37.61658
              ],
              [
                -121.97675,
                37.61585
              ],
              [
                -121.97641,
                37.61442
              ],
              [
                -121.97742,
                37.61425
              ],
              [
                -121.97788,
                37.61609
              ],
              [
                -121.97672,
                37.61714
              ],
              [
                -121.98005,
                37.61898
              ],
              [
                -121.97967,
                37.62133
              ],
              [
                -121.98702,
                37.62125
              ],
              [
                -121.98712,
                37.63567
              ],
              [
                -121.96903,
                37.63568
              ],
              [
                -121.96885,
                37.63575
              ],
              [
                -121.96392,
                37.63609
              ],
              [
                -121.96326,
                37.63749
              ],
              [
                -121.96299,
                37.63723
              ],
              [
                -121.96325,
                37.63684
              ],
              [
                -121.96304,
                37.63687
              ],
              [
                -121.96266,
                37.63724
              ],
              [
                -121.96222,
                37.63728
              ],
              [
                -121.96193,
                37.63754
              ],
              [
                -121.96181,
                37.63744
              ],
              [
                -121.96158,
                37.63761
              ],
              [
                -121.9614,
                37.63766
              ],
              [
                -121.96115,
                37.63762
              ],
              [
                -121.96103,
                37.63778
              ],
              [
                -121.9609,
                37.63767
              ]
            ]
          ],
          [
            [
              [
                -122.00951,
                37.64153
              ],
              [
                -122.01094,
                37.64098
              ],
              [
                -122.01118,
                37.64101
              ],
              [
                -122.01163,
                37.64086
              ],
              [
                -122.0142,
                37.63957
              ],
              [
                -122.01425,
                37.63584
              ],
              [
                -122.00524,
                37.63579
              ],
              [
                -122.00522,
                37.63876
              ],
              [
                -122.00382,
                37.63813
              ],
              [
                -122.00219,
                37.63764
              ],
              [
                -122.00187,
                37.6376
              ],
              [
                -122.00079,
                37.63681
              ],
              [
                -122.00089,
                37.63653
              ],
              [
                -122.00035,
                37.63619
              ],
              [
                -121.99935,
                37.63605
              ],
              [
                -121.99768,
                37.63604
              ],
              [
                -121.99759,
                37.63575
              ],
              [
                -121.99745,
                37.63231
              ],
              [
                -122.00146,
                37.63221
              ],
              [
                -122.0013,
                37.6285
              ],
              [
                -122.00532,
                37.6284
              ],
              [
                -122.00533,
                37.62689
              ],
              [
                -122.02043,
                37.63584
              ],
              [
                -122.01863,
                37.63584
              ],
              [
                -122.01874,
                37.64315
              ],
              [
                -122.00952,
                37.64329
              ],
              [
                -122.00951,
                37.64153
              ]
            ]
          ],
          [
            [
              [
                -121.98745,
                37.64889
              ],
              [
                -121.9871,
                37.63913
              ],
              [
                -121.98834,
                37.63922
              ],
              [
                -121.98889,
                37.63976
              ],
              [
                -121.98889,
                37.63988
              ],
              [
                -121.98901,
                37.64005
              ],
              [
                -121.98924,
                37.64011
              ],
              [
                -121.98967,
                37.64054
              ],
              [
                -121.99052,
                37.64016
              ],
              [
                -121.99118,
                37.64062
              ],
              [
                -121.99132,
                37.6406
              ],
              [
                -121.99219,
                37.64131
              ],
              [
                -121.99121,
                37.64231
              ],
              [
                -121.99122,
                37.64253
              ],
              [
                -121.99201,
                37.64325
              ],
              [
                -121.99251,
                37.64308
              ],
              [
                -121.99366,
                37.64383
              ],
              [
                -121.99393,
                37.64364
              ],
              [
                -121.99681,
                37.64506
              ],
              [
                -122.00027,
                37.64788
              ],
              [
                -121.99688,
                37.6483
              ],
              [
                -121.99267,
                37.6503
              ],
              [
                -121.99254,
                37.65045
              ],
              [
                -121.98753,
                37.65053
              ],
              [
                -121.98745,
                37.64889
              ]
            ]
          ],
          [
            [
              [
                -122.02406,
                37.67224
              ],
              [
                -122.02425,
                37.67174
              ],
              [
                -122.02531,
                37.67285
              ],
              [
                -122.02578,
                37.67299
              ],
              [
                -122.0251,
                37.67427
              ],
              [
                -122.02446,
                37.67363
              ],
              [
                -122.02411,
                37.67301
              ],
              [
                -122.02413,
                37.67271
              ],
              [
                -122.02379,
                37.67235
              ],
              [
                -122.02406,
                37.67224
              ]
            ]
          ]
        ],
        "type": "MultiPolygon"
      },
      "properties": {
        "feature_id": "ebrpd:61",
        "gis_acres": 1842.36408904,
        "name": "Garin",
        "objectid": 61,
        "official_name": "Garin Regional Park",
        "park_unit": "2",
        "source_object_id": 61,
        "status": "Landbank"
      },
      "type": "Feature"
    },
    {
      "geometry": {
        "coordinates": [
          [
            [
              [
                -122.01325,
                37.6485
              ],
              [
                -122.01306,
                37.64652
              ],
              [
                -122.01031,
                37.64515
              ],
              [
                -122.0098,
                37.64524
              ],
              [
                -122.00954,
                37.645
              ],
              [
                -122.00885,
                37.64487
              ],
              [
                -122.00787,
                37.64542
              ],
              [
                -122.00726,
                37.64482
              ],
              [
                -122.00642,
                37.64423
              ],
              [
                -122.00517,
                37.64387
              ],
              [
                -122.00524,
                37.63579
              ],
              [
                -122.01425,
                37.63584
              ],
              [
                -122.0142,
                37.63957
              ],
              [
                -122.01163,
                37.64086
              ],
              [
                -122.01118,
                37.64101
              ],
              [
                -122.01094,
                37.64098
              ],
              [
                -122.00951,
                37.64153
              ],
              [
                -122.00952,
                37.64329
              ],
              [
                -122.01874,
                37.64315
              ],
              [
                -122.01863,
                37.63584
              ],
              [
                -122.02043,
                37.63584
              ],
              [
                -122.01833,
                37.63459
              ],
              [
                -122.02,
                37.63332
              ],
              [
                -122.02044,
                37.63341
              ],
              [
                -122.02078,
                37.63335
              ],
              [
                -122.02106,
                37.6332
              ],
              [
                -122.02123,
                37.63296
              ],
              [
                -122.02181,
                37.6324
              ],
              [
                -122.02201,
                37.63232
              ],
              [
                -122.02251,
                37.63232
              ],
              [
                -122.01852,
                37.62895
              ],
              [
                -122.02963,
                37.62065
              ],
              [
                -122.03362,
                37.62424
              ],
              [
                -122.03162,
                37.62474
              ],
              [
                -122.03066,
                37.62654
              ],
              [
                -122.03244,
                37.62721
              ],
              [
                -122.03256,
                37.62746
              ],
              [
                -122.0323,
                37.62806
              ],
              [
                -122.03228,
                37.62839
              ],
              [
                -122.03154,
                37.62855
              ],
              [
                -122.0316,
                37.62865
              ],
              [
                -122.03252,
                37.633
              ],
              [
                -122.03526,
                37.63319
              ],
              [
                -122.03559,
                37.63353
              ],
              [
                -122.03633,
                37.6332
              ],
              [
                -122.0364,
                37.63341
              ],
              [
                -122.0364,
                37.63389
              ],
              [
                -122.03711,
                37.63526
              ],
              [
                -122.03668,
                37.6354
              ],
              [
                -122.03643,
                37.63558
              ],
              [
                -122.03693,
                37.63619
              ],
              [
                -122.03785,
                37.63628
              ],
              [
                -122.03798,
                37.63624
              ],
              [
                -122.03829,
                37.63689
              ],
              [
                -122.04145,
                37.63806
              ],
              [
                -122.04131,
                37.63846
              ],
              [
                -122.0409,
                37.63866
              ],
              [
                -122.0404,
                37.63871
              ],
              [
                -122.03997,
                37.63972
              ],
              [
                -122.04012,
                37.64019
              ],
              [
                -122.04066,
                37.64071
              ],
              [
                -122.04082,
                37.64103
              ],
              [
                -122.04182,
                37.6422
              ],
              [
                -122.04306,
                37.64289
              ],
              [
                -122.04351,
                37.64296
              ],
              [
                -122.04445,
                37.64293
              ],
              [
                -122.04373,
                37.64443
              ],
              [
                -122.04479,
                37.64486
              ],
              [
                -122.04518,
                37.64494
              ],
              [
                -122.04557,
                37.64493
              ],
              [
                -122.04679,
                37.6447
              ],
              [
                -122.04858,
                37.64447
              ],
              [
                -122.04915,
                37.64451
              ],
              [
                -122.04967,
                37.64468
              ],
              [
                -122.04958,
                37.64481
              ],
              [
                -122.05177,
                37.64587
              ],
              [
                -122.05139,
                37.64695
              ],
              [
                -122.05096,
                37.64747
              ],
              [
                -122.05083,
                37.64724
              ],
              [
                -122.05057,
                37.64722
              ],
              [
                -122.05036,
                37.64704
              ],
              [
                -122.05006,
                37.64692
              ],
              [
                -122.04984,
                37.64669
              ],
              [
                -122.04979,
                37.64654
              ],
              [
                -122.04957,
                37.64652
              ],
              [
                -122.04941,
                37.64642
              ],
              [
                -122.04919,
                37.64666
              ],
              [
                -122.04889,
                37.64639
              ],
              [
                -122.04867,
                37.64665
              ],
              [
                -122.04845,
                37.64655
              ],
              [
                -122.04826,
                37.64657
              ],
              [
                -122.04803,
                37.64648
              ],
              [
                -122.0475,
                37.64648
              ],
              [
                -122.04741,
                37.64664
              ],
              [
                -122.04698,
                37.64663
              ],
              [
                -122.04662,
                37.64684
              ],
              [
                -122.04649,
                37.64675
              ],
              [
                -122.04626,
                37.64706
              ],
              [
                -122.04539,
                37.64738
              ],
              [
                -122.04511,
                37.64733
              ],
              [
                -122.04488,
                37.64744
              ],
              [
                -122.04451,
                37.64732
              ],
              [
                -122.04417,
                37.64737
              ],
              [
                -122.04389,
                37.64716
              ],
              [
                -122.04372,
                37.64727
              ],
              [
                -122.0434,
                37.64714
              ],
              [
                -122.0433,
                37.6474
              ],
              [
                -122.04341,
                37.64759
              ],
              [
                -122.04339,
                37.64786
              ],
              [
                -122.04318,
                37.64834
              ],
              [
                -122.04297,
                37.64866
              ],
              [
                -122.04265,
                37.64898
              ],
              [
                -122.04411,
                37.64985
              ],
              [
                -122.04143,
                37.64985
              ],
              [
                -122.0419,
                37.64933
              ],
              [
                -122.04175,
                37.64899
              ],
              [
                -122.04114,
                37.64925
              ],
              [
                -122.0407,
                37.64922
              ],
              [
                -122.04046,
                37.64907
              ],
              [
                -122.04032,
                37.6486
              ],
              [
                -122.03929,
                37.64848
              ],
              [
                -122.03954,
                37.64831
              ],
              [
                -122.03961,
                37.64799
              ],
              [
                -122.03878,
                37.64758
              ],
              [
                -122.0383,
                37.64756
              ],
              [
                -122.03835,
                37.6475
              ],
              [
                -122.03793,
                37.64738
              ],
              [
                -122.03787,
                37.64746
              ],
              [
                -122.03721,
                37.64699
              ],
              [
                -122.03678,
                37.64688
              ],
              [
                -122.03666,
                37.6473
              ],
              [
                -122.03661,
                37.64733
              ],
              [
                -122.03639,
                37.64722
              ],
              [
                -122.03642,
                37.64704
              ],
              [
                -122.0363,
                37.64694
              ],
              [
                -122.03581,
                37.64676
              ],
              [
                -122.03447,
                37.64669
              ],
              [
                -122.03416,
                37.64684
              ],
              [
                -122.03422,
                37.64695
              ],
              [
                -122.03404,
                37.64703
              ],
              [
                -122.03389,
                37.64724
              ],
              [
                -122.03288,
                37.64697
              ],
              [
                -122.03214,
                37.64666
              ],
              [
                -122.03229,
                37.64618
              ],
              [
                -122.03122,
                37.64635
              ],
              [
                -122.02818,
                37.6438
              ],
              [
                -122.02721,
                37.64381
              ],
              [
                -122.02716,
                37.64985
              ],
              [
                -122.0202,
                37.64985
              ],
              [
                -122.02022,
                37.64953
              ],
              [
                -122.02008,
                37.64907
              ],
              [
                -122.02026,
                37.64881
              ],
              [
                -122.02021,
                37.64858
              ],
              [
                -122.0198,
                37.6484
              ],
              [
                -122.02034,
                37.64793
              ],
              [
                -122.02022,
                37.64764
              ],
              [
                -122.01965,
                37.64764
              ],
              [
                -122.01964,
                37.64736
              ],
              [
                -122.01944,
                37.64728
              ],
              [
                -122.01895,
                37.64754
              ],
              [
                -122.0183,
                37.64711
              ],
              [
                -122.01791,
                37.64705
              ],
              [
                -122.0175,
                37.64661
              ],
              [
                -122.01688,
                37.64688
              ],
              [
                -122.01657,
                37.64796
              ],
              [
                -122.01653,
                37.6487
              ],
              [
                -122.01668,
                37.64896
              ],
              [
                -122.01702,
                37.64906
              ],
              [
                -122.01722,
                37.64978
              ],
              [
                -122.01687,
                37.64984
              ],
              [
                -122.0159,
                37.65092
              ],
              [
                -122.01588,
                37.65143
              ],
              [
                -122.0163,
                37.65171
              ],
              [
                -122.01599,
                37.65184
              ],
              [
                -122.0153,
                37.65084
              ],
              [
                -122.01498,
                37.65075
              ],
              [
                -122.01329,
                37.64888
              ],
              [
                -122.01325,
                37.6485
              ]
            ]
          ],
          [
            [
              [
                -122.01349,
                37.64652
              ],
              [
                -122.01347,
                37.64624
              ],
              [
                -122.01347,
                37.64625
              ],
              [
                -122.01347,
                37.64625
              ],
              [
                -122.01349,
                37.64652
              ]
            ]
          ],
          [
            [
              [
                -121.98713,
                37.63689
              ],
              [
                -121.98702,
                37.62125
              ],
              [
                -121.99541,
                37.62112
              ],
              [
                -121.99649,
                37.62165
              ],
              [
                -122.00533,
                37.62689
              ],
              [
                -122.00532,
                37.6284
              ],
              [
                -122.0013,
                37.6285
              ],
              [
                -122.00146,
                37.63221
              ],
              [
                -121.99745,
                37.63231
              ],
              [
                -121.99759,
                37.63575
              ],
              [
                -121.9907,
                37.6357
              ],
              [
                -121.99012,
                37.63672
              ],
              [
                -121.98925,
                37.63928
              ],
              [
                -121.9871,
                37.63913
              ],
              [
                -121.98713,
                37.63689
              ]
            ]
          ],
          [
            [
              [
                -122.01441,
                37.66352
              ],
              [
                -122.00984,
                37.66631
              ],
              [
                -122.00386,
                37.6626
              ],
              [
                -122.00386,
                37.66217
              ],
              [
                -122.00079,
                37.66215
              ],
              [
                -122.00076,
                37.65851
              ],
              [
                -121.9967,
                37.65851
              ],
              [
                -121.99618,
                37.65036
              ],
              [
                -121.99254,
                37.65045
              ],
              [
                -121.99267,
                37.6503
              ],
              [
                -121.99688,
                37.6483
              ],
              [
                -122.00027,
                37.64788
              ],
              [
                -122.0122,
                37.65758
              ],
              [
                -122.01319,
                37.65872
              ],
              [
                -122.01359,
                37.6585
              ],
              [
                -122.01379,
                37.65809
              ],
              [
                -122.01515,
                37.65747
              ],
              [
                -122.01561,
                37.65735
              ],
              [
                -122.01719,
                37.6581
              ],
              [
                -122.01751,
                37.65866
              ],
              [
                -122.01787,
                37.65884
              ],
              [
                -122.01774,
                37.66149
              ],
              [
                -122.01441,
                37.66352
              ]
            ]
          ],
          [
            [
              [
                -122.00344,
                37.65584
              ],
              [
                -122.00275,
                37.65513
              ],
              [
                -122.00254,
                37.65526
              ],
              [
                -122.00244,
                37.65515
              ],
              [
                -122.0023,
                37.65523
              ],
              [
                -122.00241,
                37.65534
              ],
              [
                -122.00237,
                37.65536
              ],
              [
                -122.00246,
                37.65566
              ],
              [
                -122.0034,
                37.65596
              ],
              [
                -122.00344,
                37.65584
              ]
            ]
          ],
          [
            [
              [
                -122.01153,
                37.66735
              ],
              [
                -122.00984,
                37.66631
              ],
              [
                -122.01441,
                37.66352
              ],
              [
                -122.0168,
                37.66602
              ],
              [
                -122.0179,
                37.66666
              ],
              [
                -122.02034,
                37.66721
              ],
              [
                -122.02152,
                37.66445
              ],
              [
                -122.02267,
                37.66568
              ],
              [
                -122.023,
                37.66636
              ],
              [
                -122.02355,
                37.66715
              ],
              [
                -122.02377,
                37.66839
              ],
              [
                -122.02358,
                37.66863
              ],
              [
                -122.02361,
                37.66872
              ],
              [
                -122.02382,
                37.6688
              ],
              [
                -122.02397,
                37.66892
              ],
              [
                -122.02414,
                37.66941
              ],
              [
                -122.02486,
                37.67008
              ],
              [
                -122.02406,
                37.67224
              ],
              [
                -122.02379,
                37.67235
              ],
              [
                -122.02413,
                37.67271
              ],
              [
                -122.02411,
                37.67301
              ],
              [
                -122.02446,
                37.67363
              ],
              [
                -122.02485,
                37.67406
              ],
              [
                -122.0252,
                37.67435
              ],
              [
                -122.02417,
                37.67534
              ],
              [
                -122.02395,
                37.67565
              ],
              [
                -122.02417,
                37.67677
              ],
              [
                -122.0247,
                37.67769
              ],
              [
                -122.02491,
                37.67862
              ],
              [
                -122.02546,
                37.67909
              ],
              [
                -122.02557,
                37.68048
              ],
              [
                -122.02501,
                37.68125
              ],
              [
                -122.02509,
                37.68177
              ],
              [
                -122.02453,
                37.68208
              ],
              [
                -122.02442,
                37.68233
              ],
              [
                -122.02522,
                37.68265
              ],
              [
                -122.02691,
                37.68304
              ],
              [
                -122.0278,
                37.68182
              ],
              [
                -122.02866,
                37.6824
              ],
              [
                -122.02518,
                37.68616
              ],
              [
                -122.02401,
                37.68435
              ],
              [
                -122.02108,
                37.67852
              ],
              [
                -122.02143,
                37.67796
              ],
              [
                -122.02127,
                37.67789
              ],
              [
                -122.02163,
                37.67738
              ],
              [
                -122.02201,
                37.67724
              ],
              [
                -122.02193,
                37.67696
              ],
              [
                -122.02144,
                37.67702
              ],
              [
                -122.02126,
                37.67584
              ],
              [
                -122.02079,
                37.676
              ],
              [
                -122.02033,
                37.67605
              ],
              [
                -122.01999,
                37.67631
              ],
              [
                -122.01646,
                37.66917
              ],
              [
                -122.01153,
                37.66735
              ]
            ]
          ]
        ],
        "type": "MultiPolygon"
      },
      "properties": {
        "feature_id": "ebrpd:62",
        "gis_acres": 2607.01371292,
        "name": "Garin",
        "objectid": 62,
        "official_name": "Garin Regional Park",
        "park_unit": "2",
        "source_object_id": 62,
        "status": "Parkland"
      },
      "type": "Feature"
    },
    {
      "geometry": {
        "coordinates": [
          [
            [
              [
                -122.13123,
                37.63122
              ],
              [
                -122.13096,
                37.63089
              ],
              [
                -122.12991,
                37.62932
              ],
              [
                -122.12962,
                37.62701
              ],
              [
                -122.13073,
                37.62699
              ],
              [
                -122.13074,
                37.626
              ],
              [
                -122.13106,
                37.62517
              ],
              [
                -122.13527,
                37.62377
              ],
              [
                -122.13919,
                37.62376
              ],
              [
                -122.13923,
                37.62701
              ],
              [
                -122.14837,
                37.627
              ],
              [
                -122.14964,
                37.62693
              ],
              [
                -122.15022,
                37.62702
              ],
              [
                -122.1505,
                37.62719
              ],
              [
                -122.15055,
                37.62729
              ],
              [
                -122.15053,
                37.62736
              ],
              [
                -122.15033,
                37.62748
              ],
              [
                -122.14981,
                37.62744
              ],
              [
                -122.14974,
                37.62767
              ],
              [
                -122.14976,
                37.62791
              ],
              [
                -122.14985,
                37.62819
              ],
              [
                -122.15002,
                37.62844
              ],
              [
                -122.15021,
                37.62857
              ],
              [
                -122.15045,
                37.62865
              ],
              [
                -122.15101,
                37.62867
              ],
              [
                -122.15118,
                37.62876
              ],
              [
                -122.15131,
                37.62901
              ],
              [
                -122.15139,
                37.6293
              ],
              [
                -122.15131,
                37.62937
              ],
              [
                -122.15094,
                37.62935
              ],
              [
                -122.15079,
                37.62944
              ],
              [
                -122.15068,
                37.62971
              ],
              [
                -122.1508,
                37.63
              ],
              [
                -122.14713,
                37.63114
              ],
              [
                -122.13772,
                37.63111
              ],
              [
                -122.13722,
                37.63171
              ],
              [
                -122.13633,
                37.63217
              ],
              [
                -122.13454,
                37.63219
              ],
              [
                -122.13449,
                37.63206
              ],
              [
                -122.13173,
                37.63122
              ],
              [
                -122.13123,
                37.63122
              ]
            ]
          ],
          [
            [
              [
                -122.13905,
                37.65767
              ],
              [
                -122.14169,
                37.65714
              ],
              [
                -122.13949,
                37.65861
              ],
              [
                -122.13895,
                37.65804
              ],
              [
                -122.13916,
                37.658
              ],
              [
                -122.13905,
                37.65767
              ]
            ]
          ],
          [
            [
              [
                -122.14694,
                37.66662
              ],
              [
                -122.14601,
                37.66562
              ],
              [
                -122.14946,
                37.66399
              ],
              [
                -122.14971,
                37.66348
              ],
              [
                -122.15128,
                37.66541
              ],
              [
                -122.15244,
                37.66544
              ],
              [
                -122.15244,
                37.66559
              ],
              [
                -122.15026,
                37.66559
              ],
              [
                -122.14694,
                37.66662
              ]
            ]
          ]
        ],
        "type": "MultiPolygon"
      },
      "properties": {
        "feature_id": "ebrpd:63",
        "gis_acres": 288.74111266,
        "name": "Hayward Shoreline",
        "objectid": 63,
        "official_name": "Hayward Regional Shoreline",
        "park_unit": "4",
        "source_object_id": 63,
        "status": "Landbank"
      },
      "type": "Feature"
    },
    {
      "geometry": {
        "coordinates": [
          [
            [
              [
                -122.14184,
                37.63221
              ],
              [
                -122.13881,
                37.63333
              ],
              [
                -122.13887,
                37.63111
              ],
              [
                -122.14713,
                37.63114
              ],
              [
                -122.1508,
                37.63
              ],
              [
                -122.15068,
                37.62971
              ],
              [
                -122.15072,
                37.62956
              ],
              [
                -122.15079,
                37.62944
              ],
              [
                -122.15094,
                37.62935
              ],
              [
                -122.15135,
                37.62936
              ],
              [
                -122.15139,
                37.6293
              ],
              [
                -122.15131,
                37.62901
              ],
              [
                -122.15118,
                37.62876
              ],
              [
                -122.15108,
                37.62869
              ],
              [
                -122.15045,
                37.62865
              ],
              [
                -122.15021,
                37.62857
              ],
              [
                -122.15002,
                37.62844
              ],
              [
                -122.14979,
                37.62805
              ],
              [
                -122.14976,
                37.62753
              ],
              [
                -122.14981,
                37.62744
              ],
              [
                -122.14994,
                37.62742
              ],
              [
                -122.15025,
                37.62748
              ],
              [
                -122.1504,
                37.62746
              ],
              [
                -122.15053,
                37.62736
              ],
              [
                -122.15054,
                37.62724
              ],
              [
                -122.15038,
                37.62709
              ],
              [
                -122.15022,
                37.62702
              ],
              [
                -122.14964,
                37.62693
              ],
              [
                -122.1537,
                37.62669
              ],
              [
                -122.15386,
                37.6272
              ],
              [
                -122.16186,
                37.62719
              ],
              [
                -122.16186,
                37.63121
              ],
              [
                -122.15523,
                37.63118
              ],
              [
                -122.15515,
                37.64163
              ],
              [
                -122.14809,
                37.64172
              ],
              [
                -122.14732,
                37.64091
              ],
              [
                -122.14194,
                37.63226
              ],
              [
                -122.14184,
                37.63221
              ]
            ]
          ],
          [
            [
              [
                -122.13527,
                37.62377
              ],
              [
                -122.13582,
                37.62359
              ],
              [
                -122.13919,
                37.62357
              ],
              [
                -122.13919,
                37.62376
              ],
              [
                -122.13527,
                37.62377
              ]
            ]
          ],
          [
            [
              [
                -122.14515,
                37.64699
              ],
              [
                -122.14584,
                37.64685
              ],
              [
                -122.14585,
                37.64711
              ],
              [
                -122.14516,
                37.64713
              ],
              [
                -122.14515,
                37.64699
              ]
            ]
          ],
          [
            [
              [
                -122.14494,
                37.64744
              ],
              [
                -122.14499,
                37.64744
              ],
              [
                -122.14509,
                37.649
              ],
              [
                -122.14503,
                37.64913
              ],
              [
                -122.1446,
                37.64954
              ],
              [
                -122.14407,
                37.64983
              ],
              [
                -122.14408,
                37.64746
              ],
              [
                -122.14494,
                37.64744
              ]
            ]
          ],
          [
            [
              [
                -122.14417,
                37.66364
              ],
              [
                -122.13949,
                37.65861
              ],
              [
                -122.14169,
                37.65714
              ],
              [
                -122.14386,
                37.65667
              ],
              [
                -122.14798,
                37.65657
              ],
              [
                -122.15707,
                37.65653
              ],
              [
                -122.15706,
                37.65648
              ],
              [
                -122.1616,
                37.65645
              ],
              [
                -122.16158,
                37.66382
              ],
              [
                -122.15823,
                37.66389
              ],
              [
                -122.1579,
                37.6638
              ],
              [
                -122.15775,
                37.66386
              ],
              [
                -122.15666,
                37.66375
              ],
              [
                -122.15441,
                37.66384
              ],
              [
                -122.15376,
                37.66382
              ],
              [
                -122.15346,
                37.66393
              ],
              [
                -122.15245,
                37.66395
              ],
              [
                -122.15244,
                37.66544
              ],
              [
                -122.15128,
                37.66541
              ],
              [
                -122.14971,
                37.66348
              ],
              [
                -122.14946,
                37.66399
              ],
              [
                -122.14601,
                37.66562
              ],
              [
                -122.14417,
                37.66364
              ]
            ]
          ]
        ],
        "type": "MultiPolygon"
      },
      "properties": {
        "feature_id": "ebrpd:64",
        "gis_acres": 775.57184753,
        "name": "Hayward Shoreline",
        "objectid": 64,
        "official_name": "Hayward Regional Shoreline",
        "park_unit": "4",
        "source_object_id": 64,
        "status": "Parkland"
      },
      "type": "Feature"
    },
    {
      "geometry": {
        "coordinates": [
          [
            [
              [
                -122.19329,
                37.8468
              ],
              [
                -122.18403,
                37.84685
              ],
              [
                -122.18404,
                37.84041
              ],
              [
                -122.18423,
                37.84043
              ],
              [
                -122.18439,
                37.84055
              ],
              [
                -122.18457,
                37.8406
              ],
              [
                -122.18478,
                37.84082
              ],
              [
                -122.18534,
                37.84105
              ],
              [
                -122.18561,
                37.84122
              ],
              [
                -122.18582,
                37.84126
              ],
              [
                -122.18578,
                37.83964
              ],
              [
                -122.18491,
                37.83965
              ],
              [
                -122.18799,
                37.83797
              ],
              [
                -122.18853,
                37.83795
              ],
              [
                -122.18927,
                37.83807
              ],
              [
                -122.18924,
                37.83843
              ],
              [
                -122.19121,
                37.83997
              ],
              [
                -122.19134,
                37.83987
              ],
              [
                -122.19144,
                37.84044
              ],
              [
                -122.19167,
                37.84069
              ],
              [
                -122.19197,
                37.8408
              ],
              [
                -122.19221,
                37.8408
              ],
              [
                -122.19247,
                37.84072
              ],
              [
                -122.19268,
                37.84055
              ],
              [
                -122.19331,
                37.8407
              ],
              [
                -122.19331,
                37.84055
              ],
              [
                -122.19308,
                37.84049
              ],
              [
                -122.19331,
                37.84054
              ],
              [
                -122.19332,
                37.84121
              ],
              [
                -122.19409,
                37.84119
              ],
              [
                -122.19424,
                37.84138
              ],
              [
                -122.19443,
                37.84149
              ],
              [
                -122.19518,
                37.84165
              ],
              [
                -122.19552,
                37.84193
              ],
              [
                -122.1957,
                37.84202
              ],
              [
                -122.1961,
                37.84205
              ],
              [
                -122.19606,
                37.84271
              ],
              [
                -122.19539,
                37.84263
              ],
              [
                -122.19509,
                37.84267
              ],
              [
                -122.19506,
                37.84301
              ],
              [
                -122.19525,
                37.84337
              ],
              [
                -122.19562,
                37.84363
              ],
              [
                -122.19615,
                37.84382
              ],
              [
                -122.19343,
                37.84418
              ],
              [
                -122.1933,
                37.84408
              ],
              [
                -122.19329,
                37.8468
              ]
            ]
          ],
          [
            [
              [
                -122.17504,
                37.83981
              ],
              [
                -122.17495,
                37.83619
              ],
              [
                -122.17811,
                37.8362
              ],
              [
                -122.17815,
                37.83767
              ],
              [
                -122.17798,
                37.83806
              ],
              [
                -122.17622,
                37.83749
              ],
              [
                -122.17504,
                37.83981
              ]
            ]
          ],
          [
            [
              [
                -122.1811,
                37.83973
              ],
              [
                -122.1795,
                37.83974
              ],
              [
                -122.17951,
                37.8362
              ],
              [
                -122.18465,
                37.83613
              ],
              [
                -122.1844,
                37.83672
              ],
              [
                -122.18431,
                37.83682
              ],
              [
                -122.18356,
                37.83697
              ],
              [
                -122.18323,
                37.83732
              ],
              [
                -122.18266,
                37.83752
              ],
              [
                -122.18258,
                37.83763
              ],
              [
                -122.1826,
                37.83777
              ],
              [
                -122.18295,
                37.83802
              ],
              [
                -122.1831,
                37.83804
              ],
              [
                -122.1834,
                37.8377
              ],
              [
                -122.18352,
                37.83764
              ],
              [
                -122.18365,
                37.83761
              ],
              [
                -122.18414,
                37.83764
              ],
              [
                -122.18449,
                37.83781
              ],
              [
                -122.18495,
                37.83785
              ],
              [
                -122.18528,
                37.83812
              ],
              [
                -122.18575,
                37.83803
              ],
              [
                -122.18644,
                37.8381
              ],
              [
                -122.18669,
                37.83824
              ],
              [
                -122.18409,
                37.83967
              ],
              [
                -122.18352,
                37.83968
              ],
              [
                -122.18306,
                37.83987
              ],
              [
                -122.18246,
                37.83999
              ],
              [
                -122.18168,
                37.83994
              ],
              [
                -122.1811,
                37.83973
              ]
            ]
          ]
        ],
        "type": "MultiPolygon"
      },
      "properties": {
        "feature_id": "ebrpd:66",
        "gis_acres": 238.28966054,
        "name": "Huckleberry",
        "objectid": 66,
        "official_name": "Huckleberry Botanic Regional Preserve",
        "park_unit": "3",
        "source_object_id": 66,
        "status": "Parkland"
      },
      "type": "Feature"
    },
    {
      "geometry": {
        "coordinates": [
          [
            [
              -122.32075,
              37.82154
            ],
            [
              -122.31991,
              37.8199
            ],
            [
              -122.31925,
              37.81946
            ],
            [
              -122.31953,
              37.8192
            ],
            [
              -122.32165,
              37.8192
            ],
            [
              -122.32165,
              37.82097
            ],
            [
              -122.32232,
              37.82093
            ],
            [
              -122.32252,
              37.821
            ],
            [
              -122.32307,
              37.82102
            ],
            [
              -122.32327,
              37.82109
            ],
            [
              -122.32392,
              37.82107
            ],
            [
              -122.32421,
              37.82104
            ],
            [
              -122.32435,
              37.82098
            ],
            [
              -122.3248,
              37.821
            ],
            [
              -122.32499,
              37.82094
            ],
            [
              -122.32516,
              37.8208
            ],
            [
              -122.32554,
              37.82093
            ],
            [
              -122.32596,
              37.82091
            ],
            [
              -122.32679,
              37.82077
            ],
            [
              -122.32746,
              37.82057
            ],
            [
              -122.32778,
              37.82062
            ],
            [
              -122.32833,
              37.82062
            ],
            [
              -122.33004,
              37.82032
            ],
            [
              -122.33045,
              37.82035
            ],
            [
              -122.33058,
              37.82042
            ],
            [
              -122.33061,
              37.8205
            ],
            [
              -122.33047,
              37.82088
            ],
            [
              -122.33033,
              37.82099
            ],
            [
              -122.33027,
              37.82073
            ],
            [
              -122.32574,
              37.82143
            ],
            [
              -122.3234,
              37.82153
            ],
            [
              -122.32104,
              37.82184
            ],
            [
              -122.32076,
              37.82185
            ],
            [
              -122.32075,
              37.82154
            ]
          ]
        ],
        "type": "Polygon"
      },
      "properties": {
        "feature_id": "ebrpd:68",
        "gis_acres": 20.63257394,
        "name": "Judge John Sutter Shoreline",
        "objectid": 68,
        "official_name": "Judge John Sutter Regional Shoreline",
        "park_unit": "4",
        "source_object_id": 68,
        "status": "Landbank"
      },
      "type": "Feature"
    },
    {
      "geometry": {
        "coordinates": [
          [
            [
              [
                -122.32895,
                37.8215
              ],
              [
                -122.32884,
                37.82142
              ],
              [
                -122.32762,
                37.82154
              ],
              [
                -122.32756,
                37.82146
              ],
              [
                -122.32771,
                37.82134
              ],
              [
                -122.32797,
                37.82129
              ],
              [
                -122.32845,
                37.82122
              ],
              [
                -122.3285,
                37.82132
              ],
              [
                -122.32888,
                37.82132
              ],
              [
                -122.32929,
                37.82115
              ],
              [
                -122.33033,
                37.82099
              ],
              [
                -122.33034,
                37.82118
              ],
              [
                -122.33229,
                37.82086
              ],
              [
                -122.33235,
                37.82108
              ],
              [
                -122.33034,
                37.8214
              ],
              [
                -122.32902,
                37.82155
              ],
              [
                -122.32895,
                37.8215
              ]
            ]
          ],
          [
            [
              [
                -122.32574,
                37.82143
              ],
              [
                -122.32835,
                37.82103
              ],
              [
                -122.32842,
                37.82116
              ],
              [
                -122.32748,
                37.82132
              ],
              [
                -122.3274,
                37.82138
              ],
              [
                -122.32734,
                37.82156
              ],
              [
                -122.32556,
                37.82169
              ],
              [
                -122.32553,
                37.82144
              ],
              [
                -122.32574,
                37.82143
              ]
            ]
          ],
          [
            [
              [
                -122.31829,
                37.82209
              ],
              [
                -122.31888,
                37.82201
              ],
              [
                -122.31898,
                37.8225
              ],
              [
                -122.31812,
                37.82274
              ],
              [
                -122.31683,
                37.82288
              ],
              [
                -122.31526,
                37.82313
              ],
              [
                -122.31397,
                37.82326
              ],
              [
                -122.31384,
                37.82269
              ],
              [
                -122.31829,
                37.82209
              ]
            ]
          ]
        ],
        "type": "MultiPolygon"
      },
      "properties": {
        "feature_id": "ebrpd:69",
        "gis_acres": 11.98290046,
        "name": "Judge John Sutter Shoreline",
        "objectid": 69,
        "official_name": "Judge John Sutter Regional Shoreline",
        "park_unit": "4",
        "source_object_id": 69,
        "status": "Parkland"
      },
      "type": "Feature"
    },
    {
      "geometry": {
        "coordinates": [
          [
            [
              -122.26865,
              37.95706
            ],
            [
              -122.26672,
              37.95519
            ],
            [
              -122.26419,
              37.95606
            ],
            [
              -122.2631,
              37.9555
            ],
            [
              -122.26277,
              37.95541
            ],
            [
              -122.26209,
              37.95502
            ],
            [
              -122.26175,
              37.95492
            ],
            [
              -122.26032,
              37.9547
            ],
            [
              -122.2597,
              37.95519
            ],
            [
              -122.25447,
              37.95009
            ],
            [
              -122.25655,
              37.94866
            ],
            [
              -122.25591,
              37.94813
            ],
            [
              -122.25945,
              37.94556
            ],
            [
              -122.25956,
              37.94579
            ],
            [
              -122.25976,
              37.94587
            ],
            [
              -122.26017,
              37.94568
            ],
            [
              -122.26038,
              37.94565
            ],
            [
              -122.26502,
              37.9461
            ],
            [
              -122.26547,
              37.94543
            ],
            [
              -122.26532,
              37.94446
            ],
            [
              -122.26621,
              37.94437
            ],
            [
              -122.26631,
              37.945
            ],
            [
              -122.26646,
              37.94554
            ],
            [
              -122.26598,
              37.9456
            ],
            [
              -122.26561,
              37.94616
            ],
            [
              -122.26667,
              37.94626
            ],
            [
              -122.26697,
              37.94691
            ],
            [
              -122.26759,
              37.94782
            ],
            [
              -122.26661,
              37.94832
            ],
            [
              -122.2664,
              37.94832
            ],
            [
              -122.26623,
              37.94838
            ],
            [
              -122.26632,
              37.94847
            ],
            [
              -122.26415,
              37.94958
            ],
            [
              -122.26426,
              37.94972
            ],
            [
              -122.26445,
              37.95025
            ],
            [
              -122.26472,
              37.9502
            ],
            [
              -122.26472,
              37.95052
            ],
            [
              -122.26654,
              37.95055
            ],
            [
              -122.26643,
              37.95105
            ],
            [
              -122.26553,
              37.9515
            ],
            [
              -122.2648,
              37.95114
            ],
            [
              -122.26442,
              37.95168
            ],
            [
              -122.26416,
              37.95249
            ],
            [
              -122.26475,
              37.95276
            ],
            [
              -122.26568,
              37.95301
            ],
            [
              -122.26656,
              37.95358
            ],
            [
              -122.26736,
              37.95419
            ],
            [
              -122.26773,
              37.95462
            ],
            [
              -122.26817,
              37.95445
            ],
            [
              -122.26897,
              37.95507
            ],
            [
              -122.2688,
              37.95569
            ],
            [
              -122.26941,
              37.95608
            ],
            [
              -122.26865,
              37.95706
            ]
          ]
        ],
        "type": "Polygon"
      },
      "properties": {
        "feature_id": "ebrpd:70",
        "gis_acres": 218.09160124,
        "name": "Kennedy Grove",
        "objectid": 70,
        "official_name": "Kennedy Grove Regional Recreation Area",
        "park_unit": "5",
        "source_object_id": 70,
        "status": "Parkland"
      },
      "type": "Feature"
    },
    {
      "geometry": {
        "coordinates": [
          [
            [
              -122.11624,
              37.72156
            ],
            [
              -122.11754,
              37.72344
            ],
            [
              -122.11697,
              37.72369
            ],
            [
              -122.11621,
              37.72259
            ],
            [
              -122.1164,
              37.72212
            ],
            [
              -122.1159,
              37.72139
            ],
            [
              -122.11624,
              37.72156
            ]
          ]
        ],
        "type": "Polygon"
      },
      "properties": {
        "feature_id": "ebrpd:72",
        "gis_acres": 2.68208692,
        "name": "Lake Chabot",
        "objectid": 72,
        "official_name": "Lake Chabot Regional Park",
        "park_unit": "3",
        "source_object_id": 72,
        "status": "Landbank"
      },
      "type": "Feature"
    },
    {
      "geometry": {
        "coordinates": [
          [
            [
              [
                -122.11277,
                37.74275
              ],
              [
                -122.1141,
                37.74007
              ],
              [
                -122.1143,
                37.73828
              ],
              [
                -122.11406,
                37.73677
              ],
              [
                -122.11259,
                37.73674
              ],
              [
                -122.11234,
                37.73546
              ],
              [
                -122.11369,
                37.73468
              ],
              [
                -122.11441,
                37.73456
              ],
              [
                -122.11404,
                37.73411
              ],
              [
                -122.11215,
                37.73411
              ],
              [
                -122.11183,
                37.7326
              ],
              [
                -122.11369,
                37.73204
              ],
              [
                -122.1147,
                37.73212
              ],
              [
                -122.11616,
                37.73241
              ],
              [
                -122.1161,
                37.73133
              ],
              [
                -122.1142,
                37.73183
              ],
              [
                -122.11377,
                37.73188
              ],
              [
                -122.11209,
                37.73144
              ],
              [
                -122.10988,
                37.72994
              ],
              [
                -122.11023,
                37.72763
              ],
              [
                -122.10877,
                37.72721
              ],
              [
                -122.10767,
                37.72654
              ],
              [
                -122.10653,
                37.72677
              ],
              [
                -122.10364,
                37.73081
              ],
              [
                -122.10176,
                37.73173
              ],
              [
                -122.10124,
                37.73171
              ],
              [
                -122.10153,
                37.73293
              ],
              [
                -122.09886,
                37.73207
              ],
              [
                -122.09826,
                37.73167
              ],
              [
                -122.09776,
                37.73201
              ],
              [
                -122.09854,
                37.73242
              ],
              [
                -122.09923,
                37.73312
              ],
              [
                -122.09956,
                37.73443
              ],
              [
                -122.09851,
                37.73429
              ],
              [
                -122.09781,
                37.73445
              ],
              [
                -122.09667,
                37.73403
              ],
              [
                -122.09517,
                37.73362
              ],
              [
                -122.09419,
                37.7322
              ],
              [
                -122.09355,
                37.73267
              ],
              [
                -122.09283,
                37.73192
              ],
              [
                -122.09088,
                37.73193
              ],
              [
                -122.08947,
                37.7315
              ],
              [
                -122.08894,
                37.73164
              ],
              [
                -122.08614,
                37.73095
              ],
              [
                -122.08489,
                37.72985
              ],
              [
                -122.08368,
                37.72813
              ],
              [
                -122.08329,
                37.72744
              ],
              [
                -122.08262,
                37.72762
              ],
              [
                -122.08244,
                37.72822
              ],
              [
                -122.08422,
                37.73154
              ],
              [
                -122.08379,
                37.73317
              ],
              [
                -122.08167,
                37.73404
              ],
              [
                -122.08158,
                37.73463
              ],
              [
                -122.08325,
                37.73531
              ],
              [
                -122.08404,
                37.73528
              ],
              [
                -122.08463,
                37.73544
              ],
              [
                -122.08645,
                37.73912
              ],
              [
                -122.08461,
                37.73873
              ],
              [
                -122.0845,
                37.73852
              ],
              [
                -122.08326,
                37.73757
              ],
              [
                -122.08288,
                37.73743
              ],
              [
                -122.08222,
                37.7373
              ],
              [
                -122.08201,
                37.73716
              ],
              [
                -122.08183,
                37.73696
              ],
              [
                -122.08148,
                37.73676
              ],
              [
                -122.08048,
                37.73651
              ],
              [
                -122.07999,
                37.73657
              ],
              [
                -122.07673,
                37.73809
              ],
              [
                -122.07638,
                37.73814
              ],
              [
                -122.07602,
                37.73802
              ],
              [
                -122.07578,
                37.73784
              ],
              [
                -122.07571,
                37.73762
              ],
              [
                -122.07579,
                37.73739
              ],
              [
                -122.07599,
                37.73711
              ],
              [
                -122.07711,
                37.73613
              ],
              [
                -122.07745,
                37.736
              ],
              [
                -122.07808,
                37.73592
              ],
              [
                -122.07844,
                37.73582
              ],
              [
                -122.07979,
                37.73509
              ],
              [
                -122.0801,
                37.73483
              ],
              [
                -122.08106,
                37.73375
              ],
              [
                -122.08118,
                37.73341
              ],
              [
                -122.08118,
                37.73309
              ],
              [
                -122.08038,
                37.72917
              ],
              [
                -122.07986,
                37.72754
              ],
              [
                -122.0798,
                37.72705
              ],
              [
                -122.07997,
                37.72525
              ],
              [
                -122.07987,
                37.72465
              ],
              [
                -122.07956,
                37.72417
              ],
              [
                -122.07863,
                37.72319
              ],
              [
                -122.07748,
                37.72227
              ],
              [
                -122.07629,
                37.72148
              ],
              [
                -122.07609,
                37.72126
              ],
              [
                -122.0757,
                37.72101
              ],
              [
                -122.07512,
                37.72004
              ],
              [
                -122.07484,
                37.71985
              ],
              [
                -122.07399,
                37.71867
              ],
              [
                -122.0829,
                37.72134
              ],
              [
                -122.08294,
                37.72312
              ],
              [
                -122.08612,
                37.72385
              ],
              [
                -122.08726,
                37.7251
              ],
              [
                -122.08919,
                37.72519
              ],
              [
                -122.09034,
                37.72467
              ],
              [
                -122.09341,
                37.72282
              ],
              [
                -122.09339,
                37.72152
              ],
              [
                -122.09287,
                37.72023
              ],
              [
                -122.09434,
                37.71935
              ],
              [
                -122.09673,
                37.71833
              ],
              [
                -122.09776,
                37.71434
              ],
              [
                -122.09838,
                37.71407
              ],
              [
                -122.0989,
                37.71352
              ],
              [
                -122.1019,
                37.71455
              ],
              [
                -122.10195,
                37.7146
              ],
              [
                -122.10193,
                37.7147
              ],
              [
                -122.10204,
                37.71475
              ],
              [
                -122.10205,
                37.71469
              ],
              [
                -122.10214,
                37.71463
              ],
              [
                -122.10275,
                37.71484
              ],
              [
                -122.1027,
                37.71498
              ],
              [
                -122.10292,
                37.71489
              ],
              [
                -122.10378,
                37.71506
              ],
              [
                -122.10465,
                37.71504
              ],
              [
                -122.10489,
                37.71552
              ],
              [
                -122.10571,
                37.7162
              ],
              [
                -122.10627,
                37.71674
              ],
              [
                -122.10746,
                37.71811
              ],
              [
                -122.10775,
                37.71831
              ],
              [
                -122.10853,
                37.71866
              ],
              [
                -122.10921,
                37.71914
              ],
              [
                -122.1094,
                37.71933
              ],
              [
                -122.10969,
                37.72021
              ],
              [
                -122.10968,
                37.72052
              ],
              [
                -122.10958,
                37.72085
              ],
              [
                -122.10966,
                37.72147
              ],
              [
                -122.10973,
                37.72166
              ],
              [
                -122.1099,
                37.72189
              ],
              [
                -122.11013,
                37.72199
              ],
              [
                -122.11031,
                37.72199
              ],
              [
                -122.1106,
                37.7219
              ],
              [
                -122.11072,
                37.72192
              ],
              [
                -122.11082,
                37.72199
              ],
              [
                -122.11099,
                37.72232
              ],
              [
                -122.11117,
                37.72245
              ],
              [
                -122.1114,
                37.72253
              ],
              [
                -122.11168,
                37.72254
              ],
              [
                -122.11237,
                37.72237
              ],
              [
                -122.11267,
                37.72243
              ],
              [
                -122.11282,
                37.72256
              ],
              [
                -122.1132,
                37.72347
              ],
              [
                -122.11362,
                37.72423
              ],
              [
                -122.1138,
                37.72443
              ],
              [
                -122.11441,
                37.72485
              ],
              [
                -122.11499,
                37.72539
              ],
              [
                -122.11609,
                37.72604
              ],
              [
                -122.11684,
                37.72636
              ],
              [
                -122.11701,
                37.72648
              ],
              [
                -122.11728,
                37.72713
              ],
              [
                -122.11745,
                37.72739
              ],
              [
                -122.11881,
                37.72882
              ],
              [
                -122.1183,
                37.72921
              ],
              [
                -122.11855,
                37.7295
              ],
              [
                -122.11936,
                37.72955
              ],
              [
                -122.1199,
                37.72986
              ],
              [
                -122.12025,
                37.72991
              ],
              [
                -122.12124,
                37.72945
              ],
              [
                -122.12125,
                37.72971
              ],
              [
                -122.1202,
                37.73061
              ],
              [
                -122.1191,
                37.7303
              ],
              [
                -122.11893,
                37.73013
              ],
              [
                -122.11797,
                37.72952
              ],
              [
                -122.11786,
                37.73017
              ],
              [
                -122.11786,
                37.7306
              ],
              [
                -122.11795,
                37.73117
              ],
              [
                -122.11823,
                37.73193
              ],
              [
                -122.11846,
                37.73232
              ],
              [
                -122.11879,
                37.73275
              ],
              [
                -122.11931,
                37.73325
              ],
              [
                -122.11978,
                37.73359
              ],
              [
                -122.12186,
                37.73223
              ],
              [
                -122.12205,
                37.7334
              ],
              [
                -122.12216,
                37.73348
              ],
              [
                -122.12218,
                37.73355
              ],
              [
                -122.12315,
                37.73318
              ],
              [
                -122.12294,
                37.73275
              ],
              [
                -122.1232,
                37.73236
              ],
              [
                -122.12303,
                37.73195
              ],
              [
                -122.12312,
                37.73116
              ],
              [
                -122.12324,
                37.73074
              ],
              [
                -122.12309,
                37.73009
              ],
              [
                -122.12399,
                37.73024
              ],
              [
                -122.12566,
                37.73076
              ],
              [
                -122.12656,
                37.73026
              ],
              [
                -122.12779,
                37.73097
              ],
              [
                -122.12732,
                37.73163
              ],
              [
                -122.12679,
                37.73126
              ],
              [
                -122.12627,
                37.7312
              ],
              [
                -122.12632,
                37.73151
              ],
              [
                -122.12605,
                37.73266
              ],
              [
                -122.12505,
                37.7334
              ],
              [
                -122.12485,
                37.73427
              ],
              [
                -122.12548,
                37.73484
              ],
              [
                -122.12403,
                37.73574
              ],
              [
                -122.1236,
                37.73518
              ],
              [
                -122.12295,
                37.7358
              ],
              [
                -122.12105,
                37.7351
              ],
              [
                -122.11702,
                37.73963
              ],
              [
                -122.11736,
                37.73983
              ],
              [
                -122.11673,
                37.74042
              ],
              [
                -122.11696,
                37.74119
              ],
              [
                -122.11688,
                37.74129
              ],
              [
                -122.11658,
                37.74129
              ],
              [
                -122.11632,
                37.74139
              ],
              [
                -122.11628,
                37.74196
              ],
              [
                -122.11618,
                37.7421
              ],
              [
                -122.11599,
                37.74217
              ],
              [
                -122.11584,
                37.74209
              ],
              [
                -122.11578,
                37.74187
              ],
              [
                -122.11539,
                37.74151
              ],
              [
                -122.11504,
                37.74194
              ],
              [
                -122.115,
                37.74301
              ],
              [
                -122.11491,
                37.74247
              ],
              [
                -122.11458,
                37.74337
              ],
              [
                -122.11318,
                37.7443
              ],
              [
                -122.11277,
                37.74275
              ]
            ]
          ],
          [
            [
              [
                -122.10289,
                37.71441
              ],
              [
                -122.10157,
                37.71375
              ],
              [
                -122.10073,
                37.71356
              ],
              [
                -122.0999,
                37.71358
              ],
              [
                -122.09895,
                37.71328
              ],
              [
                -122.10517,
                37.71057
              ],
              [
                -122.1053,
                37.70984
              ],
              [
                -122.10835,
                37.7098
              ],
              [
                -122.11031,
                37.71279
              ],
              [
                -122.10913,
                37.71291
              ],
              [
                -122.10783,
                37.71324
              ],
              [
                -122.10704,
                37.71356
              ],
              [
                -122.1054,
                37.71444
              ],
              [
                -122.10479,
                37.71465
              ],
              [
                -122.10421,
                37.71473
              ],
              [
                -122.10354,
                37.7147
              ],
              [
                -122.10317,
                37.71462
              ],
              [
                -122.10289,
                37.71441
              ]
            ]
          ],
          [
            [
              [
                -122.11379,
                37.72413
              ],
              [
                -122.11335,
                37.72332
              ],
              [
                -122.11301,
                37.72249
              ],
              [
                -122.1128,
                37.7223
              ],
              [
                -122.11258,
                37.72222
              ],
              [
                -122.11232,
                37.72221
              ],
              [
                -122.11169,
                37.72237
              ],
              [
                -122.11145,
                37.72237
              ],
              [
                -122.11119,
                37.72225
              ],
              [
                -122.11102,
                37.72194
              ],
              [
                -122.11085,
                37.72179
              ],
              [
                -122.11054,
                37.72174
              ],
              [
                -122.11018,
                37.72183
              ],
              [
                -122.11001,
                37.72173
              ],
              [
                -122.10987,
                37.72148
              ],
              [
                -122.10979,
                37.721
              ],
              [
                -122.1098,
                37.72079
              ],
              [
                -122.1099,
                37.72046
              ],
              [
                -122.10989,
                37.72017
              ],
              [
                -122.10966,
                37.7194
              ],
              [
                -122.10952,
                37.71917
              ],
              [
                -122.1086,
                37.71849
              ],
              [
                -122.10789,
                37.71819
              ],
              [
                -122.10761,
                37.718
              ],
              [
                -122.10644,
                37.71665
              ],
              [
                -122.10616,
                37.71625
              ],
              [
                -122.10511,
                37.71549
              ],
              [
                -122.10492,
                37.71517
              ],
              [
                -122.10489,
                37.71504
              ],
              [
                -122.10494,
                37.71498
              ],
              [
                -122.10555,
                37.71476
              ],
              [
                -122.10747,
                37.71371
              ],
              [
                -122.10828,
                37.71342
              ],
              [
                -122.10884,
                37.71328
              ],
              [
                -122.10952,
                37.71316
              ],
              [
                -122.11039,
                37.71309
              ],
              [
                -122.11166,
                37.71315
              ],
              [
                -122.11238,
                37.71327
              ],
              [
                -122.11492,
                37.71403
              ],
              [
                -122.11474,
                37.71417
              ],
              [
                -122.11497,
                37.71458
              ],
              [
                -122.11471,
                37.71469
              ],
              [
                -122.11528,
                37.71583
              ],
              [
                -122.11615,
                37.71587
              ],
              [
                -122.11621,
                37.716
              ],
              [
                -122.11655,
                37.71584
              ],
              [
                -122.11699,
                37.71665
              ],
              [
                -122.11761,
                37.71727
              ],
              [
                -122.11816,
                37.71762
              ],
              [
                -122.11864,
                37.71783
              ],
              [
                -122.11924,
                37.718
              ],
              [
                -122.11968,
                37.71805
              ],
              [
                -122.12008,
                37.71804
              ],
              [
                -122.12066,
                37.71792
              ],
              [
                -122.12108,
                37.71774
              ],
              [
                -122.12153,
                37.71742
              ],
              [
                -122.12185,
                37.71702
              ],
              [
                -122.12202,
                37.71659
              ],
              [
                -122.12206,
                37.71637
              ],
              [
                -122.12204,
                37.7158
              ],
              [
                -122.12242,
                37.71544
              ],
              [
                -122.12282,
                37.71665
              ],
              [
                -122.12269,
                37.71668
              ],
              [
                -122.12234,
                37.71711
              ],
              [
                -122.12269,
                37.71817
              ],
              [
                -122.12329,
                37.71805
              ],
              [
                -122.12494,
                37.72298
              ],
              [
                -122.11986,
                37.72408
              ],
              [
                -122.11981,
                37.7239
              ],
              [
                -122.11934,
                37.72342
              ],
              [
                -122.11763,
                37.72238
              ],
              [
                -122.11742,
                37.72208
              ],
              [
                -122.11679,
                37.72236
              ],
              [
                -122.11624,
                37.72156
              ],
              [
                -122.1159,
                37.72139
              ],
              [
                -122.1164,
                37.72212
              ],
              [
                -122.11621,
                37.72259
              ],
              [
                -122.11697,
                37.72369
              ],
              [
                -122.11754,
                37.72344
              ],
              [
                -122.12083,
                37.72819
              ],
              [
                -122.12081,
                37.72822
              ],
              [
                -122.11981,
                37.72895
              ],
              [
                -122.11945,
                37.729
              ],
              [
                -122.11919,
                37.72892
              ],
              [
                -122.11762,
                37.7273
              ],
              [
                -122.11746,
                37.72705
              ],
              [
                -122.11726,
                37.7265
              ],
              [
                -122.11713,
                37.72634
              ],
              [
                -122.11695,
                37.72622
              ],
              [
                -122.11623,
                37.72592
              ],
              [
                -122.11509,
                37.72524
              ],
              [
                -122.11465,
                37.72481
              ],
              [
                -122.11393,
                37.7243
              ],
              [
                -122.11379,
                37.72413
              ]
            ]
          ],
          [
            [
              [
                -122.12069,
                37.72195
              ],
              [
                -122.12048,
                37.72264
              ],
              [
                -122.12129,
                37.7228
              ],
              [
                -122.1215,
                37.7221
              ],
              [
                -122.12069,
                37.72195
              ]
            ]
          ],
          [
            [
              [
                -122.12931,
                37.73182
              ],
              [
                -122.12992,
                37.73097
              ],
              [
                -122.13011,
                37.73111
              ],
              [
                -122.13052,
                37.73166
              ],
              [
                -122.12946,
                37.73204
              ],
              [
                -122.12931,
                37.73182
              ]
            ]
          ]
        ],
        "type": "MultiPolygon"
      },
      "properties": {
        "feature_id": "ebrpd:73",
        "gis_acres": 1649.28395218,
        "name": "Lake Chabot",
        "objectid": 73,
        "official_name": "Lake Chabot Regional Park",
        "park_unit": "3",
        "source_object_id": 73,
        "status": "Parkland"
      },
      "type": "Feature"
    },
    {
      "geometry": {
        "coordinates": [
          [
            [
              -122.04114,
              37.83833
            ],
            [
              -122.03856,
              37.83815
            ],
            [
              -122.03695,
              37.83848
            ],
            [
              -122.03637,
              37.83872
            ],
            [
              -122.03621,
              37.83854
            ],
            [
              -122.03403,
              37.83972
            ],
            [
              -122.03313,
              37.83867
            ],
            [
              -122.03256,
              37.83781
            ],
            [
              -122.03249,
              37.8373
            ],
            [
              -122.03264,
              37.83704
            ],
            [
              -122.03229,
              37.8368
            ],
            [
              -122.03414,
              37.83551
            ],
            [
              -122.0277,
              37.82907
            ],
            [
              -122.02785,
              37.82922
            ],
            [
              -122.02781,
              37.82935
            ],
            [
              -122.02791,
              37.82964
            ],
            [
              -122.02776,
              37.82987
            ],
            [
              -122.02781,
              37.83015
            ],
            [
              -122.02795,
              37.83045
            ],
            [
              -122.02809,
              37.83059
            ],
            [
              -122.02815,
              37.83104
            ],
            [
              -122.02808,
              37.83108
            ],
            [
              -122.02831,
              37.83119
            ],
            [
              -122.02821,
              37.8313
            ],
            [
              -122.02796,
              37.83127
            ],
            [
              -122.02787,
              37.83139
            ],
            [
              -122.02734,
              37.83159
            ],
            [
              -122.0268,
              37.83197
            ],
            [
              -122.02619,
              37.83216
            ],
            [
              -122.02603,
              37.83238
            ],
            [
              -122.02601,
              37.83214
            ],
            [
              -122.02586,
              37.83182
            ],
            [
              -122.02554,
              37.83158
            ],
            [
              -122.02532,
              37.83122
            ],
            [
              -122.02592,
              37.83094
            ],
            [
              -122.02594,
              37.83039
            ],
            [
              -122.026,
              37.83039
            ],
            [
              -122.02594,
              37.82731
            ],
            [
              -122.0256,
              37.82636
            ],
            [
              -122.02499,
              37.82568
            ],
            [
              -122.02857,
              37.82761
            ],
            [
              -122.02865,
              37.82514
            ],
            [
              -122.02488,
              37.82524
            ],
            [
              -122.02456,
              37.8244
            ],
            [
              -122.02417,
              37.82422
            ],
            [
              -122.02395,
              37.82357
            ],
            [
              -122.02519,
              37.8236
            ],
            [
              -122.02518,
              37.82303
            ],
            [
              -122.02571,
              37.82304
            ],
            [
              -122.02581,
              37.82272
            ],
            [
              -122.0258,
              37.82245
            ],
            [
              -122.02553,
              37.82176
            ],
            [
              -122.0257,
              37.82132
            ],
            [
              -122.02606,
              37.82132
            ],
            [
              -122.02604,
              37.8195
            ],
            [
              -122.02585,
              37.81944
            ],
            [
              -122.02596,
              37.81217
            ],
            [
              -122.02065,
              37.81216
            ],
            [
              -122.01909,
              37.81301
            ],
            [
              -122.01893,
              37.81283
            ],
            [
              -122.01837,
              37.81313
            ],
            [
              -122.01806,
              37.81292
            ],
            [
              -122.01759,
              37.81286
            ],
            [
              -122.01747,
              37.8128
            ],
            [
              -122.01717,
              37.81245
            ],
            [
              -122.01666,
              37.81207
            ],
            [
              -122.0165,
              37.81186
            ],
            [
              -122.01638,
              37.81153
            ],
            [
              -122.01602,
              37.81136
            ],
            [
              -122.0159,
              37.81124
            ],
            [
              -122.01583,
              37.81105
            ],
            [
              -122.01584,
              37.81063
            ],
            [
              -122.01568,
              37.81008
            ],
            [
              -122.01694,
              37.80959
            ],
            [
              -122.01693,
              37.80905
            ],
            [
              -122.01504,
              37.80905
            ],
            [
              -122.01482,
              37.80867
            ],
            [
              -122.01531,
              37.80845
            ],
            [
              -122.01526,
              37.80838
            ],
            [
              -122.01518,
              37.80843
            ],
            [
              -122.01522,
              37.80847
            ],
            [
              -122.01481,
              37.80866
            ],
            [
              -122.01464,
              37.80845
            ],
            [
              -122.00745,
              37.80835
            ],
            [
              -122.00721,
              37.80944
            ],
            [
              -122.00671,
              37.80978
            ],
            [
              -122.00572,
              37.81016
            ],
            [
              -122.00532,
              37.81015
            ],
            [
              -122.0038,
              37.81062
            ],
            [
              -122.00359,
              37.81074
            ],
            [
              -122.003,
              37.81054
            ],
            [
              -122.00306,
              37.81044
            ],
            [
              -122.00349,
              37.81059
            ],
            [
              -122.00377,
              37.81034
            ],
            [
              -122.00376,
              37.80998
            ],
            [
              -122.00366,
              37.80963
            ],
            [
              -122.00347,
              37.8093
            ],
            [
              -122.00283,
              37.80887
            ],
            [
              -122.0022,
              37.80871
            ],
            [
              -122.00118,
              37.80931
            ],
            [
              -122.00091,
              37.80955
            ],
            [
              -122.00084,
              37.80971
            ],
            [
              -122.0008,
              37.8096
            ],
            [
              -122.00032,
              37.80954
            ],
            [
              -122.00036,
              37.80951
            ],
            [
              -122.00067,
              37.80955
            ],
            [
              -122.00068,
              37.80949
            ],
            [
              -122.00099,
              37.80924
            ],
            [
              -122.00108,
              37.80904
            ],
            [
              -122.00185,
              37.8083
            ],
            [
              -122.00226,
              37.80813
            ],
            [
              -122.0029,
              37.80768
            ],
            [
              -122.0033,
              37.80591
            ],
            [
              -122.00078,
              37.80329
            ],
            [
              -121.99634,
              37.80465
            ],
            [
              -121.99584,
              37.80364
            ],
            [
              -121.99593,
              37.80286
            ],
            [
              -121.99497,
              37.80232
            ],
            [
              -121.99448,
              37.80164
            ],
            [
              -121.99363,
              37.8019
            ],
            [
              -121.99309,
              37.80081
            ],
            [
              -122.00132,
              37.80049
            ],
            [
              -121.99654,
              37.79356
            ],
            [
              -121.99659,
              37.78739
            ],
            [
              -121.99867,
              37.78718
            ],
            [
              -122.00558,
              37.78869
            ],
            [
              -122.00558,
              37.79217
            ],
            [
              -122.00545,
              37.7933
            ],
            [
              -122.00557,
              37.80049
            ],
            [
              -122.02021,
              37.80022
            ],
            [
              -122.02036,
              37.80108
            ],
            [
              -122.01948,
              37.80154
            ],
            [
              -122.01942,
              37.80158
            ],
            [
              -122.01938,
              37.80172
            ],
            [
              -122.0195,
              37.80186
            ],
            [
              -122.0198,
              37.8019
            ],
            [
              -122.01995,
              37.80197
            ],
            [
              -122.02024,
              37.80248
            ],
            [
              -122.02048,
              37.80275
            ],
            [
              -122.02048,
              37.80283
            ],
            [
              -122.01996,
              37.80338
            ],
            [
              -122.01961,
              37.80348
            ],
            [
              -122.01942,
              37.8036
            ],
            [
              -122.01933,
              37.80374
            ],
            [
              -122.01932,
              37.80387
            ],
            [
              -122.01935,
              37.80478
            ],
            [
              -122.02014,
              37.80497
            ],
            [
              -122.02029,
              37.80906
            ],
            [
              -122.02584,
              37.80907
            ],
            [
              -122.02575,
              37.8071
            ],
            [
              -122.02948,
              37.80711
            ],
            [
              -122.03094,
              37.80914
            ],
            [
              -122.03148,
              37.80926
            ],
            [
              -122.03214,
              37.80741
            ],
            [
              -122.03368,
              37.80697
            ],
            [
              -122.03561,
              37.80667
            ],
            [
              -122.03616,
              37.80623
            ],
            [
              -122.03623,
              37.80631
            ],
            [
              -122.03624,
              37.80769
            ],
            [
              -122.0362,
              37.81413
            ],
            [
              -122.03986,
              37.81413
            ],
            [
              -122.03987,
              37.81315
            ],
            [
              -122.04081,
              37.81321
            ],
            [
              -122.04187,
              37.81365
            ],
            [
              -122.04353,
              37.81247
            ],
            [
              -122.04357,
              37.8122
            ],
            [
              -122.04379,
              37.81202
            ],
            [
              -122.0444,
              37.81182
            ],
            [
              -122.0449,
              37.811
            ],
            [
              -122.0446,
              37.81058
            ],
            [
              -122.0446,
              37.81038
            ],
            [
              -122.04469,
              37.81028
            ],
            [
              -122.04482,
              37.80994
            ],
            [
              -122.04516,
              37.80972
            ],
            [
              -122.04506,
              37.80953
            ],
            [
              -122.04479,
              37.80922
            ],
            [
              -122.04393,
              37.8091
            ],
            [
              -122.04361,
              37.809
            ],
            [
              -122.04305,
              37.80851
            ],
            [
              -122.0419,
              37.80904
            ],
            [
              -122.04164,
              37.80934
            ],
            [
              -122.0399,
              37.8083
            ],
            [
              -122.03997,
              37.79388
            ],
            [
              -122.03992,
              37.78587
            ],
            [
              -122.04382,
              37.78583
            ],
            [
              -122.04386,
              37.79322
            ],
            [
              -122.05094,
              37.79315
            ],
            [
              -122.05093,
              37.7949
            ],
            [
              -122.05304,
              37.79489
            ],
            [
              -122.05303,
              37.79313
            ],
            [
              -122.06153,
              37.79304
            ],
            [
              -122.06153,
              37.79782
            ],
            [
              -122.0581,
              37.80063
            ],
            [
              -122.05845,
              37.80128
            ],
            [
              -122.05819,
              37.80268
            ],
            [
              -122.0578,
              37.80369
            ],
            [
              -122.05728,
              37.80403
            ],
            [
              -122.05648,
              37.80414
            ],
            [
              -122.05638,
              37.80422
            ],
            [
              -122.05716,
              37.80552
            ],
            [
              -122.05677,
              37.80643
            ],
            [
              -122.05596,
              37.80698
            ],
            [
              -122.05569,
              37.80781
            ],
            [
              -122.05759,
              37.81147
            ],
            [
              -122.05852,
              37.81188
            ],
            [
              -122.05908,
              37.81279
            ],
            [
              -122.06032,
              37.81384
            ],
            [
              -122.06152,
              37.81517
            ],
            [
              -122.06153,
              37.82104
            ],
            [
              -122.06263,
              37.82105
            ],
            [
              -122.06272,
              37.82875
            ],
            [
              -122.07021,
              37.82876
            ],
            [
              -122.07028,
              37.83058
            ],
            [
              -122.07035,
              37.83554
            ],
            [
              -122.06152,
              37.83552
            ],
            [
              -122.06151,
              37.84298
            ],
            [
              -122.04792,
              37.84221
            ],
            [
              -122.0479,
              37.83879
            ],
            [
              -122.04114,
              37.83833
            ]
          ]
        ],
        "type": "Polygon"
      },
      "properties": {
        "feature_id": "ebrpd:75",
        "gis_acres": 4154.53879488,
        "name": "Las Trampas",
        "objectid": 75,
        "official_name": "Las Trampas Wilderness Regional Preserve",
        "park_unit": "6",
        "source_object_id": 75,
        "status": "Parkland"
      },
      "type": "Feature"
    },
    {
      "geometry": {
        "coordinates": [
          [
            [
              [
                -122.15686,
                37.78779
              ],
              [
                -122.1557,
                37.78713
              ],
              [
                -122.15565,
                37.78694
              ],
              [
                -122.15527,
                37.78621
              ],
              [
                -122.15499,
                37.78602
              ],
              [
                -122.15472,
                37.78567
              ],
              [
                -122.15441,
                37.78581
              ],
              [
                -122.15451,
                37.78595
              ],
              [
                -122.15233,
                37.78716
              ],
              [
                -122.15138,
                37.78614
              ],
              [
                -122.15079,
                37.78651
              ],
              [
                -122.14803,
                37.7838
              ],
              [
                -122.14726,
                37.78415
              ],
              [
                -122.14629,
                37.78329
              ],
              [
                -122.14722,
                37.78266
              ],
              [
                -122.1464,
                37.78186
              ],
              [
                -122.14533,
                37.78255
              ],
              [
                -122.14416,
                37.78154
              ],
              [
                -122.14449,
                37.78128
              ],
              [
                -122.14447,
                37.78006
              ],
              [
                -122.14356,
                37.77883
              ],
              [
                -122.14276,
                37.77805
              ],
              [
                -122.14299,
                37.77748
              ],
              [
                -122.14309,
                37.77698
              ],
              [
                -122.14198,
                37.77627
              ],
              [
                -122.14056,
                37.77448
              ],
              [
                -122.14336,
                37.77313
              ],
              [
                -122.14388,
                37.77327
              ],
              [
                -122.1436,
                37.77387
              ],
              [
                -122.14436,
                37.77465
              ],
              [
                -122.14505,
                37.77567
              ],
              [
                -122.14555,
                37.77604
              ],
              [
                -122.14565,
                37.77595
              ],
              [
                -122.14689,
                37.77696
              ],
              [
                -122.1475,
                37.77773
              ],
              [
                -122.14747,
                37.77687
              ],
              [
                -122.14709,
                37.7763
              ],
              [
                -122.14726,
                37.77595
              ],
              [
                -122.14636,
                37.77542
              ],
              [
                -122.14616,
                37.77535
              ],
              [
                -122.14647,
                37.77509
              ],
              [
                -122.14682,
                37.77506
              ],
              [
                -122.14744,
                37.77572
              ],
              [
                -122.15099,
                37.77616
              ],
              [
                -122.15047,
                37.77684
              ],
              [
                -122.15214,
                37.77819
              ],
              [
                -122.15349,
                37.77875
              ],
              [
                -122.1516,
                37.78013
              ],
              [
                -122.15241,
                37.7808
              ],
              [
                -122.15351,
                37.78123
              ],
              [
                -122.15397,
                37.78098
              ],
              [
                -122.15465,
                37.78146
              ],
              [
                -122.15561,
                37.78192
              ],
              [
                -122.15553,
                37.78278
              ],
              [
                -122.15675,
                37.78312
              ],
              [
                -122.15726,
                37.78349
              ],
              [
                -122.15809,
                37.78465
              ],
              [
                -122.15871,
                37.78408
              ],
              [
                -122.15976,
                37.78463
              ],
              [
                -122.16058,
                37.78519
              ],
              [
                -122.16108,
                37.78567
              ],
              [
                -122.16174,
                37.78614
              ],
              [
                -122.16325,
                37.78676
              ],
              [
                -122.1634,
                37.78686
              ],
              [
                -122.16341,
                37.7875
              ],
              [
                -122.16406,
                37.7875
              ],
              [
                -122.16443,
                37.78739
              ],
              [
                -122.16475,
                37.78713
              ],
              [
                -122.16479,
                37.78703
              ],
              [
                -122.16477,
                37.78686
              ],
              [
                -122.16543,
                37.78655
              ],
              [
                -122.16584,
                37.78653
              ],
              [
                -122.16677,
                37.78681
              ],
              [
                -122.16665,
                37.78689
              ],
              [
                -122.16592,
                37.78667
              ],
              [
                -122.16558,
                37.78666
              ],
              [
                -122.16536,
                37.78672
              ],
              [
                -122.16494,
                37.78693
              ],
              [
                -122.16493,
                37.7871
              ],
              [
                -122.16486,
                37.78723
              ],
              [
                -122.1646,
                37.78744
              ],
              [
                -122.16434,
                37.78755
              ],
              [
                -122.16391,
                37.78761
              ],
              [
                -122.16306,
                37.7876
              ],
              [
                -122.16277,
                37.78754
              ],
              [
                -122.16222,
                37.78888
              ],
              [
                -122.16194,
                37.78914
              ],
              [
                -122.15975,
                37.78948
              ],
              [
                -122.15981,
                37.78924
              ],
              [
                -122.15869,
                37.78906
              ],
              [
                -122.15823,
                37.78887
              ],
              [
                -122.15758,
                37.78808
              ],
              [
                -122.15719,
                37.78796
              ],
              [
                -122.15686,
                37.78779
              ]
            ]
          ],
          [
            [
              [
                -122.14558,
                37.77533
              ],
              [
                -122.14552,
                37.77532
              ],
              [
                -122.14547,
                37.7752
              ],
              [
                -122.14608,
                37.77532
              ],
              [
                -122.14607,
                37.77539
              ],
              [
                -122.14589,
                37.77554
              ],
              [
                -122.14576,
                37.77543
              ],
              [
                -122.1456,
                37.77538
              ],
              [
                -122.14562,
                37.77534
              ],
              [
                -122.14558,
                37.77533
              ]
            ]
          ]
        ],
        "type": "MultiPolygon"
      },
      "properties": {
        "feature_id": "ebrpd:77",
        "gis_acres": 297.32307419,
        "name": "Leona Canyon",
        "objectid": 77,
        "official_name": "Leona Canyon Open Space Regional Preserve",
        "park_unit": "3",
        "source_object_id": 77,
        "status": "Parkland"
      },
      "type": "Feature"
    },
    {
      "geometry": {
        "coordinates": [
          [
            [
              [
                -122.04092,
                37.80962
              ],
              [
                -122.0399,
                37.80913
              ],
              [
                -122.0399,
                37.8083
              ],
              [
                -122.04164,
                37.80934
              ],
              [
                -122.0419,
                37.80904
              ],
              [
                -122.04305,
                37.80851
              ],
              [
                -122.04361,
                37.809
              ],
              [
                -122.04393,
                37.8091
              ],
              [
                -122.04479,
                37.80922
              ],
              [
                -122.04506,
                37.80953
              ],
              [
                -122.04516,
                37.80972
              ],
              [
                -122.04482,
                37.80994
              ],
              [
                -122.04469,
                37.81028
              ],
              [
                -122.0446,
                37.81038
              ],
              [
                -122.0446,
                37.81058
              ],
              [
                -122.0449,
                37.811
              ],
              [
                -122.0444,
                37.81182
              ],
              [
                -122.04379,
                37.81202
              ],
              [
                -122.04258,
                37.81071
              ],
              [
                -122.04208,
                37.81026
              ],
              [
                -122.04169,
                37.81
              ],
              [
                -122.04092,
                37.80962
              ]
            ]
          ],
          [
            [
              [
                -122.03317,
                37.80599
              ],
              [
                -122.0345,
                37.80537
              ],
              [
                -122.03471,
                37.80565
              ],
              [
                -122.03514,
                37.8054
              ],
              [
                -122.03616,
                37.80623
              ],
              [
                -122.03561,
                37.80667
              ],
              [
                -122.03368,
                37.80697
              ],
              [
                -122.03328,
                37.80657
              ],
              [
                -122.03317,
                37.80599
              ]
            ]
          ],
          [
            [
              [
                -122.03624,
                37.80769
              ],
              [
                -122.03623,
                37.80631
              ],
              [
                -122.03709,
                37.80695
              ],
              [
                -122.03769,
                37.8073
              ],
              [
                -122.0383,
                37.80796
              ],
              [
                -122.03826,
                37.80801
              ],
              [
                -122.03829,
                37.80806
              ],
              [
                -122.03809,
                37.80829
              ],
              [
                -122.03624,
                37.80769
              ]
            ]
          ],
          [
            [
              [
                -122.04175,
                37.8108
              ],
              [
                -122.04118,
                37.81029
              ],
              [
                -122.04063,
                37.81044
              ],
              [
                -122.04014,
                37.81027
              ],
              [
                -122.03989,
                37.8104
              ],
              [
                -122.03989,
                37.80943
              ],
              [
                -122.04133,
                37.8101
              ],
              [
                -122.04214,
                37.81069
              ],
              [
                -122.04289,
                37.81143
              ],
              [
                -122.0428,
                37.81159
              ],
              [
                -122.04283,
                37.81164
              ],
              [
                -122.04228,
                37.812
              ],
              [
                -122.04164,
                37.81168
              ],
              [
                -122.04175,
                37.8108
              ]
            ]
          ]
        ],
        "type": "MultiPolygon"
      },
      "properties": {
        "feature_id": "ebrpd:78",
        "gis_acres": 37.38742788,
        "name": "Little Hills",
        "objectid": 78,
        "official_name": "Little Hills Regional Recreation Area",
        "park_unit": "6",
        "source_object_id": 78,
        "status": "Parkland"
      },
      "type": "Feature"
    },
    {
      "geometry": {
        "coordinates": [
          [
            [
              [
                -122.20969,
                37.74966
              ],
              [
                -122.20984,
                37.74958
              ],
              [
                -122.21064,
                37.75052
              ],
              [
                -122.2108,
                37.75096
              ],
              [
                -122.21027,
                37.75118
              ],
              [
                -122.20914,
                37.75182
              ],
              [
                -122.20803,
                37.75058
              ],
              [
                -122.20969,
                37.74966
              ]
            ]
          ],
          [
            [
              [
                -122.22215,
                37.76054
              ],
              [
                -122.22272,
                37.76011
              ],
              [
                -122.22303,
                37.76037
              ],
              [
                -122.22242,
                37.76083
              ],
              [
                -122.22217,
                37.76062
              ],
              [
                -122.2222,
                37.76059
              ],
              [
                -122.22215,
                37.76054
              ]
            ]
          ]
        ],
        "type": "MultiPolygon"
      },
      "properties": {
        "feature_id": "ebrpd:79",
        "gis_acres": 8.73995269,
        "name": "Martin Luther King Jr. Shoreline",
        "objectid": 79,
        "official_name": "Martin Luther King Jr. Regional Shoreline",
        "park_unit": "4",
        "source_object_id": 79,
        "status": "Landbank"
      },
      "type": "Feature"
    },
    {
      "geometry": {
        "coordinates": [
          [
            [
              -122.22232,
              37.76208
            ],
            [
              -122.2229,
              37.76164
            ],
            [
              -122.22216,
              37.76102
            ],
            [
              -122.22303,
              37.76037
            ],
            [
              -122.22272,
              37.76011
            ],
            [
              -122.22215,
              37.76054
            ],
            [
              -122.2222,
              37.76059
            ],
            [
              -122.22217,
              37.76062
            ],
            [
              -122.22069,
              37.75939
            ],
            [
              -122.22033,
              37.75977
            ],
            [
              -122.21903,
              37.76069
            ],
            [
              -122.21836,
              37.76025
            ],
            [
              -122.21816,
              37.76046
            ],
            [
              -122.21791,
              37.76063
            ],
            [
              -122.21803,
              37.76073
            ],
            [
              -122.21791,
              37.76082
            ],
            [
              -122.21785,
              37.76077
            ],
            [
              -122.21771,
              37.76088
            ],
            [
              -122.21715,
              37.76038
            ],
            [
              -122.21706,
              37.76037
            ],
            [
              -122.21579,
              37.76111
            ],
            [
              -122.21573,
              37.76107
            ],
            [
              -122.21555,
              37.76116
            ],
            [
              -122.2155,
              37.76151
            ],
            [
              -122.21562,
              37.76195
            ],
            [
              -122.21435,
              37.7605
            ],
            [
              -122.21443,
              37.76046
            ],
            [
              -122.21493,
              37.76104
            ],
            [
              -122.21559,
              37.76066
            ],
            [
              -122.21567,
              37.76055
            ],
            [
              -122.21576,
              37.76053
            ],
            [
              -122.21598,
              37.75955
            ],
            [
              -122.21595,
              37.75922
            ],
            [
              -122.21581,
              37.75894
            ],
            [
              -122.21478,
              37.75777
            ],
            [
              -122.21566,
              37.75728
            ],
            [
              -122.21569,
              37.75704
            ],
            [
              -122.21609,
              37.75676
            ],
            [
              -122.21592,
              37.75645
            ],
            [
              -122.21589,
              37.75618
            ],
            [
              -122.21549,
              37.75593
            ],
            [
              -122.21533,
              37.75541
            ],
            [
              -122.21527,
              37.75535
            ],
            [
              -122.21488,
              37.75528
            ],
            [
              -122.21441,
              37.75534
            ],
            [
              -122.21418,
              37.75529
            ],
            [
              -122.21404,
              37.75515
            ],
            [
              -122.21397,
              37.75493
            ],
            [
              -122.21384,
              37.75485
            ],
            [
              -122.21309,
              37.75496
            ],
            [
              -122.2124,
              37.75485
            ],
            [
              -122.21137,
              37.75329
            ],
            [
              -122.21127,
              37.75334
            ],
            [
              -122.21087,
              37.75282
            ],
            [
              -122.21071,
              37.75287
            ],
            [
              -122.21042,
              37.75253
            ],
            [
              -122.21022,
              37.75242
            ],
            [
              -122.21008,
              37.75239
            ],
            [
              -122.2098,
              37.75242
            ],
            [
              -122.20863,
              37.75304
            ],
            [
              -122.2085,
              37.75308
            ],
            [
              -122.20829,
              37.75304
            ],
            [
              -122.20986,
              37.75219
            ],
            [
              -122.20951,
              37.7521
            ],
            [
              -122.20924,
              37.75197
            ],
            [
              -122.20787,
              37.75273
            ],
            [
              -122.2077,
              37.75254
            ],
            [
              -122.20904,
              37.7518
            ],
            [
              -122.2091,
              37.75178
            ],
            [
              -122.20914,
              37.75182
            ],
            [
              -122.21027,
              37.75118
            ],
            [
              -122.2108,
              37.75096
            ],
            [
              -122.21059,
              37.75037
            ],
            [
              -122.21103,
              37.75013
            ],
            [
              -122.21091,
              37.75001
            ],
            [
              -122.21136,
              37.74977
            ],
            [
              -122.21146,
              37.74989
            ],
            [
              -122.21152,
              37.74985
            ],
            [
              -122.21129,
              37.74958
            ],
            [
              -122.21184,
              37.74904
            ],
            [
              -122.21103,
              37.74812
            ],
            [
              -122.21111,
              37.74795
            ],
            [
              -122.20991,
              37.74658
            ],
            [
              -122.20971,
              37.74657
            ],
            [
              -122.20716,
              37.74367
            ],
            [
              -122.20568,
              37.74448
            ],
            [
              -122.20525,
              37.74398
            ],
            [
              -122.20769,
              37.74263
            ],
            [
              -122.19937,
              37.73315
            ],
            [
              -122.19907,
              37.73291
            ],
            [
              -122.19878,
              37.73278
            ],
            [
              -122.19903,
              37.73225
            ],
            [
              -122.19958,
              37.73246
            ],
            [
              -122.19986,
              37.73273
            ],
            [
              -122.20353,
              37.7369
            ],
            [
              -122.20889,
              37.73398
            ],
            [
              -122.20843,
              37.73285
            ],
            [
              -122.20812,
              37.73227
            ],
            [
              -122.20763,
              37.73177
            ],
            [
              -122.20708,
              37.73138
            ],
            [
              -122.20671,
              37.73122
            ],
            [
              -122.20682,
              37.73088
            ],
            [
              -122.20698,
              37.73061
            ],
            [
              -122.20763,
              37.72987
            ],
            [
              -122.20776,
              37.72987
            ],
            [
              -122.20999,
              37.7311
            ],
            [
              -122.21051,
              37.73151
            ],
            [
              -122.21067,
              37.73172
            ],
            [
              -122.21102,
              37.73242
            ],
            [
              -122.21133,
              37.73321
            ],
            [
              -122.21276,
              37.73622
            ],
            [
              -122.21318,
              37.7369
            ],
            [
              -122.21902,
              37.74402
            ],
            [
              -122.21965,
              37.74458
            ],
            [
              -122.22025,
              37.74496
            ],
            [
              -122.22069,
              37.74517
            ],
            [
              -122.22132,
              37.74539
            ],
            [
              -122.22198,
              37.74554
            ],
            [
              -122.22257,
              37.74561
            ],
            [
              -122.22317,
              37.74562
            ],
            [
              -122.22661,
              37.74547
            ],
            [
              -122.22652,
              37.74807
            ],
            [
              -122.22459,
              37.75517
            ],
            [
              -122.22439,
              37.75658
            ],
            [
              -122.22439,
              37.75732
            ],
            [
              -122.22249,
              37.75872
            ],
            [
              -122.22313,
              37.75976
            ],
            [
              -122.22329,
              37.76024
            ],
            [
              -122.2234,
              37.76083
            ],
            [
              -122.22346,
              37.76206
            ],
            [
              -122.22357,
              37.76275
            ],
            [
              -122.22316,
              37.76307
            ],
            [
              -122.22286,
              37.76181
            ],
            [
              -122.22124,
              37.76303
            ],
            [
              -122.22122,
              37.7631
            ],
            [
              -122.22104,
              37.76323
            ],
            [
              -122.22093,
              37.76313
            ],
            [
              -122.22232,
              37.76208
            ]
          ]
        ],
        "type": "Polygon"
      },
      "properties": {
        "feature_id": "ebrpd:80",
        "gis_acres": 765.22405237,
        "name": "Martin Luther King Jr. Shoreline",
        "objectid": 80,
        "official_name": "Martin Luther King Jr. Regional Shoreline",
        "park_unit": "4",
        "source_object_id": 80,
        "status": "Parkland"
      },
      "type": "Feature"
    },
    {
      "geometry": {
        "coordinates": [
          [
            [
              [
                -122.2973,
                37.83769
              ],
              [
                -122.29708,
                37.83751
              ],
              [
                -122.29545,
                37.83444
              ],
              [
                -122.29554,
                37.83441
              ],
              [
                -122.29549,
                37.83431
              ],
              [
                -122.2954,
                37.83434
              ],
              [
                -122.29524,
                37.83405
              ],
              [
                -122.29462,
                37.83247
              ],
              [
                -122.29457,
                37.83229
              ],
              [
                -122.29464,
                37.83228
              ],
              [
                -122.29454,
                37.83191
              ],
              [
                -122.29449,
                37.83192
              ],
              [
                -122.29444,
                37.83142
              ],
              [
                -122.29454,
                37.82989
              ],
              [
                -122.29475,
                37.82923
              ],
              [
                -122.29478,
                37.82918
              ],
              [
                -122.29522,
                37.82932
              ],
              [
                -122.29528,
                37.8292
              ],
              [
                -122.29484,
                37.82907
              ],
              [
                -122.29502,
                37.82878
              ],
              [
                -122.29535,
                37.8284
              ],
              [
                -122.29575,
                37.82808
              ],
              [
                -122.29638,
                37.82775
              ],
              [
                -122.29692,
                37.8276
              ],
              [
                -122.30542,
                37.82588
              ],
              [
                -122.3075,
                37.82592
              ],
              [
                -122.30869,
                37.82589
              ],
              [
                -122.31808,
                37.82977
              ],
              [
                -122.31452,
                37.83558
              ],
              [
                -122.31371,
                37.83701
              ],
              [
                -122.30457,
                37.83701
              ],
              [
                -122.30456,
                37.83646
              ],
              [
                -122.30318,
                37.83646
              ],
              [
                -122.30318,
                37.83701
              ],
              [
                -122.30095,
                37.83704
              ],
              [
                -122.29771,
                37.83768
              ],
              [
                -122.2973,
                37.83769
              ]
            ]
          ],
          [
            [
              [
                -122.30521,
                37.8656
              ],
              [
                -122.30391,
                37.86482
              ],
              [
                -122.30372,
                37.86463
              ],
              [
                -122.30364,
                37.86448
              ],
              [
                -122.30281,
                37.86187
              ],
              [
                -122.30038,
                37.85313
              ],
              [
                -122.30009,
                37.85157
              ],
              [
                -122.3001,
                37.85084
              ],
              [
                -122.30092,
                37.84807
              ],
              [
                -122.30096,
                37.84786
              ],
              [
                -122.30092,
                37.84746
              ],
              [
                -122.30227,
                37.84714
              ],
              [
                -122.30222,
                37.84437
              ],
              [
                -122.29843,
                37.8444
              ],
              [
                -122.29808,
                37.84292
              ],
              [
                -122.29817,
                37.84244
              ],
              [
                -122.29795,
                37.84227
              ],
              [
                -122.29789,
                37.84142
              ],
              [
                -122.29804,
                37.84094
              ],
              [
                -122.29941,
                37.84075
              ],
              [
                -122.30916,
                37.84075
              ],
              [
                -122.30927,
                37.84437
              ],
              [
                -122.30925,
                37.84559
              ],
              [
                -122.30818,
                37.84583
              ],
              [
                -122.30849,
                37.85877
              ],
              [
                -122.31133,
                37.8639
              ],
              [
                -122.31154,
                37.86458
              ],
              [
                -122.31104,
                37.86503
              ],
              [
                -122.30572,
                37.86611
              ],
              [
                -122.30558,
                37.86613
              ],
              [
                -122.30548,
                37.86588
              ],
              [
                -122.30521,
                37.8656
              ]
            ]
          ],
          [
            [
              [
                -122.31595,
                37.88943
              ],
              [
                -122.31531,
                37.88944
              ],
              [
                -122.3153,
                37.88765
              ],
              [
                -122.31595,
                37.88765
              ],
              [
                -122.31598,
                37.88071
              ],
              [
                -122.31246,
                37.88143
              ],
              [
                -122.30998,
                37.87799
              ],
              [
                -122.30972,
                37.87804
              ],
              [
                -122.30964,
                37.8778
              ],
              [
                -122.31884,
                37.87594
              ],
              [
                -122.32871,
                37.88783
              ],
              [
                -122.32333,
                37.88783
              ],
              [
                -122.32333,
                37.88942
              ],
              [
                -122.31595,
                37.88943
              ]
            ]
          ],
          [
            [
              [
                -122.30817,
                37.87787
              ],
              [
                -122.30808,
                37.87784
              ],
              [
                -122.30785,
                37.87757
              ],
              [
                -122.30714,
                37.87583
              ],
              [
                -122.30652,
                37.87411
              ],
              [
                -122.3056,
                37.87121
              ],
              [
                -122.30564,
                37.87111
              ],
              [
                -122.30575,
                37.87107
              ],
              [
                -122.30568,
                37.87091
              ],
              [
                -122.30555,
                37.8709
              ],
              [
                -122.30548,
                37.87084
              ],
              [
                -122.30534,
                37.87037
              ],
              [
                -122.30498,
                37.86874
              ],
              [
                -122.30498,
                37.86854
              ],
              [
                -122.30506,
                37.86833
              ],
              [
                -122.30576,
                37.86724
              ],
              [
                -122.30581,
                37.86704
              ],
              [
                -122.3058,
                37.8668
              ],
              [
                -122.30573,
                37.8666
              ],
              [
                -122.30577,
                37.8665
              ],
              [
                -122.31083,
                37.86547
              ],
              [
                -122.311,
                37.86547
              ],
              [
                -122.31113,
                37.86552
              ],
              [
                -122.31124,
                37.86563
              ],
              [
                -122.31318,
                37.86924
              ],
              [
                -122.31318,
                37.86935
              ],
              [
                -122.31301,
                37.86943
              ],
              [
                -122.31308,
                37.86959
              ],
              [
                -122.3136,
                37.86948
              ],
              [
                -122.31371,
                37.86974
              ],
              [
                -122.31345,
                37.8698
              ],
              [
                -122.31758,
                37.87484
              ],
              [
                -122.31751,
                37.87513
              ],
              [
                -122.31803,
                37.87571
              ],
              [
                -122.31856,
                37.8756
              ],
              [
                -122.31868,
                37.87575
              ],
              [
                -122.30817,
                37.87787
              ]
            ]
          ],
          [
            [
              [
                -122.32104,
                37.89146
              ],
              [
                -122.32104,
                37.89509
              ],
              [
                -122.31872,
                37.89513
              ],
              [
                -122.31874,
                37.89592
              ],
              [
                -122.31396,
                37.89699
              ],
              [
                -122.31093,
                37.89323
              ],
              [
                -122.31055,
                37.8927
              ],
              [
                -122.31036,
                37.89235
              ],
              [
                -122.31011,
                37.89173
              ],
              [
                -122.30935,
                37.88934
              ],
              [
                -122.30955,
                37.8882
              ],
              [
                -122.31011,
                37.8888
              ],
              [
                -122.31018,
                37.88876
              ],
              [
                -122.31046,
                37.88905
              ],
              [
                -122.31085,
                37.88932
              ],
              [
                -122.31138,
                37.88954
              ],
              [
                -122.31185,
                37.88963
              ],
              [
                -122.32333,
                37.88964
              ],
              [
                -122.32333,
                37.89146
              ],
              [
                -122.32104,
                37.89146
              ]
            ]
          ],
          [
            [
              [
                -122.32129,
                37.90308
              ],
              [
                -122.32523,
                37.9011
              ],
              [
                -122.32522,
                37.90712
              ],
              [
                -122.32599,
                37.90812
              ],
              [
                -122.32504,
                37.90776
              ],
              [
                -122.32405,
                37.9073
              ],
              [
                -122.32244,
                37.90634
              ],
              [
                -122.32176,
                37.90583
              ],
              [
                -122.32098,
                37.90516
              ],
              [
                -122.32041,
                37.90457
              ],
              [
                -122.31981,
                37.90385
              ],
              [
                -122.32129,
                37.90308
              ]
            ]
          ],
          [
            [
              [
                -122.33438,
                37.89214
              ],
              [
                -122.32792,
                37.8937
              ],
              [
                -122.32792,
                37.89146
              ],
              [
                -122.33021,
                37.89146
              ],
              [
                -122.33021,
                37.88965
              ],
              [
                -122.33841,
                37.89117
              ],
              [
                -122.33438,
                37.89214
              ]
            ]
          ],
          [
            [
              [
                -122.30906,
                37.89091
              ],
              [
                -122.30931,
                37.88978
              ],
              [
                -122.30997,
                37.89185
              ],
              [
                -122.31044,
                37.89283
              ],
              [
                -122.31379,
                37.89703
              ],
              [
                -122.31214,
                37.8974
              ],
              [
                -122.31073,
                37.89568
              ],
              [
                -122.31072,
                37.8955
              ],
              [
                -122.30984,
                37.89421
              ],
              [
                -122.30946,
                37.89336
              ],
              [
                -122.30926,
                37.89275
              ],
              [
                -122.30911,
                37.89208
              ],
              [
                -122.30905,
                37.89149
              ],
              [
                -122.30906,
                37.89091
              ]
            ]
          ],
          [
            [
              [
                -122.32561,
                37.90939
              ],
              [
                -122.32543,
                37.90933
              ],
              [
                -122.32442,
                37.90871
              ],
              [
                -122.32388,
                37.90874
              ],
              [
                -122.32347,
                37.90852
              ],
              [
                -122.32332,
                37.90865
              ],
              [
                -122.32024,
                37.90476
              ],
              [
                -122.32139,
                37.90584
              ],
              [
                -122.32281,
                37.90685
              ],
              [
                -122.32411,
                37.90758
              ],
              [
                -122.32558,
                37.90821
              ],
              [
                -122.32561,
                37.90939
              ]
            ]
          ],
          [
            [
              [
                -122.32347,
                37.89618
              ],
              [
                -122.32228,
                37.89543
              ],
              [
                -122.32131,
                37.89639
              ],
              [
                -122.32158,
                37.89656
              ],
              [
                -122.32104,
                37.8971
              ],
              [
                -122.32104,
                37.89658
              ],
              [
                -122.32111,
                37.8963
              ],
              [
                -122.32136,
                37.89607
              ],
              [
                -122.32154,
                37.89579
              ],
              [
                -122.3221,
                37.8953
              ],
              [
                -122.32256,
                37.8953
              ],
              [
                -122.32284,
                37.89558
              ],
              [
                -122.32329,
                37.89591
              ],
              [
                -122.325,
                37.89705
              ],
              [
                -122.32457,
                37.89747
              ],
              [
                -122.32536,
                37.89797
              ],
              [
                -122.32537,
                37.89833
              ],
              [
                -122.32553,
                37.89867
              ],
              [
                -122.32535,
                37.89938
              ],
              [
                -122.32529,
                37.89985
              ],
              [
                -122.32523,
                37.89985
              ],
              [
                -122.32523,
                37.89938
              ],
              [
                -122.32489,
                37.89938
              ],
              [
                -122.32479,
                37.89892
              ],
              [
                -122.32461,
                37.8986
              ],
              [
                -122.32427,
                37.89827
              ],
              [
                -122.32388,
                37.89802
              ],
              [
                -122.32485,
                37.89705
              ],
              [
                -122.32347,
                37.89618
              ]
            ]
          ],
          [
            [
              [
                -122.31579,
                37.90048
              ],
              [
                -122.31575,
                37.90028
              ],
              [
                -122.3158,
                37.90013
              ],
              [
                -122.31592,
                37.90001
              ],
              [
                -122.31613,
                37.89994
              ],
              [
                -122.31629,
                37.90012
              ],
              [
                -122.3161,
                37.90016
              ],
              [
                -122.31617,
                37.90042
              ],
              [
                -122.31649,
                37.90037
              ],
              [
                -122.31786,
                37.90208
              ],
              [
                -122.31751,
                37.90263
              ],
              [
                -122.31751,
                37.90285
              ],
              [
                -122.31609,
                37.90109
              ],
              [
                -122.31589,
                37.90077
              ],
              [
                -122.31579,
                37.90048
              ]
            ]
          ],
          [
            [
              [
                -122.31924,
                37.906
              ],
              [
                -122.31711,
                37.90343
              ],
              [
                -122.31758,
                37.90319
              ],
              [
                -122.3183,
                37.90458
              ],
              [
                -122.31978,
                37.906
              ],
              [
                -122.31924,
                37.906
              ]
            ]
          ],
          [
            [
              [
                -122.32104,
                37.89509
              ],
              [
                -122.32246,
                37.89509
              ],
              [
                -122.32104,
                37.89539
              ],
              [
                -122.32104,
                37.89509
              ]
            ]
          ],
          [
            [
              [
                -122.31969,
                37.89786
              ],
              [
                -122.32004,
                37.89773
              ],
              [
                -122.31955,
                37.898
              ],
              [
                -122.31895,
                37.89853
              ],
              [
                -122.3191,
                37.89823
              ],
              [
                -122.31969,
                37.89786
              ]
            ]
          ]
        ],
        "type": "MultiPolygon"
      },
      "properties": {
        "feature_id": "ebrpd:81",
        "gis_acres": 1830.45891403,
        "name": "McLaughlin Eastshore",
        "objectid": 81,
        "official_name": "McLaughlin Eastshore State Park",
        "park_unit": "4",
        "source_object_id": 81,
        "status": "Parkland"
      },
      "type": "Feature"
    },
    {
      "geometry": {
        "coordinates": [
          [
            [
              [
                -122.38637,
                37.90991
              ],
              [
                -122.38653,
                37.91003
              ],
              [
                -122.38672,
                37.91006
              ],
              [
                -122.38723,
                37.91001
              ],
              [
                -122.387,
                37.91104
              ],
              [
                -122.38686,
                37.91125
              ],
              [
                -122.3838,
                37.9139
              ],
              [
                -122.38367,
                37.91421
              ],
              [
                -122.38374,
                37.91649
              ],
              [
                -122.38348,
                37.91663
              ],
              [
                -122.3835,
                37.91713
              ],
              [
                -122.38309,
                37.91712
              ],
              [
                -122.38318,
                37.9173
              ],
              [
                -122.38351,
                37.91727
              ],
              [
                -122.38365,
                37.91758
              ],
              [
                -122.38468,
                37.91875
              ],
              [
                -122.3842,
                37.91907
              ],
              [
                -122.38424,
                37.91914
              ],
              [
                -122.38447,
                37.91899
              ],
              [
                -122.38476,
                37.91931
              ],
              [
                -122.38502,
                37.91912
              ],
              [
                -122.38577,
                37.92
              ],
              [
                -122.38581,
                37.92034
              ],
              [
                -122.38545,
                37.92125
              ],
              [
                -122.38562,
                37.92129
              ],
              [
                -122.38528,
                37.92214
              ],
              [
                -122.38496,
                37.92217
              ],
              [
                -122.38482,
                37.92212
              ],
              [
                -122.38469,
                37.92188
              ],
              [
                -122.38479,
                37.92185
              ],
              [
                -122.38426,
                37.9212
              ],
              [
                -122.38397,
                37.9212
              ],
              [
                -122.38364,
                37.92113
              ],
              [
                -122.38317,
                37.92117
              ],
              [
                -122.38283,
                37.92095
              ],
              [
                -122.38281,
                37.921
              ],
              [
                -122.3827,
                37.92091
              ],
              [
                -122.38257,
                37.92088
              ],
              [
                -122.38176,
                37.92115
              ],
              [
                -122.38205,
                37.92061
              ],
              [
                -122.38224,
                37.9206
              ],
              [
                -122.38234,
                37.92054
              ],
              [
                -122.38245,
                37.92038
              ],
              [
                -122.38194,
                37.9202
              ],
              [
                -122.38168,
                37.92032
              ],
              [
                -122.38171,
                37.92045
              ],
              [
                -122.38158,
                37.92108
              ],
              [
                -122.3808,
                37.92153
              ],
              [
                -122.38053,
                37.92202
              ],
              [
                -122.38026,
                37.92211
              ],
              [
                -122.38054,
                37.92129
              ],
              [
                -122.38078,
                37.92076
              ],
              [
                -122.38077,
                37.92049
              ],
              [
                -122.38051,
                37.92009
              ],
              [
                -122.38036,
                37.9196
              ],
              [
                -122.37999,
                37.91917
              ],
              [
                -122.3796,
                37.91907
              ],
              [
                -122.37955,
                37.91884
              ],
              [
                -122.38001,
                37.91844
              ],
              [
                -122.37984,
                37.91786
              ],
              [
                -122.3799,
                37.91757
              ],
              [
                -122.37983,
                37.91744
              ],
              [
                -122.37965,
                37.91746
              ],
              [
                -122.37958,
                37.91719
              ],
              [
                -122.3793,
                37.91723
              ],
              [
                -122.37917,
                37.9172
              ],
              [
                -122.37881,
                37.91677
              ],
              [
                -122.37872,
                37.91654
              ],
              [
                -122.37854,
                37.9163
              ],
              [
                -122.37814,
                37.9161
              ],
              [
                -122.37748,
                37.91613
              ],
              [
                -122.3772,
                37.91604
              ],
              [
                -122.37679,
                37.91604
              ],
              [
                -122.37592,
                37.91651
              ],
              [
                -122.37585,
                37.91629
              ],
              [
                -122.37604,
                37.91607
              ],
              [
                -122.37513,
                37.91558
              ],
              [
                -122.37498,
                37.91562
              ],
              [
                -122.3745,
                37.91553
              ],
              [
                -122.37438,
                37.91559
              ],
              [
                -122.37403,
                37.91614
              ],
              [
                -122.37387,
                37.91618
              ],
              [
                -122.37307,
                37.91739
              ],
              [
                -122.37267,
                37.91721
              ],
              [
                -122.37243,
                37.91693
              ],
              [
                -122.37235,
                37.9166
              ],
              [
                -122.37249,
                37.91609
              ],
              [
                -122.37249,
                37.9159
              ],
              [
                -122.37322,
                37.91607
              ],
              [
                -122.37351,
                37.91621
              ],
              [
                -122.37362,
                37.91616
              ],
              [
                -122.37391,
                37.91571
              ],
              [
                -122.3738,
                37.91373
              ],
              [
                -122.37462,
                37.91373
              ],
              [
                -122.37432,
                37.91294
              ],
              [
                -122.37375,
                37.91293
              ],
              [
                -122.37371,
                37.91219
              ],
              [
                -122.37384,
                37.91201
              ],
              [
                -122.37414,
                37.91196
              ],
              [
                -122.3743,
                37.91203
              ],
              [
                -122.37509,
                37.91309
              ],
              [
                -122.37588,
                37.91358
              ],
              [
                -122.37678,
                37.91356
              ],
              [
                -122.3772,
                37.91276
              ],
              [
                -122.37818,
                37.91338
              ],
              [
                -122.37778,
                37.91416
              ],
              [
                -122.37831,
                37.91462
              ],
              [
                -122.37895,
                37.91477
              ],
              [
                -122.3812,
                37.91463
              ],
              [
                -122.38149,
                37.91449
              ],
              [
                -122.38243,
                37.91208
              ],
              [
                -122.38265,
                37.91202
              ],
              [
                -122.38274,
                37.91181
              ],
              [
                -122.38292,
                37.9117
              ],
              [
                -122.383,
                37.91154
              ],
              [
                -122.38384,
                37.91072
              ],
              [
                -122.38427,
                37.9104
              ],
              [
                -122.38472,
                37.91021
              ],
              [
                -122.38548,
                37.90999
              ],
              [
                -122.38637,
                37.90991
              ]
            ]
          ],
          [
            [
              [
                -122.38349,
                37.91865
              ],
              [
                -122.383,
                37.91873
              ],
              [
                -122.38284,
                37.91871
              ],
              [
                -122.38267,
                37.91897
              ],
              [
                -122.38279,
                37.91905
              ],
              [
                -122.38256,
                37.91925
              ],
              [
                -122.38275,
                37.91934
              ],
              [
                -122.38306,
                37.91938
              ],
              [
                -122.3833,
                37.91953
              ],
              [
                -122.38359,
                37.91961
              ],
              [
                -122.3839,
                37.92017
              ],
              [
                -122.38405,
                37.92029
              ],
              [
                -122.38431,
                37.92039
              ],
              [
                -122.38451,
                37.92017
              ],
              [
                -122.38436,
                37.92013
              ],
              [
                -122.38462,
                37.91994
              ],
              [
                -122.38445,
                37.9198
              ],
              [
                -122.38419,
                37.91997
              ],
              [
                -122.38413,
                37.91992
              ],
              [
                -122.38398,
                37.91957
              ],
              [
                -122.38425,
                37.9194
              ],
              [
                -122.38402,
                37.9189
              ],
              [
                -122.38378,
                37.9187
              ],
              [
                -122.38349,
                37.91865
              ]
            ]
          ],
          [
            [
              [
                -122.38282,
                37.91943
              ],
              [
                -122.38277,
                37.91972
              ],
              [
                -122.38305,
                37.91974
              ],
              [
                -122.38329,
                37.91995
              ],
              [
                -122.38358,
                37.91976
              ],
              [
                -122.38346,
                37.91964
              ],
              [
                -122.38323,
                37.91959
              ],
              [
                -122.383,
                37.91945
              ],
              [
                -122.38282,
                37.91943
              ]
            ]
          ],
          [
            [
              [
                -122.3927,
                37.90799
              ],
              [
                -122.39284,
                37.90815
              ],
              [
                -122.391,
                37.90928
              ],
              [
                -122.39092,
                37.90921
              ],
              [
                -122.39076,
                37.90932
              ],
              [
                -122.39299,
                37.91197
              ],
              [
                -122.39026,
                37.9108
              ],
              [
                -122.39056,
                37.90985
              ],
              [
                -122.38988,
                37.91041
              ],
              [
                -122.38964,
                37.91052
              ],
              [
                -122.38899,
                37.91115
              ],
              [
                -122.38872,
                37.91159
              ],
              [
                -122.38858,
                37.91192
              ],
              [
                -122.38838,
                37.91248
              ],
              [
                -122.3882,
                37.91322
              ],
              [
                -122.39374,
                37.91312
              ],
              [
                -122.39572,
                37.91673
              ],
              [
                -122.38965,
                37.9168
              ],
              [
                -122.38975,
                37.92266
              ],
              [
                -122.38867,
                37.92249
              ],
              [
                -122.38788,
                37.92183
              ],
              [
                -122.38776,
                37.92131
              ],
              [
                -122.38756,
                37.92108
              ],
              [
                -122.38716,
                37.92128
              ],
              [
                -122.38627,
                37.92123
              ],
              [
                -122.38603,
                37.92117
              ],
              [
                -122.38636,
                37.92013
              ],
              [
                -122.38719,
                37.91667
              ],
              [
                -122.3868,
                37.91661
              ],
              [
                -122.38593,
                37.91987
              ],
              [
                -122.38411,
                37.91782
              ],
              [
                -122.38402,
                37.91766
              ],
              [
                -122.38388,
                37.9142
              ],
              [
                -122.38406,
                37.91388
              ],
              [
                -122.38708,
                37.91129
              ],
              [
                -122.38724,
                37.91095
              ],
              [
                -122.38753,
                37.90957
              ],
              [
                -122.38805,
                37.90936
              ],
              [
                -122.3882,
                37.90854
              ],
              [
                -122.39032,
                37.9088
              ],
              [
                -122.39056,
                37.90908
              ],
              [
                -122.39154,
                37.9081
              ],
              [
                -122.3927,
                37.90799
              ]
            ]
          ]
        ],
        "type": "MultiPolygon"
      },
      "properties": {
        "feature_id": "ebrpd:82",
        "gis_acres": 318.07538956,
        "name": "Miller/Knox Shoreline",
        "objectid": 82,
        "official_name": "Miller/Knox Regional Shoreline",
        "park_unit": "4",
        "source_object_id": 82,
        "status": "Parkland"
      },
      "type": "Feature"
    },
    {
      "geometry": {
        "coordinates": [
          [
            [
              -121.8743,
              37.4939
            ],
            [
              -121.87496,
              37.49545
            ],
            [
              -121.87089,
              37.49553
            ],
            [
              -121.87079,
              37.49134
            ],
            [
              -121.87351,
              37.49121
            ],
            [
              -121.87334,
              37.49154
            ],
            [
              -121.8743,
              37.4939
            ]
          ]
        ],
        "type": "Polygon"
      },
      "properties": {
        "feature_id": "ebrpd:83",
        "gis_acres": 33.43487945,
        "name": "Mission Peak",
        "objectid": 83,
        "official_name": "Mission Peak Regional Preserve",
        "park_unit": "1",
        "source_object_id": 83,
        "status": "Landbank"
      },
      "type": "Feature"
    },
    {
      "geometry": {
        "coordinates": [
          [
            [
              -121.90613,
              37.54031
            ],
            [
              -121.9037,
              37.53592
            ],
            [
              -121.90126,
              37.53198
            ],
            [
              -121.89876,
              37.52832
            ],
            [
              -121.8986,
              37.52789
            ],
            [
              -121.89609,
              37.52776
            ],
            [
              -121.89617,
              37.52754
            ],
            [
              -121.89539,
              37.52714
            ],
            [
              -121.89495,
              37.52682
            ],
            [
              -121.89447,
              37.52683
            ],
            [
              -121.89354,
              37.5263
            ],
            [
              -121.89273,
              37.52557
            ],
            [
              -121.8922,
              37.52474
            ],
            [
              -121.89187,
              37.52442
            ],
            [
              -121.89156,
              37.52426
            ],
            [
              -121.89059,
              37.52413
            ],
            [
              -121.88905,
              37.52373
            ],
            [
              -121.8887,
              37.52359
            ],
            [
              -121.88848,
              37.5234
            ],
            [
              -121.88807,
              37.52333
            ],
            [
              -121.88779,
              37.52315
            ],
            [
              -121.88711,
              37.52296
            ],
            [
              -121.8867,
              37.52268
            ],
            [
              -121.88648,
              37.52234
            ],
            [
              -121.88623,
              37.52233
            ],
            [
              -121.88591,
              37.52261
            ],
            [
              -121.88538,
              37.52266
            ],
            [
              -121.88433,
              37.5224
            ],
            [
              -121.88394,
              37.52236
            ],
            [
              -121.88355,
              37.52239
            ],
            [
              -121.88178,
              37.52161
            ],
            [
              -121.88107,
              37.52125
            ],
            [
              -121.88074,
              37.52122
            ],
            [
              -121.88041,
              37.52131
            ],
            [
              -121.8801,
              37.52132
            ],
            [
              -121.87959,
              37.52089
            ],
            [
              -121.87945,
              37.5205
            ],
            [
              -121.87912,
              37.5204
            ],
            [
              -121.87809,
              37.52047
            ],
            [
              -121.8769,
              37.52035
            ],
            [
              -121.87619,
              37.52018
            ],
            [
              -121.87572,
              37.52043
            ],
            [
              -121.87534,
              37.52038
            ],
            [
              -121.875,
              37.52023
            ],
            [
              -121.87453,
              37.51957
            ],
            [
              -121.87415,
              37.51946
            ],
            [
              -121.87352,
              37.51915
            ],
            [
              -121.87321,
              37.51828
            ],
            [
              -121.87295,
              37.51795
            ],
            [
              -121.87254,
              37.51787
            ],
            [
              -121.87075,
              37.51819
            ],
            [
              -121.87016,
              37.51776
            ],
            [
              -121.8701,
              37.51747
            ],
            [
              -121.87033,
              37.51688
            ],
            [
              -121.87032,
              37.51647
            ],
            [
              -121.87001,
              37.51608
            ],
            [
              -121.86971,
              37.51541
            ],
            [
              -121.86958,
              37.51541
            ],
            [
              -121.86959,
              37.51372
            ],
            [
              -121.87411,
              37.51375
            ],
            [
              -121.87409,
              37.50715
            ],
            [
              -121.86507,
              37.50721
            ],
            [
              -121.86247,
              37.50717
            ],
            [
              -121.86301,
              37.50534
            ],
            [
              -121.86263,
              37.50445
            ],
            [
              -121.86325,
              37.50275
            ],
            [
              -121.86397,
              37.50196
            ],
            [
              -121.8639,
              37.50056
            ],
            [
              -121.86476,
              37.49537
            ],
            [
              -121.8648,
              37.49173
            ],
            [
              -121.86047,
              37.492
            ],
            [
              -121.86055,
              37.48822
            ],
            [
              -121.86073,
              37.48459
            ],
            [
              -121.86536,
              37.48461
            ],
            [
              -121.86986,
              37.48176
            ],
            [
              -121.86997,
              37.48158
            ],
            [
              -121.87003,
              37.48135
            ],
            [
              -121.87003,
              37.48106
            ],
            [
              -121.87134,
              37.4794
            ],
            [
              -121.87291,
              37.47848
            ],
            [
              -121.87488,
              37.47645
            ],
            [
              -121.87611,
              37.47553
            ],
            [
              -121.87727,
              37.47487
            ],
            [
              -121.87724,
              37.47465
            ],
            [
              -121.87712,
              37.47449
            ],
            [
              -121.87864,
              37.47317
            ],
            [
              -121.87915,
              37.47262
            ],
            [
              -121.8817,
              37.4753
            ],
            [
              -121.88434,
              37.47821
            ],
            [
              -121.88436,
              37.47841
            ],
            [
              -121.88418,
              37.47873
            ],
            [
              -121.88334,
              37.47963
            ],
            [
              -121.8852,
              37.48072
            ],
            [
              -121.88507,
              37.48094
            ],
            [
              -121.8858,
              37.48131
            ],
            [
              -121.88603,
              37.48132
            ],
            [
              -121.88618,
              37.48153
            ],
            [
              -121.88618,
              37.48178
            ],
            [
              -121.88589,
              37.48215
            ],
            [
              -121.88574,
              37.48314
            ],
            [
              -121.88592,
              37.48351
            ],
            [
              -121.88608,
              37.48372
            ],
            [
              -121.88532,
              37.48561
            ],
            [
              -121.88471,
              37.48656
            ],
            [
              -121.88435,
              37.48727
            ],
            [
              -121.88059,
              37.48779
            ],
            [
              -121.87428,
              37.48854
            ],
            [
              -121.87458,
              37.48916
            ],
            [
              -121.87351,
              37.49121
            ],
            [
              -121.87079,
              37.49134
            ],
            [
              -121.87089,
              37.49553
            ],
            [
              -121.87496,
              37.49545
            ],
            [
              -121.87632,
              37.49906
            ],
            [
              -121.87709,
              37.50049
            ],
            [
              -121.8806,
              37.50032
            ],
            [
              -121.8807,
              37.50028
            ],
            [
              -121.90407,
              37.49917
            ],
            [
              -121.9042,
              37.50092
            ],
            [
              -121.90438,
              37.50153
            ],
            [
              -121.90335,
              37.50181
            ],
            [
              -121.90375,
              37.50271
            ],
            [
              -121.90415,
              37.50286
            ],
            [
              -121.9042,
              37.50262
            ],
            [
              -121.90476,
              37.50247
            ],
            [
              -121.90511,
              37.50315
            ],
            [
              -121.90545,
              37.50334
            ],
            [
              -121.90597,
              37.50336
            ],
            [
              -121.9061,
              37.50431
            ],
            [
              -121.90777,
              37.50405
            ],
            [
              -121.90921,
              37.50409
            ],
            [
              -121.90961,
              37.50405
            ],
            [
              -121.90964,
              37.50421
            ],
            [
              -121.90913,
              37.50426
            ],
            [
              -121.90875,
              37.5044
            ],
            [
              -121.90792,
              37.50522
            ],
            [
              -121.90854,
              37.50827
            ],
            [
              -121.90693,
              37.50848
            ],
            [
              -121.90648,
              37.5089
            ],
            [
              -121.90639,
              37.50914
            ],
            [
              -121.90664,
              37.50945
            ],
            [
              -121.90669,
              37.50985
            ],
            [
              -121.90657,
              37.51047
            ],
            [
              -121.90561,
              37.51122
            ],
            [
              -121.9051,
              37.51144
            ],
            [
              -121.90476,
              37.51147
            ],
            [
              -121.9041,
              37.51164
            ],
            [
              -121.90359,
              37.51163
            ],
            [
              -121.90284,
              37.51201
            ],
            [
              -121.90194,
              37.51238
            ],
            [
              -121.9018,
              37.51276
            ],
            [
              -121.90134,
              37.51306
            ],
            [
              -121.90087,
              37.51305
            ],
            [
              -121.90055,
              37.51341
            ],
            [
              -121.89951,
              37.51384
            ],
            [
              -121.89888,
              37.51389
            ],
            [
              -121.89794,
              37.51409
            ],
            [
              -121.89751,
              37.51457
            ],
            [
              -121.89725,
              37.51509
            ],
            [
              -121.8971,
              37.51521
            ],
            [
              -121.89644,
              37.51539
            ],
            [
              -121.89624,
              37.51558
            ],
            [
              -121.89571,
              37.51582
            ],
            [
              -121.89521,
              37.51622
            ],
            [
              -121.89519,
              37.51658
            ],
            [
              -121.89505,
              37.51676
            ],
            [
              -121.89608,
              37.51718
            ],
            [
              -121.89731,
              37.5191
            ],
            [
              -121.89561,
              37.51979
            ],
            [
              -121.8962,
              37.52018
            ],
            [
              -121.89583,
              37.52055
            ],
            [
              -121.90054,
              37.52435
            ],
            [
              -121.90144,
              37.5244
            ],
            [
              -121.90145,
              37.52519
            ],
            [
              -121.90187,
              37.52478
            ],
            [
              -121.9025,
              37.5246
            ],
            [
              -121.90399,
              37.5243
            ],
            [
              -121.90519,
              37.52428
            ],
            [
              -121.90591,
              37.52462
            ],
            [
              -121.90614,
              37.52479
            ],
            [
              -121.90739,
              37.52604
            ],
            [
              -121.90906,
              37.52544
            ],
            [
              -121.91164,
              37.52391
            ],
            [
              -121.91221,
              37.52618
            ],
            [
              -121.9126,
              37.52615
            ],
            [
              -121.91268,
              37.52621
            ],
            [
              -121.91272,
              37.52706
            ],
            [
              -121.91302,
              37.52709
            ],
            [
              -121.91302,
              37.52723
            ],
            [
              -121.91276,
              37.52723
            ],
            [
              -121.91263,
              37.5274
            ],
            [
              -121.91264,
              37.52745
            ],
            [
              -121.91234,
              37.52727
            ],
            [
              -121.912,
              37.52714
            ],
            [
              -121.91134,
              37.52703
            ],
            [
              -121.9111,
              37.52706
            ],
            [
              -121.91014,
              37.52766
            ],
            [
              -121.90999,
              37.5283
            ],
            [
              -121.91016,
              37.52879
            ],
            [
              -121.91045,
              37.52908
            ],
            [
              -121.91053,
              37.5294
            ],
            [
              -121.91048,
              37.52996
            ],
            [
              -121.9101,
              37.53017
            ],
            [
              -121.90903,
              37.53038
            ],
            [
              -121.90895,
              37.53044
            ],
            [
              -121.9089,
              37.53065
            ],
            [
              -121.90936,
              37.53128
            ],
            [
              -121.91139,
              37.53259
            ],
            [
              -121.91087,
              37.5327
            ],
            [
              -121.91022,
              37.53306
            ],
            [
              -121.9102,
              37.53316
            ],
            [
              -121.91032,
              37.53327
            ],
            [
              -121.91048,
              37.5333
            ],
            [
              -121.9108,
              37.53352
            ],
            [
              -121.91133,
              37.53334
            ],
            [
              -121.91172,
              37.53472
            ],
            [
              -121.91255,
              37.53695
            ],
            [
              -121.91548,
              37.53595
            ],
            [
              -121.9161,
              37.53775
            ],
            [
              -121.91555,
              37.53798
            ],
            [
              -121.91494,
              37.53837
            ],
            [
              -121.9145,
              37.53883
            ],
            [
              -121.91414,
              37.53906
            ],
            [
              -121.91396,
              37.53927
            ],
            [
              -121.91363,
              37.53947
            ],
            [
              -121.91301,
              37.53934
            ],
            [
              -121.91254,
              37.5395
            ],
            [
              -121.91174,
              37.53988
            ],
            [
              -121.90953,
              37.54062
            ],
            [
              -121.90915,
              37.54083
            ],
            [
              -121.90817,
              37.54104
            ],
            [
              -121.90734,
              37.54148
            ],
            [
              -121.90697,
              37.54204
            ],
            [
              -121.90663,
              37.54204
            ],
            [
              -121.90613,
              37.54031
            ]
          ],
          [
            [
              -121.87375,
              37.49725
            ],
            [
              -121.86996,
              37.49728
            ],
            [
              -121.87002,
              37.5
            ],
            [
              -121.87381,
              37.49997
            ],
            [
              -121.87375,
              37.49725
            ]
          ]
        ],
        "type": "Polygon"
      },
      "properties": {
        "feature_id": "ebrpd:84",
        "gis_acres": 3014.71184241,
        "name": "Mission Peak",
        "objectid": 84,
        "official_name": "Mission Peak Regional Preserve",
        "park_unit": "1",
        "source_object_id": 84,
        "status": "Parkland"
      },
      "type": "Feature"
    },
    {
      "geometry": {
        "coordinates": [
          [
            [
              [
                -121.80524,
                37.8242
              ],
              [
                -121.80524,
                37.81544
              ],
              [
                -121.80529,
                37.81019
              ],
              [
                -121.83218,
                37.81015
              ],
              [
                -121.83231,
                37.81745
              ],
              [
                -121.82308,
                37.81742
              ],
              [
                -121.82323,
                37.82444
              ],
              [
                -121.80978,
                37.82434
              ],
              [
                -121.80524,
                37.8242
              ]
            ]
          ],
          [
            [
              [
                -121.80848,
                37.81457
              ],
              [
                -121.80823,
                37.81453
              ],
              [
                -121.80819,
                37.81465
              ],
              [
                -121.80845,
                37.81469
              ],
              [
                -121.80848,
                37.81457
              ]
            ]
          ],
          [
            [
              [
                -121.85959,
                37.82048
              ],
              [
                -121.85962,
                37.8156
              ],
              [
                -121.85706,
                37.8156
              ],
              [
                -121.85742,
                37.81411
              ],
              [
                -121.85757,
                37.81316
              ],
              [
                -121.85753,
                37.81298
              ],
              [
                -121.85732,
                37.81263
              ],
              [
                -121.8573,
                37.81249
              ],
              [
                -121.85749,
                37.81221
              ],
              [
                -121.85777,
                37.81196
              ],
              [
                -121.85804,
                37.81132
              ],
              [
                -121.85854,
                37.81057
              ],
              [
                -121.8586,
                37.80915
              ],
              [
                -121.85895,
                37.80809
              ],
              [
                -121.8594,
                37.8074
              ],
              [
                -121.85956,
                37.80703
              ],
              [
                -121.85968,
                37.8069
              ],
              [
                -121.86017,
                37.80665
              ],
              [
                -121.8603,
                37.8065
              ],
              [
                -121.86042,
                37.80625
              ],
              [
                -121.86041,
                37.80589
              ],
              [
                -121.86015,
                37.80402
              ],
              [
                -121.86024,
                37.80363
              ],
              [
                -121.8608,
                37.80371
              ],
              [
                -121.86292,
                37.80511
              ],
              [
                -121.86298,
                37.80506
              ],
              [
                -121.86422,
                37.80555
              ],
              [
                -121.86478,
                37.80555
              ],
              [
                -121.86502,
                37.8057
              ],
              [
                -121.86551,
                37.80582
              ],
              [
                -121.86563,
                37.80607
              ],
              [
                -121.86613,
                37.80631
              ],
              [
                -121.86619,
                37.80663
              ],
              [
                -121.86636,
                37.80668
              ],
              [
                -121.86731,
                37.80722
              ],
              [
                -121.86753,
                37.80725
              ],
              [
                -121.86786,
                37.80719
              ],
              [
                -121.86937,
                37.80514
              ],
              [
                -121.87058,
                37.80298
              ],
              [
                -121.87801,
                37.80299
              ],
              [
                -121.87807,
                37.81748
              ],
              [
                -121.86859,
                37.81748
              ],
              [
                -121.86872,
                37.82471
              ],
              [
                -121.85957,
                37.82449
              ],
              [
                -121.85959,
                37.82048
              ]
            ]
          ],
          [
            [
              [
                -121.83914,
                37.8465
              ],
              [
                -121.83772,
                37.84582
              ],
              [
                -121.84409,
                37.84585
              ],
              [
                -121.84406,
                37.84924
              ],
              [
                -121.84327,
                37.84905
              ],
              [
                -121.84253,
                37.84871
              ],
              [
                -121.842,
                37.84831
              ],
              [
                -121.84123,
                37.84808
              ],
              [
                -121.84001,
                37.84715
              ],
              [
                -121.83956,
                37.84699
              ],
              [
                -121.83914,
                37.8465
              ]
            ]
          ],
          [
            [
              [
                -121.84846,
                37.8538
              ],
              [
                -121.84805,
                37.85304
              ],
              [
                -121.85933,
                37.853
              ],
              [
                -121.85938,
                37.86025
              ],
              [
                -121.8502,
                37.86026
              ],
              [
                -121.85019,
                37.85755
              ],
              [
                -121.84894,
                37.85755
              ],
              [
                -121.84907,
                37.8571
              ],
              [
                -121.8488,
                37.85615
              ],
              [
                -121.84856,
                37.85495
              ],
              [
                -121.84846,
                37.8538
              ]
            ]
          ],
          [
            [
              [
                -121.84098,
                37.86251
              ],
              [
                -121.84102,
                37.85306
              ],
              [
                -121.83204,
                37.85309
              ],
              [
                -121.83214,
                37.8458
              ],
              [
                -121.83746,
                37.84582
              ],
              [
                -121.83763,
                37.84596
              ],
              [
                -121.839,
                37.84663
              ],
              [
                -121.83942,
                37.84712
              ],
              [
                -121.83989,
                37.84729
              ],
              [
                -121.84105,
                37.84817
              ],
              [
                -121.84103,
                37.85221
              ],
              [
                -121.84125,
                37.85225
              ],
              [
                -121.8417,
                37.85221
              ],
              [
                -121.84236,
                37.85233
              ],
              [
                -121.84325,
                37.85231
              ],
              [
                -121.84362,
                37.85211
              ],
              [
                -121.84376,
                37.85208
              ],
              [
                -121.84404,
                37.85211
              ],
              [
                -121.84403,
                37.85306
              ],
              [
                -121.84789,
                37.85304
              ],
              [
                -121.84832,
                37.85383
              ],
              [
                -121.84842,
                37.85496
              ],
              [
                -121.84866,
                37.85615
              ],
              [
                -121.84893,
                37.85712
              ],
              [
                -121.84872,
                37.85786
              ],
              [
                -121.84924,
                37.85929
              ],
              [
                -121.84984,
                37.85982
              ],
              [
                -121.84979,
                37.8604
              ],
              [
                -121.84997,
                37.86065
              ],
              [
                -121.84492,
                37.86065
              ],
              [
                -121.845,
                37.8632
              ],
              [
                -121.85022,
                37.86447
              ],
              [
                -121.85023,
                37.86747
              ],
              [
                -121.84096,
                37.86748
              ],
              [
                -121.84098,
                37.86251
              ]
            ]
          ]
        ],
        "type": "MultiPolygon"
      },
      "properties": {
        "feature_id": "ebrpd:85",
        "gis_acres": 2152.35728297,
        "name": "Morgan Territory",
        "objectid": 85,
        "official_name": "Morgan Territory Regional Preserve",
        "park_unit": "7",
        "source_object_id": 85,
        "status": "Landbank"
      },
      "type": "Feature"
    },
    {
      "geometry": {
        "coordinates": [
          [
            [
              [
                -121.79139,
                37.85331
              ],
              [
                -121.78724,
                37.85328
              ],
              [
                -121.787,
                37.84592
              ],
              [
                -121.79162,
                37.84595
              ],
              [
                -121.79162,
                37.83879
              ],
              [
                -121.77805,
                37.83872
              ],
              [
                -121.77806,
                37.83162
              ],
              [
                -121.78698,
                37.8316
              ],
              [
                -121.787,
                37.82518
              ],
              [
                -121.78323,
                37.82349
              ],
              [
                -121.78332,
                37.82013
              ],
              [
                -121.7872,
                37.81789
              ],
              [
                -121.79566,
                37.81755
              ],
              [
                -121.7964,
                37.81853
              ],
              [
                -121.7969,
                37.81896
              ],
              [
                -121.79702,
                37.81945
              ],
              [
                -121.7975,
                37.81985
              ],
              [
                -121.7976,
                37.82021
              ],
              [
                -121.79896,
                37.82095
              ],
              [
                -121.80005,
                37.8218
              ],
              [
                -121.80052,
                37.82195
              ],
              [
                -121.80085,
                37.82193
              ],
              [
                -121.80119,
                37.82214
              ],
              [
                -121.80149,
                37.82224
              ],
              [
                -121.80104,
                37.82254
              ],
              [
                -121.80099,
                37.82274
              ],
              [
                -121.80048,
                37.82315
              ],
              [
                -121.80042,
                37.82366
              ],
              [
                -121.8006,
                37.8238
              ],
              [
                -121.80104,
                37.82401
              ],
              [
                -121.80105,
                37.82416
              ],
              [
                -121.80049,
                37.82483
              ],
              [
                -121.80024,
                37.82491
              ],
              [
                -121.79959,
                37.82492
              ],
              [
                -121.79921,
                37.82519
              ],
              [
                -121.79919,
                37.82551
              ],
              [
                -121.79995,
                37.82567
              ],
              [
                -121.80069,
                37.82545
              ],
              [
                -121.80075,
                37.82548
              ],
              [
                -121.801,
                37.82608
              ],
              [
                -121.80129,
                37.82623
              ],
              [
                -121.80186,
                37.82608
              ],
              [
                -121.80207,
                37.82614
              ],
              [
                -121.80226,
                37.82664
              ],
              [
                -121.80269,
                37.8267
              ],
              [
                -121.80313,
                37.82694
              ],
              [
                -121.80355,
                37.82687
              ],
              [
                -121.80374,
                37.82714
              ],
              [
                -121.80408,
                37.82734
              ],
              [
                -121.80399,
                37.82738
              ],
              [
                -121.80307,
                37.82741
              ],
              [
                -121.80254,
                37.82781
              ],
              [
                -121.80244,
                37.82817
              ],
              [
                -121.80338,
                37.82913
              ],
              [
                -121.80348,
                37.82953
              ],
              [
                -121.8044,
                37.83057
              ],
              [
                -121.80502,
                37.8307
              ],
              [
                -121.80566,
                37.8305
              ],
              [
                -121.80573,
                37.83058
              ],
              [
                -121.80564,
                37.83072
              ],
              [
                -121.80545,
                37.83078
              ],
              [
                -121.80481,
                37.83129
              ],
              [
                -121.80488,
                37.83164
              ],
              [
                -121.8055,
                37.83199
              ],
              [
                -121.80566,
                37.8323
              ],
              [
                -121.80568,
                37.83255
              ],
              [
                -121.80615,
                37.83325
              ],
              [
                -121.80679,
                37.83369
              ],
              [
                -121.80828,
                37.83429
              ],
              [
                -121.80855,
                37.83377
              ],
              [
                -121.80865,
                37.83381
              ],
              [
                -121.8089,
                37.8342
              ],
              [
                -121.80932,
                37.83447
              ],
              [
                -121.80948,
                37.83489
              ],
              [
                -121.80993,
                37.83488
              ],
              [
                -121.81053,
                37.83551
              ],
              [
                -121.81061,
                37.83603
              ],
              [
                -121.81084,
                37.83623
              ],
              [
                -121.81134,
                37.83625
              ],
              [
                -121.8118,
                37.83636
              ],
              [
                -121.81243,
                37.83681
              ],
              [
                -121.8142,
                37.83786
              ],
              [
                -121.81458,
                37.83816
              ],
              [
                -121.81521,
                37.83836
              ],
              [
                -121.81597,
                37.83891
              ],
              [
                -121.81653,
                37.83893
              ],
              [
                -121.81705,
                37.83937
              ],
              [
                -121.81726,
                37.83964
              ],
              [
                -121.81764,
                37.83981
              ],
              [
                -121.81815,
                37.83983
              ],
              [
                -121.81841,
                37.84027
              ],
              [
                -121.81914,
                37.84039
              ],
              [
                -121.81957,
                37.84069
              ],
              [
                -121.82022,
                37.84075
              ],
              [
                -121.82072,
                37.84099
              ],
              [
                -121.82241,
                37.8415
              ],
              [
                -121.82278,
                37.84154
              ],
              [
                -121.82312,
                37.84149
              ],
              [
                -121.82318,
                37.85294
              ],
              [
                -121.81649,
                37.85292
              ],
              [
                -121.80497,
                37.85315
              ],
              [
                -121.7937,
                37.85312
              ],
              [
                -121.79139,
                37.85331
              ]
            ]
          ],
          [
            [
              [
                -121.82476,
                37.84172
              ],
              [
                -121.82366,
                37.84132
              ],
              [
                -121.82371,
                37.84128
              ],
              [
                -121.82446,
                37.84136
              ],
              [
                -121.82473,
                37.84087
              ],
              [
                -121.82444,
                37.84069
              ],
              [
                -121.82448,
                37.84023
              ],
              [
                -121.82435,
                37.83991
              ],
              [
                -121.82444,
                37.83906
              ],
              [
                -121.82311,
                37.83907
              ],
              [
                -121.82312,
                37.84133
              ],
              [
                -121.82277,
                37.84137
              ],
              [
                -121.82246,
                37.84134
              ],
              [
                -121.82081,
                37.84084
              ],
              [
                -121.82029,
                37.84059
              ],
              [
                -121.81966,
                37.84053
              ],
              [
                -121.81923,
                37.84023
              ],
              [
                -121.81856,
                37.84012
              ],
              [
                -121.81827,
                37.83967
              ],
              [
                -121.8177,
                37.83965
              ],
              [
                -121.81741,
                37.83952
              ],
              [
                -121.81722,
                37.83927
              ],
              [
                -121.81662,
                37.83877
              ],
              [
                -121.81605,
                37.83875
              ],
              [
                -121.81532,
                37.83821
              ],
              [
                -121.8147,
                37.83802
              ],
              [
                -121.81434,
                37.83773
              ],
              [
                -121.81256,
                37.83668
              ],
              [
                -121.8119,
                37.83621
              ],
              [
                -121.81138,
                37.83609
              ],
              [
                -121.81093,
                37.83607
              ],
              [
                -121.8108,
                37.83596
              ],
              [
                -121.81073,
                37.83545
              ],
              [
                -121.81003,
                37.83472
              ],
              [
                -121.80963,
                37.83472
              ],
              [
                -121.8095,
                37.83437
              ],
              [
                -121.80906,
                37.83409
              ],
              [
                -121.8088,
                37.83369
              ],
              [
                -121.80845,
                37.83353
              ],
              [
                -121.80817,
                37.83406
              ],
              [
                -121.8069,
                37.83355
              ],
              [
                -121.80631,
                37.83315
              ],
              [
                -121.80589,
                37.83251
              ],
              [
                -121.80587,
                37.83226
              ],
              [
                -121.80567,
                37.83188
              ],
              [
                -121.80538,
                37.83172
              ],
              [
                -121.80538,
                37.83167
              ],
              [
                -121.80538,
                37.83172
              ],
              [
                -121.80507,
                37.83155
              ],
              [
                -121.80503,
                37.83134
              ],
              [
                -121.80557,
                37.83092
              ],
              [
                -121.80579,
                37.83085
              ],
              [
                -121.80597,
                37.83056
              ],
              [
                -121.80574,
                37.8303
              ],
              [
                -121.80501,
                37.83053
              ],
              [
                -121.80452,
                37.83042
              ],
              [
                -121.80367,
                37.82946
              ],
              [
                -121.80357,
                37.82906
              ],
              [
                -121.80267,
                37.82813
              ],
              [
                -121.80273,
                37.8279
              ],
              [
                -121.80316,
                37.82757
              ],
              [
                -121.80405,
                37.82754
              ],
              [
                -121.80445,
                37.82736
              ],
              [
                -121.8039,
                37.82703
              ],
              [
                -121.80365,
                37.82669
              ],
              [
                -121.80318,
                37.82676
              ],
              [
                -121.80277,
                37.82655
              ],
              [
                -121.80242,
                37.8265
              ],
              [
                -121.80224,
                37.82602
              ],
              [
                -121.80187,
                37.8259
              ],
              [
                -121.80132,
                37.82605
              ],
              [
                -121.80117,
                37.82597
              ],
              [
                -121.80092,
                37.82538
              ],
              [
                -121.80071,
                37.82527
              ],
              [
                -121.79994,
                37.8255
              ],
              [
                -121.7994,
                37.82539
              ],
              [
                -121.79941,
                37.82526
              ],
              [
                -121.79967,
                37.82509
              ],
              [
                -121.80028,
                37.82507
              ],
              [
                -121.80063,
                37.82496
              ],
              [
                -121.80123,
                37.82425
              ],
              [
                -121.80124,
                37.82392
              ],
              [
                -121.80064,
                37.8236
              ],
              [
                -121.80068,
                37.82322
              ],
              [
                -121.80119,
                37.82282
              ],
              [
                -121.80123,
                37.82263
              ],
              [
                -121.80189,
                37.8222
              ],
              [
                -121.80129,
                37.822
              ],
              [
                -121.80092,
                37.82176
              ],
              [
                -121.80056,
                37.82178
              ],
              [
                -121.80017,
                37.82166
              ],
              [
                -121.79909,
                37.82082
              ],
              [
                -121.79778,
                37.82011
              ],
              [
                -121.79769,
                37.81977
              ],
              [
                -121.79721,
                37.81937
              ],
              [
                -121.7971,
                37.81888
              ],
              [
                -121.79657,
                37.81843
              ],
              [
                -121.79589,
                37.81754
              ],
              [
                -121.80527,
                37.81715
              ],
              [
                -121.80524,
                37.8242
              ],
              [
                -121.80978,
                37.82434
              ],
              [
                -121.82323,
                37.82444
              ],
              [
                -121.84063,
                37.82474
              ],
              [
                -121.85957,
                37.82449
              ],
              [
                -121.85957,
                37.83522
              ],
              [
                -121.85034,
                37.83527
              ],
              [
                -121.85031,
                37.83883
              ],
              [
                -121.8411,
                37.83887
              ],
              [
                -121.84109,
                37.84003
              ],
              [
                -121.83815,
                37.84025
              ],
              [
                -121.83823,
                37.8397
              ],
              [
                -121.83687,
                37.83893
              ],
              [
                -121.82484,
                37.83905
              ],
              [
                -121.82487,
                37.83914
              ],
              [
                -121.82482,
                37.83932
              ],
              [
                -121.82489,
                37.8397
              ],
              [
                -121.82478,
                37.83983
              ],
              [
                -121.82483,
                37.84008
              ],
              [
                -121.82493,
                37.84025
              ],
              [
                -121.82487,
                37.84039
              ],
              [
                -121.8252,
                37.84098
              ],
              [
                -121.825,
                37.8411
              ],
              [
                -121.82487,
                37.84133
              ],
              [
                -121.82487,
                37.84153
              ],
              [
                -121.82476,
                37.84172
              ]
            ]
          ]
        ],
        "type": "MultiPolygon"
      },
      "properties": {
        "feature_id": "ebrpd:86",
        "gis_acres": 4096.23197904,
        "name": "Morgan Territory",
        "objectid": 86,
        "official_name": "Morgan Territory Regional Preserve",
        "park_unit": "7",
        "source_object_id": 86,
        "status": "Parkland"
      },
      "type": "Feature"
    },
    {
      "geometry": {
        "coordinates": [
          [
            [
              [
                -121.7363,
                37.53508
              ],
              [
                -121.73651,
                37.51935
              ],
              [
                -121.75449,
                37.51943
              ],
              [
                -121.7733,
                37.51943
              ],
              [
                -121.79135,
                37.51905
              ],
              [
                -121.79114,
                37.52629
              ],
              [
                -121.79109,
                37.53558
              ],
              [
                -121.79027,
                37.5356
              ],
              [
                -121.77905,
                37.5353
              ],
              [
                -121.77397,
                37.52985
              ],
              [
                -121.77098,
                37.53506
              ],
              [
                -121.77057,
                37.54979
              ],
              [
                -121.75293,
                37.54968
              ],
              [
                -121.75277,
                37.53519
              ],
              [
                -121.7363,
                37.53508
              ]
            ]
          ],
          [
            [
              [
                -121.74547,
                37.51222
              ],
              [
                -121.74551,
                37.50445
              ],
              [
                -121.7547,
                37.50453
              ],
              [
                -121.7545,
                37.51218
              ],
              [
                -121.74547,
                37.51222
              ]
            ]
          ],
          [
            [
              [
                -121.70084,
                37.51922
              ],
              [
                -121.70033,
                37.50454
              ],
              [
                -121.71849,
                37.50457
              ],
              [
                -121.71853,
                37.51174
              ],
              [
                -121.70992,
                37.5118
              ],
              [
                -121.70995,
                37.51905
              ],
              [
                -121.70084,
                37.51922
              ]
            ]
          ],
          [
            [
              [
                -121.71861,
                37.53497
              ],
              [
                -121.71857,
                37.51889
              ],
              [
                -121.72293,
                37.51887
              ],
              [
                -121.72295,
                37.52605
              ],
              [
                -121.72752,
                37.52604
              ],
              [
                -121.72748,
                37.53491
              ],
              [
                -121.71861,
                37.53497
              ]
            ]
          ]
        ],
        "type": "MultiPolygon"
      },
      "properties": {
        "feature_id": "ebrpd:89",
        "gis_acres": 3605.87591968,
        "name": "Ohlone",
        "objectid": 89,
        "official_name": "Ohlone Wilderness Regional Preserve",
        "park_unit": "1",
        "source_object_id": 89,
        "status": "Landbank"
      },
      "type": "Feature"
    },
    {
      "geometry": {
        "coordinates": [
          [
            [
              -121.96964,
              38.04844
            ],
            [
              -121.9653,
              38.04832
            ],
            [
              -121.9627,
              38.04843
            ],
            [
              -121.96269,
              38.03925
            ],
            [
              -121.96964,
              38.04101
            ],
            [
              -121.96964,
              38.04844
            ]
          ]
        ],
        "type": "Polygon"
      },
      "properties": {
        "feature_id": "ebrpd:9",
        "gis_acres": 137.91025567,
        "name": "Bay Point Shoreline",
        "objectid": 9,
        "official_name": "Bay Point Regional Shoreline",
        "park_unit": "6",
        "source_object_id": 9,
        "status": "Parkland"
      },
      "type": "Feature"
    },
    {
      "geometry": {
        "coordinates": [
          [
            [
              [
                -121.69841,
                37.56029
              ],
              [
                -121.69851,
                37.5495
              ],
              [
                -121.69853,
                37.53502
              ],
              [
                -121.6826,
                37.53485
              ],
              [
                -121.68294,
                37.51917
              ],
              [
                -121.70084,
                37.51922
              ],
              [
                -121.70995,
                37.51905
              ],
              [
                -121.70992,
                37.5118
              ],
              [
                -121.71853,
                37.51174
              ],
              [
                -121.71849,
                37.50457
              ],
              [
                -121.72816,
                37.50453
              ],
              [
                -121.73672,
                37.50434
              ],
              [
                -121.74551,
                37.50445
              ],
              [
                -121.74547,
                37.51222
              ],
              [
                -121.7545,
                37.51218
              ],
              [
                -121.7547,
                37.50453
              ],
              [
                -121.77341,
                37.50473
              ],
              [
                -121.7733,
                37.51943
              ],
              [
                -121.75449,
                37.51943
              ],
              [
                -121.73651,
                37.51935
              ],
              [
                -121.732,
                37.51915
              ],
              [
                -121.72293,
                37.51887
              ],
              [
                -121.71857,
                37.51889
              ],
              [
                -121.71861,
                37.53497
              ],
              [
                -121.72902,
                37.5349
              ],
              [
                -121.72899,
                37.53783
              ],
              [
                -121.72996,
                37.53782
              ],
              [
                -121.73,
                37.53676
              ],
              [
                -121.73456,
                37.53679
              ],
              [
                -121.73496,
                37.54955
              ],
              [
                -121.71665,
                37.54946
              ],
              [
                -121.71674,
                37.56405
              ],
              [
                -121.69838,
                37.564
              ],
              [
                -121.69841,
                37.56029
              ]
            ]
          ],
          [
            [
              [
                -121.74101,
                37.48385
              ],
              [
                -121.741,
                37.48351
              ],
              [
                -121.75467,
                37.48358
              ],
              [
                -121.75465,
                37.49061
              ],
              [
                -121.75107,
                37.49065
              ],
              [
                -121.74119,
                37.49057
              ],
              [
                -121.74101,
                37.48385
              ]
            ]
          ]
        ],
        "type": "MultiPolygon"
      },
      "properties": {
        "feature_id": "ebrpd:90",
        "gis_acres": 5441.74865102,
        "name": "Ohlone",
        "objectid": 90,
        "official_name": "Ohlone Wilderness Regional Preserve",
        "park_unit": "1",
        "source_object_id": 90,
        "status": "Parkland"
      },
      "type": "Feature"
    },
    {
      "geometry": {
        "coordinates": [
          [
            [
              [
                -122.19496,
                37.70943
              ],
              [
                -122.19484,
                37.70916
              ],
              [
                -122.19237,
                37.70988
              ],
              [
                -122.19242,
                37.70933
              ],
              [
                -122.19294,
                37.70931
              ],
              [
                -122.19327,
                37.70883
              ],
              [
                -122.19131,
                37.70418
              ],
              [
                -122.1934,
                37.70335
              ],
              [
                -122.19404,
                37.70317
              ],
              [
                -122.1951,
                37.703
              ],
              [
                -122.19618,
                37.70297
              ],
              [
                -122.19685,
                37.70302
              ],
              [
                -122.19791,
                37.70321
              ],
              [
                -122.19891,
                37.70353
              ],
              [
                -122.19994,
                37.70404
              ],
              [
                -122.20046,
                37.70439
              ],
              [
                -122.20102,
                37.70485
              ],
              [
                -122.20171,
                37.70564
              ],
              [
                -122.20222,
                37.70652
              ],
              [
                -122.20238,
                37.70693
              ],
              [
                -122.20256,
                37.70767
              ],
              [
                -122.20259,
                37.70864
              ],
              [
                -122.20249,
                37.70927
              ],
              [
                -122.20237,
                37.70969
              ],
              [
                -122.20216,
                37.7102
              ],
              [
                -122.20182,
                37.71079
              ],
              [
                -122.20254,
                37.71221
              ],
              [
                -122.19685,
                37.71353
              ],
              [
                -122.19496,
                37.70943
              ]
            ]
          ],
          [
            [
              [
                -122.19216,
                37.70931
              ],
              [
                -122.19217,
                37.70914
              ],
              [
                -122.19224,
                37.70915
              ],
              [
                -122.19224,
                37.70949
              ],
              [
                -122.19233,
                37.70989
              ],
              [
                -122.19164,
                37.71009
              ],
              [
                -122.19182,
                37.70996
              ],
              [
                -122.19202,
                37.70972
              ],
              [
                -122.19216,
                37.70931
              ]
            ]
          ]
        ],
        "type": "MultiPolygon"
      },
      "properties": {
        "feature_id": "ebrpd:91",
        "gis_acres": 194.76097924,
        "name": "Oyster Bay Shoreline",
        "objectid": 91,
        "official_name": "Oyster Bay Regional Shoreline",
        "park_unit": "4",
        "source_object_id": 91,
        "status": "Parkland"
      },
      "type": "Feature"
    },
    {
      "geometry": {
        "coordinates": [
          [
            [
              [
                -121.95924,
                37.66044
              ],
              [
                -121.95778,
                37.65948
              ],
              [
                -121.95546,
                37.65984
              ],
              [
                -121.95491,
                37.65835
              ],
              [
                -121.95272,
                37.65649
              ],
              [
                -121.95039,
                37.65532
              ],
              [
                -121.94981,
                37.65305
              ],
              [
                -121.94983,
                37.65086
              ],
              [
                -121.94948,
                37.63636
              ],
              [
                -121.95624,
                37.63613
              ],
              [
                -121.95825,
                37.63625
              ],
              [
                -121.95887,
                37.63634
              ],
              [
                -121.95977,
                37.63678
              ],
              [
                -121.96008,
                37.63702
              ],
              [
                -121.96091,
                37.63788
              ],
              [
                -121.96163,
                37.63832
              ],
              [
                -121.96185,
                37.63857
              ],
              [
                -121.96257,
                37.63999
              ],
              [
                -121.96313,
                37.64068
              ],
              [
                -121.96436,
                37.64164
              ],
              [
                -121.96565,
                37.64243
              ],
              [
                -121.96579,
                37.64259
              ],
              [
                -121.96591,
                37.64283
              ],
              [
                -121.96619,
                37.64311
              ],
              [
                -121.96643,
                37.64323
              ],
              [
                -121.96678,
                37.6433
              ],
              [
                -121.96824,
                37.6432
              ],
              [
                -121.96825,
                37.64358
              ],
              [
                -121.96892,
                37.64368
              ],
              [
                -121.9689,
                37.64406
              ],
              [
                -121.96756,
                37.64407
              ],
              [
                -121.96707,
                37.64424
              ],
              [
                -121.96674,
                37.64455
              ],
              [
                -121.96662,
                37.64489
              ],
              [
                -121.96663,
                37.64511
              ],
              [
                -121.96674,
                37.64538
              ],
              [
                -121.9669,
                37.64557
              ],
              [
                -121.96712,
                37.64572
              ],
              [
                -121.96822,
                37.64603
              ],
              [
                -121.969,
                37.64611
              ],
              [
                -121.96918,
                37.6511
              ],
              [
                -121.96842,
                37.6511
              ],
              [
                -121.96867,
                37.66571
              ],
              [
                -121.9672,
                37.66571
              ],
              [
                -121.96737,
                37.66484
              ],
              [
                -121.96319,
                37.66294
              ],
              [
                -121.95924,
                37.66044
              ]
            ]
          ],
          [
            [
              [
                -121.96768,
                37.6442
              ],
              [
                -121.96894,
                37.64416
              ],
              [
                -121.969,
                37.64598
              ],
              [
                -121.96837,
                37.64595
              ],
              [
                -121.96794,
                37.64585
              ],
              [
                -121.9672,
                37.64561
              ],
              [
                -121.9669,
                37.64536
              ],
              [
                -121.96677,
                37.64503
              ],
              [
                -121.96679,
                37.64479
              ],
              [
                -121.96689,
                37.64459
              ],
              [
                -121.96723,
                37.64431
              ],
              [
                -121.96768,
                37.6442
              ]
            ]
          ],
          [
            [
              [
                -121.96891,
                37.67678
              ],
              [
                -121.9689,
                37.67627
              ],
              [
                -121.97193,
                37.67625
              ],
              [
                -121.97191,
                37.67966
              ],
              [
                -121.96896,
                37.67971
              ],
              [
                -121.96891,
                37.67678
              ]
            ]
          ],
          [
            [
              [
                -121.9377,
                37.67817
              ],
              [
                -121.93388,
                37.67695
              ],
              [
                -121.9333,
                37.67731
              ],
              [
                -121.93305,
                37.67754
              ],
              [
                -121.93196,
                37.6771
              ],
              [
                -121.93198,
                37.67772
              ],
              [
                -121.93169,
                37.67787
              ],
              [
                -121.93125,
                37.67792
              ],
              [
                -121.93082,
                37.67823
              ],
              [
                -121.93061,
                37.67832
              ],
              [
                -121.93033,
                37.67832
              ],
              [
                -121.92929,
                37.67886
              ],
              [
                -121.92767,
                37.67887
              ],
              [
                -121.92767,
                37.67895
              ],
              [
                -121.92681,
                37.67911
              ],
              [
                -121.92348,
                37.68021
              ],
              [
                -121.92138,
                37.6753
              ],
              [
                -121.92099,
                37.67381
              ],
              [
                -121.92103,
                37.67381
              ],
              [
                -121.92129,
                37.67419
              ],
              [
                -121.92196,
                37.6745
              ],
              [
                -121.92315,
                37.67417
              ],
              [
                -121.92317,
                37.67463
              ],
              [
                -121.92997,
                37.67462
              ],
              [
                -121.93037,
                37.67433
              ],
              [
                -121.93032,
                37.67406
              ],
              [
                -121.93059,
                37.67368
              ],
              [
                -121.93072,
                37.6733
              ],
              [
                -121.93111,
                37.6732
              ],
              [
                -121.93151,
                37.67281
              ],
              [
                -121.93192,
                37.67257
              ],
              [
                -121.93194,
                37.67511
              ],
              [
                -121.93389,
                37.6758
              ],
              [
                -121.93466,
                37.67488
              ],
              [
                -121.93552,
                37.67517
              ],
              [
                -121.93586,
                37.67455
              ],
              [
                -121.93418,
                37.67393
              ],
              [
                -121.93416,
                37.67303
              ],
              [
                -121.94993,
                37.6729
              ],
              [
                -121.95014,
                37.68005
              ],
              [
                -121.94104,
                37.67923
              ],
              [
                -121.9377,
                37.67817
              ]
            ]
          ],
          [
            [
              [
                -121.92679,
                37.67813
              ],
              [
                -121.92766,
                37.67871
              ],
              [
                -121.92785,
                37.67853
              ],
              [
                -121.9284,
                37.67777
              ],
              [
                -121.92768,
                37.67729
              ],
              [
                -121.92679,
                37.67813
              ]
            ]
          ],
          [
            [
              [
                -121.94676,
                37.69479
              ],
              [
                -121.94678,
                37.69216
              ],
              [
                -121.94733,
                37.69229
              ],
              [
                -121.94787,
                37.69235
              ],
              [
                -121.94882,
                37.69262
              ],
              [
                -121.94892,
                37.69254
              ],
              [
                -121.94888,
                37.69233
              ],
              [
                -121.94847,
                37.69204
              ],
              [
                -121.94852,
                37.692
              ],
              [
                -121.94868,
                37.69211
              ],
              [
                -121.94898,
                37.69183
              ],
              [
                -121.9484,
                37.69146
              ],
              [
                -121.94798,
                37.6911
              ],
              [
                -121.9483,
                37.69085
              ],
              [
                -121.94771,
                37.69043
              ],
              [
                -121.94744,
                37.69034
              ],
              [
                -121.94696,
                37.69062
              ],
              [
                -121.9469,
                37.69069
              ],
              [
                -121.9469,
                37.69102
              ],
              [
                -121.94679,
                37.69102
              ],
              [
                -121.9468,
                37.68993
              ],
              [
                -121.94777,
                37.68912
              ],
              [
                -121.94778,
                37.68868
              ],
              [
                -121.94681,
                37.68867
              ],
              [
                -121.94682,
                37.68764
              ],
              [
                -121.94621,
                37.68764
              ],
              [
                -121.94621,
                37.68743
              ],
              [
                -121.95132,
                37.68741
              ],
              [
                -121.9513,
                37.68015
              ],
              [
                -121.95946,
                37.67979
              ],
              [
                -121.96428,
                37.67975
              ],
              [
                -121.96437,
                37.68751
              ],
              [
                -121.96039,
                37.68754
              ],
              [
                -121.9604,
                37.68928
              ],
              [
                -121.96013,
                37.68918
              ],
              [
                -121.95956,
                37.68911
              ],
              [
                -121.95905,
                37.6892
              ],
              [
                -121.95844,
                37.68955
              ],
              [
                -121.95772,
                37.68965
              ],
              [
                -121.95731,
                37.68988
              ],
              [
                -121.95637,
                37.69016
              ],
              [
                -121.95599,
                37.69036
              ],
              [
                -121.95527,
                37.69034
              ],
              [
                -121.95467,
                37.69053
              ],
              [
                -121.95413,
                37.69063
              ],
              [
                -121.95291,
                37.69108
              ],
              [
                -121.95277,
                37.69108
              ],
              [
                -121.95254,
                37.69092
              ],
              [
                -121.95152,
                37.69162
              ],
              [
                -121.95129,
                37.69186
              ],
              [
                -121.95129,
                37.69149
              ],
              [
                -121.95086,
                37.69193
              ],
              [
                -121.95059,
                37.69231
              ],
              [
                -121.94937,
                37.6933
              ],
              [
                -121.9486,
                37.6934
              ],
              [
                -121.94755,
                37.69465
              ],
              [
                -121.94676,
                37.69479
              ]
            ]
          ]
        ],
        "type": "MultiPolygon"
      },
      "properties": {
        "feature_id": "ebrpd:94",
        "gis_acres": 1741.22962009,
        "name": "Pleasanton Ridge",
        "objectid": 94,
        "official_name": "Pleasanton Ridge Regional Park",
        "park_unit": "1",
        "source_object_id": 94,
        "status": "Landbank"
      },
      "type": "Feature"
    },
    {
      "geometry": {
        "coordinates": [
          [
            [
              [
                -121.94948,
                37.63636
              ],
              [
                -121.94966,
                37.64359
              ],
              [
                -121.94051,
                37.6437
              ],
              [
                -121.9405,
                37.65094
              ],
              [
                -121.94983,
                37.65086
              ],
              [
                -121.94981,
                37.65305
              ],
              [
                -121.95039,
                37.65532
              ],
              [
                -121.95272,
                37.65649
              ],
              [
                -121.95491,
                37.65835
              ],
              [
                -121.95546,
                37.65984
              ],
              [
                -121.95778,
                37.65948
              ],
              [
                -121.96319,
                37.66294
              ],
              [
                -121.96737,
                37.66484
              ],
              [
                -121.9672,
                37.66571
              ],
              [
                -121.98819,
                37.6655
              ],
              [
                -121.98778,
                37.66571
              ],
              [
                -121.98779,
                37.67305
              ],
              [
                -121.97868,
                37.67326
              ],
              [
                -121.97869,
                37.67619
              ],
              [
                -121.9689,
                37.67627
              ],
              [
                -121.96896,
                37.67971
              ],
              [
                -121.95946,
                37.67979
              ],
              [
                -121.9513,
                37.68015
              ],
              [
                -121.95014,
                37.68005
              ],
              [
                -121.94993,
                37.6729
              ],
              [
                -121.93615,
                37.67301
              ],
              [
                -121.936,
                37.66196
              ],
              [
                -121.9318,
                37.66198
              ],
              [
                -121.93183,
                37.6647
              ],
              [
                -121.92748,
                37.66471
              ],
              [
                -121.92749,
                37.65743
              ],
              [
                -121.92499,
                37.65742
              ],
              [
                -121.92489,
                37.65727
              ],
              [
                -121.92422,
                37.65661
              ],
              [
                -121.92359,
                37.65536
              ],
              [
                -121.9235,
                37.65501
              ],
              [
                -121.92344,
                37.65422
              ],
              [
                -121.92331,
                37.65388
              ],
              [
                -121.92311,
                37.65364
              ],
              [
                -121.92246,
                37.65311
              ],
              [
                -121.92232,
                37.65323
              ],
              [
                -121.92298,
                37.65377
              ],
              [
                -121.92317,
                37.65404
              ],
              [
                -121.92324,
                37.65426
              ],
              [
                -121.92335,
                37.65529
              ],
              [
                -121.924,
                37.65662
              ],
              [
                -121.9242,
                37.65689
              ],
              [
                -121.92476,
                37.65741
              ],
              [
                -121.92293,
                37.65741
              ],
              [
                -121.92294,
                37.66167
              ],
              [
                -121.92014,
                37.66156
              ],
              [
                -121.9176,
                37.66159
              ],
              [
                -121.91448,
                37.66151
              ],
              [
                -121.91449,
                37.66116
              ],
              [
                -121.91623,
                37.66121
              ],
              [
                -121.91623,
                37.6587
              ],
              [
                -121.91452,
                37.65848
              ],
              [
                -121.91453,
                37.65071
              ],
              [
                -121.91473,
                37.65061
              ],
              [
                -121.91484,
                37.63603
              ],
              [
                -121.92156,
                37.63602
              ],
              [
                -121.92157,
                37.63573
              ],
              [
                -121.92166,
                37.63559
              ],
              [
                -121.92205,
                37.63536
              ],
              [
                -121.92188,
                37.63512
              ],
              [
                -121.92194,
                37.63502
              ],
              [
                -121.92182,
                37.63473
              ],
              [
                -121.92216,
                37.63434
              ],
              [
                -121.92226,
                37.63369
              ],
              [
                -121.9222,
                37.63355
              ],
              [
                -121.9222,
                37.63338
              ],
              [
                -121.92271,
                37.63312
              ],
              [
                -121.92267,
                37.63307
              ],
              [
                -121.92257,
                37.63312
              ],
              [
                -121.92241,
                37.63288
              ],
              [
                -121.92189,
                37.63313
              ],
              [
                -121.92148,
                37.63292
              ],
              [
                -121.92135,
                37.63313
              ],
              [
                -121.92071,
                37.63208
              ],
              [
                -121.92,
                37.63157
              ],
              [
                -121.92083,
                37.63136
              ],
              [
                -121.92112,
                37.63109
              ],
              [
                -121.92182,
                37.63115
              ],
              [
                -121.92187,
                37.63067
              ],
              [
                -121.92211,
                37.63046
              ],
              [
                -121.9214,
                37.62997
              ],
              [
                -121.92139,
                37.62957
              ],
              [
                -121.92002,
                37.6297
              ],
              [
                -121.91885,
                37.62991
              ],
              [
                -121.9187,
                37.6297
              ],
              [
                -121.91876,
                37.62962
              ],
              [
                -121.91876,
                37.62944
              ],
              [
                -121.91856,
                37.62915
              ],
              [
                -121.91831,
                37.62891
              ],
              [
                -121.91774,
                37.62929
              ],
              [
                -121.91676,
                37.62942
              ],
              [
                -121.91665,
                37.62953
              ],
              [
                -121.9164,
                37.62882
              ],
              [
                -121.91578,
                37.62895
              ],
              [
                -121.91511,
                37.62925
              ],
              [
                -121.91488,
                37.62889
              ],
              [
                -121.91461,
                37.62865
              ],
              [
                -121.91436,
                37.62822
              ],
              [
                -121.9141,
                37.62828
              ],
              [
                -121.91372,
                37.62787
              ],
              [
                -121.91432,
                37.62743
              ],
              [
                -121.91483,
                37.62729
              ],
              [
                -121.91479,
                37.62696
              ],
              [
                -121.91473,
                37.62703
              ],
              [
                -121.91447,
                37.6271
              ],
              [
                -121.91445,
                37.62706
              ],
              [
                -121.9147,
                37.62699
              ],
              [
                -121.91491,
                37.62674
              ],
              [
                -121.91495,
                37.62684
              ],
              [
                -121.91514,
                37.62668
              ],
              [
                -121.91488,
                37.62653
              ],
              [
                -121.91475,
                37.62665
              ],
              [
                -121.91463,
                37.62658
              ],
              [
                -121.91455,
                37.62668
              ],
              [
                -121.91457,
                37.62673
              ],
              [
                -121.91388,
                37.62693
              ],
              [
                -121.91336,
                37.62729
              ],
              [
                -121.91337,
                37.62711
              ],
              [
                -121.91327,
                37.62675
              ],
              [
                -121.91285,
                37.6268
              ],
              [
                -121.91282,
                37.62666
              ],
              [
                -121.91218,
                37.62673
              ],
              [
                -121.91217,
                37.62656
              ],
              [
                -121.91207,
                37.6263
              ],
              [
                -121.91173,
                37.62592
              ],
              [
                -121.91161,
                37.62554
              ],
              [
                -121.91147,
                37.62533
              ],
              [
                -121.91117,
                37.62516
              ],
              [
                -121.91078,
                37.62505
              ],
              [
                -121.9106,
                37.62459
              ],
              [
                -121.91039,
                37.62437
              ],
              [
                -121.90972,
                37.6242
              ],
              [
                -121.90948,
                37.6239
              ],
              [
                -121.90927,
                37.62377
              ],
              [
                -121.90882,
                37.62368
              ],
              [
                -121.90892,
                37.62351
              ],
              [
                -121.90867,
                37.62341
              ],
              [
                -121.90833,
                37.62293
              ],
              [
                -121.90815,
                37.62247
              ],
              [
                -121.90841,
                37.62222
              ],
              [
                -121.90841,
                37.62184
              ],
              [
                -121.90797,
                37.62184
              ],
              [
                -121.90761,
                37.6219
              ],
              [
                -121.90699,
                37.62125
              ],
              [
                -121.90692,
                37.62111
              ],
              [
                -121.90692,
                37.62096
              ],
              [
                -121.90707,
                37.62065
              ],
              [
                -121.90705,
                37.62051
              ],
              [
                -121.90636,
                37.62007
              ],
              [
                -121.90615,
                37.61982
              ],
              [
                -121.9057,
                37.61945
              ],
              [
                -121.90574,
                37.61936
              ],
              [
                -121.90596,
                37.61934
              ],
              [
                -121.90608,
                37.61925
              ],
              [
                -121.90607,
                37.61905
              ],
              [
                -121.90584,
                37.61892
              ],
              [
                -121.90498,
                37.61882
              ],
              [
                -121.90471,
                37.61867
              ],
              [
                -121.9046,
                37.61846
              ],
              [
                -121.90471,
                37.61771
              ],
              [
                -121.90468,
                37.61729
              ],
              [
                -121.90454,
                37.61729
              ],
              [
                -121.90446,
                37.61734
              ],
              [
                -121.90422,
                37.61702
              ],
              [
                -121.90404,
                37.61689
              ],
              [
                -121.90299,
                37.61665
              ],
              [
                -121.9029,
                37.61659
              ],
              [
                -121.90289,
                37.61646
              ],
              [
                -121.90306,
                37.61614
              ],
              [
                -121.90306,
                37.61591
              ],
              [
                -121.90283,
                37.61532
              ],
              [
                -121.90234,
                37.61493
              ],
              [
                -121.90214,
                37.61466
              ],
              [
                -121.90249,
                37.6145
              ],
              [
                -121.90212,
                37.61463
              ],
              [
                -121.90207,
                37.61457
              ],
              [
                -121.90202,
                37.61442
              ],
              [
                -121.90208,
                37.614
              ],
              [
                -121.90205,
                37.61391
              ],
              [
                -121.90195,
                37.61384
              ],
              [
                -121.90183,
                37.61383
              ],
              [
                -121.90139,
                37.61402
              ],
              [
                -121.90067,
                37.61397
              ],
              [
                -121.89993,
                37.6141
              ],
              [
                -121.89973,
                37.61402
              ],
              [
                -121.8997,
                37.61392
              ],
              [
                -121.90079,
                37.61342
              ],
              [
                -121.90092,
                37.6133
              ],
              [
                -121.90093,
                37.61317
              ],
              [
                -121.90109,
                37.61325
              ],
              [
                -121.90131,
                37.61322
              ],
              [
                -121.90168,
                37.6133
              ],
              [
                -121.90186,
                37.61298
              ],
              [
                -121.89655,
                37.60588
              ],
              [
                -121.89628,
                37.60601
              ],
              [
                -121.89626,
                37.60364
              ],
              [
                -121.89421,
                37.60365
              ],
              [
                -121.8942,
                37.59988
              ],
              [
                -121.8971,
                37.59992
              ],
              [
                -121.89606,
                37.5986
              ],
              [
                -121.8942,
                37.59858
              ],
              [
                -121.89418,
                37.59428
              ],
              [
                -121.89646,
                37.59448
              ],
              [
                -121.89646,
                37.59477
              ],
              [
                -121.89794,
                37.5949
              ],
              [
                -121.89905,
                37.59509
              ],
              [
                -121.90212,
                37.59598
              ],
              [
                -121.90195,
                37.59642
              ],
              [
                -121.9018,
                37.59768
              ],
              [
                -121.90389,
                37.59749
              ],
              [
                -121.90407,
                37.59631
              ],
              [
                -121.90481,
                37.59631
              ],
              [
                -121.90577,
                37.5962
              ],
              [
                -121.90808,
                37.59561
              ],
              [
                -121.9082,
                37.59744
              ],
              [
                -121.9082,
                37.59978
              ],
              [
                -121.90777,
                37.60027
              ],
              [
                -121.91432,
                37.6033
              ],
              [
                -121.91438,
                37.60659
              ],
              [
                -121.92851,
                37.60706
              ],
              [
                -121.93409,
                37.60719
              ],
              [
                -121.94394,
                37.60721
              ],
              [
                -121.94076,
                37.61038
              ],
              [
                -121.94128,
                37.61099
              ],
              [
                -121.94104,
                37.6114
              ],
              [
                -121.94026,
                37.61166
              ],
              [
                -121.94018,
                37.61184
              ],
              [
                -121.94038,
                37.61205
              ],
              [
                -121.94043,
                37.61224
              ],
              [
                -121.9401,
                37.61262
              ],
              [
                -121.93994,
                37.61357
              ],
              [
                -121.93979,
                37.61385
              ],
              [
                -121.93979,
                37.61418
              ],
              [
                -121.94031,
                37.61469
              ],
              [
                -121.94008,
                37.61506
              ],
              [
                -121.94046,
                37.61589
              ],
              [
                -121.94252,
                37.61605
              ],
              [
                -121.94318,
                37.61571
              ],
              [
                -121.94394,
                37.61658
              ],
              [
                -121.94403,
                37.61684
              ],
              [
                -121.94387,
                37.61723
              ],
              [
                -121.94361,
                37.61747
              ],
              [
                -121.94331,
                37.61755
              ],
              [
                -121.94309,
                37.61771
              ],
              [
                -121.94266,
                37.61816
              ],
              [
                -121.94268,
                37.61841
              ],
              [
                -121.94289,
                37.61896
              ],
              [
                -121.94296,
                37.61951
              ],
              [
                -121.94288,
                37.62059
              ],
              [
                -121.94258,
                37.62082
              ],
              [
                -121.94266,
                37.62106
              ],
              [
                -121.94241,
                37.62136
              ],
              [
                -121.94195,
                37.62137
              ],
              [
                -121.94173,
                37.62155
              ],
              [
                -121.94141,
                37.62233
              ],
              [
                -121.94141,
                37.62301
              ],
              [
                -121.941,
                37.62301
              ],
              [
                -121.9417,
                37.62521
              ],
              [
                -121.94237,
                37.62527
              ],
              [
                -121.94351,
                37.62491
              ],
              [
                -121.9436,
                37.62503
              ],
              [
                -121.94223,
                37.62544
              ],
              [
                -121.94283,
                37.62661
              ],
              [
                -121.94252,
                37.62671
              ],
              [
                -121.94404,
                37.62822
              ],
              [
                -121.9429,
                37.62879
              ],
              [
                -121.94352,
                37.62951
              ],
              [
                -121.9436,
                37.62946
              ],
              [
                -121.94418,
                37.63015
              ],
              [
                -121.94448,
                37.63001
              ],
              [
                -121.94515,
                37.63082
              ],
              [
                -121.94544,
                37.6307
              ],
              [
                -121.94564,
                37.631
              ],
              [
                -121.94122,
                37.63292
              ],
              [
                -121.94036,
                37.63646
              ],
              [
                -121.93103,
                37.63656
              ],
              [
                -121.93119,
                37.64201
              ],
              [
                -121.94047,
                37.6419
              ],
              [
                -121.94036,
                37.63646
              ],
              [
                -121.94948,
                37.63636
              ]
            ]
          ],
          [
            [
              [
                -121.92256,
                37.62018
              ],
              [
                -121.92249,
                37.62013
              ],
              [
                -121.9227,
                37.61993
              ],
              [
                -121.92283,
                37.62
              ],
              [
                -121.92317,
                37.61968
              ],
              [
                -121.9229,
                37.61951
              ],
              [
                -121.92263,
                37.61977
              ],
              [
                -121.92217,
                37.6197
              ],
              [
                -121.92207,
                37.62016
              ],
              [
                -121.92237,
                37.62036
              ],
              [
                -121.92256,
                37.62018
              ]
            ]
          ],
          [
            [
              [
                -121.91802,
                37.62498
              ],
              [
                -121.91762,
                37.62459
              ],
              [
                -121.91716,
                37.62465
              ],
              [
                -121.91708,
                37.62495
              ],
              [
                -121.91745,
                37.62532
              ],
              [
                -121.91802,
                37.62498
              ]
            ]
          ],
          [
            [
              [
                -121.93177,
                37.65905
              ],
              [
                -121.93177,
                37.65947
              ],
              [
                -121.93298,
                37.66057
              ],
              [
                -121.93466,
                37.65938
              ],
              [
                -121.93322,
                37.65804
              ],
              [
                -121.93177,
                37.65905
              ]
            ]
          ],
          [
            [
              [
                -121.94498,
                37.64004
              ],
              [
                -121.94494,
                37.63821
              ],
              [
                -121.94276,
                37.63824
              ],
              [
                -121.94279,
                37.64007
              ],
              [
                -121.94498,
                37.64004
              ]
            ]
          ],
          [
            [
              [
                -121.90878,
                37.63246
              ],
              [
                -121.90569,
                37.63244
              ],
              [
                -121.90563,
                37.62965
              ],
              [
                -121.90532,
                37.62964
              ],
              [
                -121.90464,
                37.6289
              ],
              [
                -121.90393,
                37.62843
              ],
              [
                -121.90319,
                37.62834
              ],
              [
                -121.90244,
                37.62743
              ],
              [
                -121.90205,
                37.62726
              ],
              [
                -121.90185,
                37.62664
              ],
              [
                -121.90181,
                37.62628
              ],
              [
                -121.90137,
                37.62547
              ],
              [
                -121.8917,
                37.6276
              ],
              [
                -121.88995,
                37.62573
              ],
              [
                -121.88977,
                37.62267
              ],
              [
                -121.88867,
                37.62193
              ],
              [
                -121.88475,
                37.62325
              ],
              [
                -121.88298,
                37.6233
              ],
              [
                -121.8831,
                37.62218
              ],
              [
                -121.88325,
                37.61949
              ],
              [
                -121.88304,
                37.61845
              ],
              [
                -121.88237,
                37.61682
              ],
              [
                -121.88229,
                37.6158
              ],
              [
                -121.88216,
                37.61546
              ],
              [
                -121.88072,
                37.61297
              ],
              [
                -121.88049,
                37.61274
              ],
              [
                -121.87962,
                37.61214
              ],
              [
                -121.87937,
                37.61185
              ],
              [
                -121.87927,
                37.61159
              ],
              [
                -121.87924,
                37.61112
              ],
              [
                -121.8787,
                37.60977
              ],
              [
                -121.88341,
                37.61082
              ],
              [
                -121.88735,
                37.61082
              ],
              [
                -121.88804,
                37.61151
              ],
              [
                -121.88843,
                37.61133
              ],
              [
                -121.88791,
                37.61081
              ],
              [
                -121.8879,
                37.61034
              ],
              [
                -121.88724,
                37.61044
              ],
              [
                -121.88714,
                37.61021
              ],
              [
                -121.8866,
                37.60954
              ],
              [
                -121.88613,
                37.60925
              ],
              [
                -121.88596,
                37.60906
              ],
              [
                -121.88579,
                37.60932
              ],
              [
                -121.8858,
                37.60899
              ],
              [
                -121.88599,
                37.60855
              ],
              [
                -121.88597,
                37.60809
              ],
              [
                -121.88499,
                37.60717
              ],
              [
                -121.88429,
                37.60687
              ],
              [
                -121.88353,
                37.60614
              ],
              [
                -121.88348,
                37.60452
              ],
              [
                -121.88267,
                37.60412
              ],
              [
                -121.88147,
                37.60323
              ],
              [
                -121.8815,
                37.60252
              ],
              [
                -121.88208,
                37.60251
              ],
              [
                -121.88228,
                37.60228
              ],
              [
                -121.88272,
                37.60214
              ],
              [
                -121.88279,
                37.60228
              ],
              [
                -121.88296,
                37.60239
              ],
              [
                -121.88298,
                37.60279
              ],
              [
                -121.88362,
                37.60309
              ],
              [
                -121.88387,
                37.60308
              ],
              [
                -121.88424,
                37.60287
              ],
              [
                -121.88444,
                37.60244
              ],
              [
                -121.8855,
                37.60239
              ],
              [
                -121.88553,
                37.60243
              ],
              [
                -121.8862,
                37.601
              ],
              [
                -121.88625,
                37.60001
              ],
              [
                -121.88639,
                37.60001
              ],
              [
                -121.88661,
                37.59937
              ],
              [
                -121.88675,
                37.59852
              ],
              [
                -121.88675,
                37.59798
              ],
              [
                -121.88733,
                37.59797
              ],
              [
                -121.88729,
                37.59708
              ],
              [
                -121.88866,
                37.59705
              ],
              [
                -121.88869,
                37.59693
              ],
              [
                -121.88857,
                37.59661
              ],
              [
                -121.88824,
                37.59613
              ],
              [
                -121.88794,
                37.59589
              ],
              [
                -121.8879,
                37.59575
              ],
              [
                -121.88812,
                37.59515
              ],
              [
                -121.8879,
                37.59484
              ],
              [
                -121.88827,
                37.59467
              ],
              [
                -121.88818,
                37.59479
              ],
              [
                -121.8882,
                37.59498
              ],
              [
                -121.88829,
                37.59512
              ],
              [
                -121.88823,
                37.59531
              ],
              [
                -121.88825,
                37.59554
              ],
              [
                -121.88872,
                37.59575
              ],
              [
                -121.8891,
                37.59615
              ],
              [
                -121.88918,
                37.59644
              ],
              [
                -121.8894,
                37.59669
              ],
              [
                -121.88951,
                37.59691
              ],
              [
                -121.88948,
                37.59703
              ],
              [
                -121.88964,
                37.5974
              ],
              [
                -121.88962,
                37.59753
              ],
              [
                -121.88946,
                37.59763
              ],
              [
                -121.8894,
                37.59778
              ],
              [
                -121.88911,
                37.59801
              ],
              [
                -121.88907,
                37.59873
              ],
              [
                -121.88887,
                37.59925
              ],
              [
                -121.88894,
                37.60002
              ],
              [
                -121.88807,
                37.60002
              ],
              [
                -121.88793,
                37.60026
              ],
              [
                -121.88802,
                37.60143
              ],
              [
                -121.88783,
                37.60154
              ],
              [
                -121.88734,
                37.60197
              ],
              [
                -121.88708,
                37.6026
              ],
              [
                -121.88684,
                37.60285
              ],
              [
                -121.88686,
                37.60338
              ],
              [
                -121.88846,
                37.60338
              ],
              [
                -121.88879,
                37.60322
              ],
              [
                -121.88879,
                37.60343
              ],
              [
                -121.88872,
                37.60346
              ],
              [
                -121.88864,
                37.60361
              ],
              [
                -121.88867,
                37.60376
              ],
              [
                -121.88837,
                37.60404
              ],
              [
                -121.88818,
                37.60458
              ],
              [
                -121.88824,
                37.60522
              ],
              [
                -121.88833,
                37.60539
              ],
              [
                -121.88926,
                37.60557
              ],
              [
                -121.88973,
                37.60599
              ],
              [
                -121.88979,
                37.60624
              ],
              [
                -121.88987,
                37.60632
              ],
              [
                -121.89066,
                37.60636
              ],
              [
                -121.89079,
                37.60649
              ],
              [
                -121.89091,
                37.60719
              ],
              [
                -121.89087,
                37.60737
              ],
              [
                -121.89218,
                37.60711
              ],
              [
                -121.89233,
                37.60728
              ],
              [
                -121.89236,
                37.60793
              ],
              [
                -121.89268,
                37.60847
              ],
              [
                -121.89329,
                37.60925
              ],
              [
                -121.89356,
                37.60972
              ],
              [
                -121.89433,
                37.61067
              ],
              [
                -121.89599,
                37.61317
              ],
              [
                -121.89642,
                37.61386
              ],
              [
                -121.89659,
                37.61425
              ],
              [
                -121.89662,
                37.61463
              ],
              [
                -121.89656,
                37.61531
              ],
              [
                -121.89616,
                37.6155
              ],
              [
                -121.89618,
                37.61556
              ],
              [
                -121.89609,
                37.61582
              ],
              [
                -121.89597,
                37.61594
              ],
              [
                -121.89619,
                37.61619
              ],
              [
                -121.89706,
                37.61666
              ],
              [
                -121.89818,
                37.61715
              ],
              [
                -121.89929,
                37.61779
              ],
              [
                -121.89983,
                37.61851
              ],
              [
                -121.90055,
                37.61927
              ],
              [
                -121.90164,
                37.62098
              ],
              [
                -121.90188,
                37.62143
              ],
              [
                -121.90233,
                37.62189
              ],
              [
                -121.90328,
                37.62261
              ],
              [
                -121.90501,
                37.62411
              ],
              [
                -121.90731,
                37.62568
              ],
              [
                -121.90949,
                37.6262
              ],
              [
                -121.90916,
                37.62464
              ],
              [
                -121.90992,
                37.62546
              ],
              [
                -121.91019,
                37.62589
              ],
              [
                -121.91054,
                37.62606
              ],
              [
                -121.9107,
                37.62626
              ],
              [
                -121.91092,
                37.62666
              ],
              [
                -121.91117,
                37.62731
              ],
              [
                -121.91198,
                37.62848
              ],
              [
                -121.91255,
                37.62879
              ],
              [
                -121.91303,
                37.62889
              ],
              [
                -121.9133,
                37.62917
              ],
              [
                -121.91343,
                37.62948
              ],
              [
                -121.9138,
                37.63009
              ],
              [
                -121.91384,
                37.63009
              ],
              [
                -121.91367,
                37.63042
              ],
              [
                -121.91371,
                37.63076
              ],
              [
                -121.91381,
                37.63099
              ],
              [
                -121.91356,
                37.63113
              ],
              [
                -121.91335,
                37.63143
              ],
              [
                -121.91314,
                37.63159
              ],
              [
                -121.91305,
                37.63163
              ],
              [
                -121.91267,
                37.63155
              ],
              [
                -121.91251,
                37.63184
              ],
              [
                -121.91277,
                37.63193
              ],
              [
                -121.91281,
                37.6325
              ],
              [
                -121.90878,
                37.63246
              ]
            ]
          ],
          [
            [
              [
                -121.88892,
                37.59613
              ],
              [
                -121.88863,
                37.59581
              ],
              [
                -121.88823,
                37.59565
              ],
              [
                -121.88804,
                37.59572
              ],
              [
                -121.88851,
                37.5963
              ],
              [
                -121.88892,
                37.59613
              ]
            ]
          ],
          [
            [
              [
                -121.89073,
                37.61004
              ],
              [
                -121.89036,
                37.60956
              ],
              [
                -121.88971,
                37.60989
              ],
              [
                -121.88916,
                37.60918
              ],
              [
                -121.88835,
                37.6093
              ],
              [
                -121.88866,
                37.61092
              ],
              [
                -121.88969,
                37.61078
              ],
              [
                -121.89016,
                37.61051
              ],
              [
                -121.89004,
                37.61035
              ],
              [
                -121.89073,
                37.61004
              ]
            ]
          ],
          [
            [
              [
                -121.95624,
                37.63613
              ],
              [
                -121.94948,
                37.63636
              ],
              [
                -121.95012,
                37.63466
              ],
              [
                -121.95126,
                37.63448
              ],
              [
                -121.95209,
                37.63446
              ],
              [
                -121.95249,
                37.63458
              ],
              [
                -121.95312,
                37.63553
              ],
              [
                -121.95434,
                37.63555
              ],
              [
                -121.9544,
                37.6357
              ],
              [
                -121.95455,
                37.63587
              ],
              [
                -121.95487,
                37.63604
              ],
              [
                -121.95624,
                37.63613
              ]
            ]
          ],
          [
            [
              [
                -121.90497,
                37.61976
              ],
              [
                -121.90444,
                37.61927
              ],
              [
                -121.90396,
                37.61899
              ],
              [
                -121.90385,
                37.61885
              ],
              [
                -121.90416,
                37.61784
              ],
              [
                -121.90415,
                37.61765
              ],
              [
                -121.90401,
                37.61744
              ],
              [
                -121.90333,
                37.61695
              ],
              [
                -121.90335,
                37.61687
              ],
              [
                -121.90398,
                37.61699
              ],
              [
                -121.9041,
                37.61708
              ],
              [
                -121.90456,
                37.61772
              ],
              [
                -121.90445,
                37.61837
              ],
              [
                -121.90452,
                37.61864
              ],
              [
                -121.90468,
                37.61881
              ],
              [
                -121.90491,
                37.61892
              ],
              [
                -121.9059,
                37.61907
              ],
              [
                -121.90596,
                37.61914
              ],
              [
                -121.90595,
                37.6192
              ],
              [
                -121.90565,
                37.61927
              ],
              [
                -121.90556,
                37.61938
              ],
              [
                -121.90557,
                37.6195
              ],
              [
                -121.90605,
                37.6199
              ],
              [
                -121.90625,
                37.62014
              ],
              [
                -121.90644,
                37.62026
              ],
              [
                -121.90608,
                37.62061
              ],
              [
                -121.90522,
                37.62025
              ],
              [
                -121.90514,
                37.62017
              ],
              [
                -121.90507,
                37.61989
              ],
              [
                -121.90497,
                37.61976
              ]
            ]
          ],
          [
            [
              [
                -121.90055,
                37.61461
              ],
              [
                -121.90001,
                37.61462
              ],
              [
                -121.89984,
                37.61457
              ],
              [
                -121.89944,
                37.61431
              ],
              [
                -121.89928,
                37.61411
              ],
              [
                -121.89957,
                37.61398
              ],
              [
                -121.89969,
                37.61415
              ],
              [
                -121.89988,
                37.61421
              ],
              [
                -121.90059,
                37.61409
              ],
              [
                -121.90141,
                37.61413
              ],
              [
                -121.90191,
                37.61395
              ],
              [
                -121.9019,
                37.61453
              ],
              [
                -121.90217,
                37.61494
              ],
              [
                -121.90271,
                37.61538
              ],
              [
                -121.90293,
                37.61599
              ],
              [
                -121.90285,
                37.61627
              ],
              [
                -121.90273,
                37.61628
              ],
              [
                -121.90265,
                37.61606
              ],
              [
                -121.90211,
                37.61541
              ],
              [
                -121.9012,
                37.61478
              ],
              [
                -121.90093,
                37.61466
              ],
              [
                -121.90055,
                37.61461
              ]
            ]
          ],
          [
            [
              [
                -121.93097,
                37.67326
              ],
              [
                -121.93072,
                37.6733
              ],
              [
                -121.93123,
                37.67247
              ],
              [
                -121.93191,
                37.67246
              ],
              [
                -121.93192,
                37.67257
              ],
              [
                -121.93151,
                37.67281
              ],
              [
                -121.93111,
                37.6732
              ],
              [
                -121.93097,
                37.67326
              ]
            ]
          ],
          [
            [
              [
                -121.92052,
                37.63574
              ],
              [
                -121.92083,
                37.6357
              ],
              [
                -121.92083,
                37.636
              ],
              [
                -121.92037,
                37.636
              ],
              [
                -121.92035,
                37.63576
              ],
              [
                -121.92052,
                37.63574
              ]
            ]
          ],
          [
            [
              [
                -121.91385,
                37.63013
              ],
              [
                -121.91431,
                37.6301
              ],
              [
                -121.91421,
                37.6303
              ],
              [
                -121.91383,
                37.63018
              ],
              [
                -121.91385,
                37.63013
              ]
            ]
          ],
          [
            [
              [
                -121.88613,
                37.59638
              ],
              [
                -121.88581,
                37.59638
              ],
              [
                -121.886,
                37.5962
              ],
              [
                -121.88613,
                37.59638
              ]
            ]
          ]
        ],
        "type": "MultiPolygon"
      },
      "properties": {
        "feature_id": "ebrpd:95",
        "gis_acres": 7182.35921513,
        "name": "Pleasanton Ridge",
        "objectid": 95,
        "official_name": "Pleasanton Ridge Regional Park",
        "park_unit": "1",
        "source_object_id": 95,
        "status": "Parkland"
      },
      "type": "Feature"
    },
    {
      "geometry": {
        "coordinates": [
          [
            [
              -122.3325,
              37.91002
            ],
            [
              -122.33021,
              37.90951
            ],
            [
              -122.33021,
              37.90938
            ],
            [
              -122.32747,
              37.90877
            ],
            [
              -122.3261,
              37.90839
            ],
            [
              -122.32489,
              37.90794
            ],
            [
              -122.32411,
              37.90758
            ],
            [
              -122.32281,
              37.90685
            ],
            [
              -122.32139,
              37.90584
            ],
            [
              -122.32037,
              37.9049
            ],
            [
              -122.31631,
              37.89991
            ],
            [
              -122.31659,
              37.89984
            ],
            [
              -122.31927,
              37.90317
            ],
            [
              -122.3246,
              37.90051
            ],
            [
              -122.32269,
              37.89819
            ],
            [
              -122.32348,
              37.89777
            ],
            [
              -122.32357,
              37.89782
            ],
            [
              -122.32427,
              37.89827
            ],
            [
              -122.32452,
              37.89849
            ],
            [
              -122.32479,
              37.89892
            ],
            [
              -122.32489,
              37.89938
            ],
            [
              -122.32523,
              37.89938
            ],
            [
              -122.32523,
              37.9011
            ],
            [
              -122.31981,
              37.90385
            ],
            [
              -122.32041,
              37.90457
            ],
            [
              -122.32098,
              37.90516
            ],
            [
              -122.3221,
              37.90609
            ],
            [
              -122.3233,
              37.90688
            ],
            [
              -122.32405,
              37.9073
            ],
            [
              -122.32504,
              37.90776
            ],
            [
              -122.32609,
              37.90816
            ],
            [
              -122.32746,
              37.90856
            ],
            [
              -122.3325,
              37.90968
            ],
            [
              -122.33249,
              37.90947
            ],
            [
              -122.33707,
              37.91046
            ],
            [
              -122.33708,
              37.91102
            ],
            [
              -122.3325,
              37.91002
            ]
          ]
        ],
        "type": "Polygon"
      },
      "properties": {
        "feature_id": "ebrpd:96",
        "gis_acres": 38.00835633,
        "name": "Point Isabel Shoreline",
        "objectid": 96,
        "official_name": "Point Isabel Regional Shoreline",
        "park_unit": "4",
        "source_object_id": 96,
        "status": "Parkland"
      },
      "type": "Feature"
    },
    {
      "geometry": {
        "coordinates": [
          [
            [
              [
                -122.38092,
                37.98431
              ],
              [
                -122.3658,
                37.98434
              ],
              [
                -122.3659,
                37.98849
              ],
              [
                -122.37549,
                37.98803
              ],
              [
                -122.38017,
                37.98432
              ],
              [
                -122.37901,
                38.01124
              ],
              [
                -122.36706,
                38.01652
              ],
              [
                -122.36246,
                38.01649
              ],
              [
                -122.34306,
                38.00892
              ],
              [
                -122.34311,
                38.00652
              ],
              [
                -122.33411,
                38.0034
              ],
              [
                -122.33204,
                38.00348
              ],
              [
                -122.33019,
                38.00185
              ],
              [
                -122.33016,
                38.00187
              ],
              [
                -122.32999,
                38.00167
              ],
              [
                -122.33135,
                38.00115
              ],
              [
                -122.3328,
                38.0008
              ],
              [
                -122.33415,
                38.00066
              ],
              [
                -122.33505,
                38.00066
              ],
              [
                -122.3364,
                38.0008
              ],
              [
                -122.34457,
                38.0024
              ],
              [
                -122.34579,
                38.00253
              ],
              [
                -122.3472,
                38.00253
              ],
              [
                -122.34808,
                38.00245
              ],
              [
                -122.34895,
                38.00231
              ],
              [
                -122.34979,
                38.00211
              ],
              [
                -122.35062,
                38.00185
              ],
              [
                -122.35141,
                38.00154
              ],
              [
                -122.35231,
                38.0011
              ],
              [
                -122.35301,
                38.00067
              ],
              [
                -122.35366,
                38.0002
              ],
              [
                -122.35448,
                37.99947
              ],
              [
                -122.35509,
                37.99878
              ],
              [
                -122.3556,
                37.99805
              ],
              [
                -122.35566,
                37.99807
              ],
              [
                -122.35621,
                37.99694
              ],
              [
                -122.35652,
                37.9959
              ],
              [
                -122.35713,
                37.99042
              ],
              [
                -122.35732,
                37.98816
              ],
              [
                -122.35733,
                37.98811
              ],
              [
                -122.35787,
                37.9881
              ],
              [
                -122.35801,
                37.98653
              ],
              [
                -122.35744,
                37.98692
              ],
              [
                -122.35784,
                37.98244
              ],
              [
                -122.35834,
                37.98246
              ],
              [
                -122.35866,
                37.97897
              ],
              [
                -122.36443,
                37.9793
              ],
              [
                -122.36472,
                37.97909
              ],
              [
                -122.36513,
                37.97912
              ],
              [
                -122.36513,
                37.97866
              ],
              [
                -122.36714,
                37.97939
              ],
              [
                -122.36655,
                37.98024
              ],
              [
                -122.36656,
                37.98041
              ],
              [
                -122.36894,
                37.98233
              ],
              [
                -122.38345,
                37.98231
              ],
              [
                -122.38092,
                37.98431
              ]
            ]
          ],
          [
            [
              [
                -122.35676,
                37.9885
              ],
              [
                -122.35619,
                37.99441
              ],
              [
                -122.35595,
                37.99453
              ],
              [
                -122.35583,
                37.99389
              ],
              [
                -122.35598,
                37.99227
              ],
              [
                -122.35488,
                37.99221
              ],
              [
                -122.35488,
                37.99199
              ],
              [
                -122.35321,
                37.98892
              ],
              [
                -122.35676,
                37.9885
              ]
            ]
          ],
          [
            [
              [
                -122.35808,
                37.97951
              ],
              [
                -122.35819,
                37.97872
              ],
              [
                -122.35844,
                37.97873
              ],
              [
                -122.35811,
                37.98234
              ],
              [
                -122.35784,
                37.98233
              ],
              [
                -122.35808,
                37.97951
              ]
            ]
          ]
        ],
        "type": "MultiPolygon"
      },
      "properties": {
        "feature_id": "ebrpd:97",
        "gis_acres": 2202.77753679,
        "name": "Point Pinole Shoreline",
        "objectid": 97,
        "official_name": "Point Pinole Regional Shoreline",
        "park_unit": "4",
        "source_object_id": 97,
        "status": "Parkland"
      },
      "type": "Feature"
    },
    {
      "geometry": {
        "coordinates": [
          [
            [
              -121.97065,
              37.57203
            ],
            [
              -121.97073,
              37.57045
            ],
            [
              -121.97095,
              37.5703
            ],
            [
              -121.97133,
              37.57018
            ],
            [
              -121.97169,
              37.57028
            ],
            [
              -121.9722,
              37.57058
            ],
            [
              -121.97253,
              37.57061
            ],
            [
              -121.97249,
              37.57023
            ],
            [
              -121.97266,
              37.56972
            ],
            [
              -121.97294,
              37.56964
            ],
            [
              -121.97408,
              37.56935
            ],
            [
              -121.97487,
              37.57005
            ],
            [
              -121.97536,
              37.57039
            ],
            [
              -121.97562,
              37.57073
            ],
            [
              -121.97357,
              37.57142
            ],
            [
              -121.97351,
              37.57127
            ],
            [
              -121.97247,
              37.5716
            ],
            [
              -121.97096,
              37.57233
            ],
            [
              -121.97065,
              37.57203
            ]
          ]
        ],
        "type": "Polygon"
      },
      "properties": {
        "feature_id": "ebrpd:98",
        "gis_acres": 17.73274552,
        "name": "Quarry Lakes",
        "objectid": 98,
        "official_name": "Quarry Lakes Regional Recreation Area",
        "park_unit": "2",
        "source_object_id": 98,
        "status": "Landbank"
      },
      "type": "Feature"
    },
    {
      "geometry": {
        "coordinates": [
          [
            [
              [
                -122.00562,
                37.58159
              ],
              [
                -122.00217,
                37.57897
              ],
              [
                -122.00202,
                37.57878
              ],
              [
                -122.002,
                37.57853
              ],
              [
                -122.00251,
                37.57727
              ],
              [
                -122.00259,
                37.57725
              ],
              [
                -122.00401,
                37.57753
              ],
              [
                -122.00405,
                37.57743
              ],
              [
                -122.00242,
                37.5771
              ],
              [
                -122.00246,
                37.57699
              ],
              [
                -122.00034,
                37.5765
              ],
              [
                -121.99657,
                37.57363
              ],
              [
                -121.99686,
                37.57278
              ],
              [
                -121.99478,
                37.57234
              ],
              [
                -121.9938,
                37.57158
              ],
              [
                -121.99366,
                37.57127
              ],
              [
                -121.99315,
                37.57101
              ],
              [
                -121.99249,
                37.57059
              ],
              [
                -121.99016,
                37.56877
              ],
              [
                -121.99039,
                37.56856
              ],
              [
                -121.99005,
                37.56833
              ],
              [
                -121.99063,
                37.56784
              ],
              [
                -121.99116,
                37.56752
              ],
              [
                -121.99111,
                37.56747
              ],
              [
                -121.99209,
                37.56699
              ],
              [
                -121.99206,
                37.56693
              ],
              [
                -121.99209,
                37.56692
              ],
              [
                -121.99228,
                37.5671
              ],
              [
                -121.99487,
                37.56652
              ],
              [
                -121.99505,
                37.56756
              ],
              [
                -121.99854,
                37.5667
              ],
              [
                -121.99872,
                37.5667
              ],
              [
                -121.99871,
                37.56677
              ],
              [
                -121.99953,
                37.56696
              ],
              [
                -122.00114,
                37.56756
              ],
              [
                -122.00122,
                37.56747
              ],
              [
                -122.00226,
                37.56786
              ],
              [
                -122.00236,
                37.56771
              ],
              [
                -122.00531,
                37.56887
              ],
              [
                -122.00538,
                37.56877
              ],
              [
                -122.00639,
                37.56916
              ],
              [
                -122.00647,
                37.56906
              ],
              [
                -122.00695,
                37.56925
              ],
              [
                -122.00842,
                37.57038
              ],
              [
                -122.00877,
                37.57006
              ],
              [
                -122.01349,
                37.57269
              ],
              [
                -122.01012,
                37.57623
              ],
              [
                -122.0097,
                37.57654
              ],
              [
                -122.00858,
                37.5772
              ],
              [
                -122.00821,
                37.57756
              ],
              [
                -122.00796,
                37.57804
              ],
              [
                -122.00787,
                37.57854
              ],
              [
                -122.00795,
                37.5791
              ],
              [
                -122.00791,
                37.57919
              ],
              [
                -122.0082,
                37.57957
              ],
              [
                -122.00773,
                37.58092
              ],
              [
                -122.00606,
                37.58057
              ],
              [
                -122.00569,
                37.58165
              ],
              [
                -122.00562,
                37.58159
              ]
            ]
          ],
          [
            [
              [
                -121.97792,
                37.57071
              ],
              [
                -121.97775,
                37.57068
              ],
              [
                -121.97774,
                37.57078
              ],
              [
                -121.97701,
                37.57084
              ],
              [
                -121.97697,
                37.57073
              ],
              [
                -121.98406,
                37.56827
              ],
              [
                -121.98494,
                37.5708
              ],
              [
                -121.98482,
                37.57087
              ],
              [
                -121.98263,
                37.57147
              ],
              [
                -121.98205,
                37.57131
              ],
              [
                -121.98024,
                37.5712
              ],
              [
                -121.97792,
                37.57079
              ],
              [
                -121.97792,
                37.57071
              ]
            ]
          ],
          [
            [
              [
                -121.9855,
                37.573
              ],
              [
                -121.98531,
                37.57301
              ],
              [
                -121.98484,
                37.5721
              ],
              [
                -121.98544,
                37.57183
              ],
              [
                -121.98606,
                37.57146
              ],
              [
                -121.98858,
                37.56942
              ],
              [
                -121.99117,
                37.57125
              ],
              [
                -121.99102,
                37.57165
              ],
              [
                -121.99086,
                37.57163
              ],
              [
                -121.99049,
                37.5721
              ],
              [
                -121.9901,
                37.57283
              ],
              [
                -121.98987,
                37.57305
              ],
              [
                -121.9884,
                37.57274
              ],
              [
                -121.98725,
                37.57311
              ],
              [
                -121.9855,
                37.573
              ]
            ]
          ],
          [
            [
              [
                -122.00204,
                37.57785
              ],
              [
                -122.00052,
                37.57666
              ],
              [
                -122.00228,
                37.57707
              ],
              [
                -122.00227,
                37.57723
              ],
              [
                -122.00204,
                37.57785
              ]
            ]
          ]
        ],
        "type": "MultiPolygon"
      },
      "properties": {
        "feature_id": "ebrpd:99",
        "gis_acres": 461.83008035,
        "name": "Quarry Lakes",
        "objectid": 99,
        "official_name": "Quarry Lakes Regional Recreation Area",
        "park_unit": "2",
        "source_object_id": 99,
        "status": "Parkland"
      },
      "type": "Feature"
    }
  ],
  "type": "FeatureCollection",
  "wayproof": {
    "classification": "open_license",
    "coordinate_precision_decimal_degrees": 5,
    "display_simplification_tolerance_decimal_degrees": 3e-05,
    "navigation_grade": false,
    "normalized_coordinate_reference_system": "EPSG:4326",
    "retrieved_at": "2026-09-24T22:00:00+00:00",
    "selection_context": "Canonical EBRPD park names matched to OFFICIAL_NAME",
    "source_id": "source-ebrpd-managed-land-boundaries-20260924",
    "source_service": "https://services2.arcgis.com/jeEP9c9zZoQQwtck/arcgis/rest/services/EBRPD_Parks/FeatureServer/0"
  }
}
