{
  "features": [
    {
      "geometry": {
        "coordinates": [
          [
            -119.55151999065323,
            37.72593574841108
          ],
          [
            -119.55145282662444,
            37.725779430401225
          ],
          [
            -119.55141015960687,
            37.725686054395474
          ],
          [
            -119.55130984958562,
            37.7256434523987
          ],
          [
            -119.55129555958962,
            37.72569869040486
          ],
          [
            -119.55124824358595,
            37.725734775411674
          ],
          [
            -119.55128383660244,
            37.72582866841792
          ],
          [
            -119.55128163060935,
            37.72589299442409
          ],
          [
            -119.55122553260446,
            37.72593043843168
          ],
          [
            -119.55112059459064,
            37.72595959144188
          ],
          [
            -119.55104745058202,
            37.725989070449934
          ],
          [
            -119.55093580656614,
            37.72601020245989
          ],
          [
            -119.55082096055156,
            37.72604733847161
          ],
          [
            -119.55066263152575,
            37.726048323483084
          ],
          [
            -119.55049321249712,
            37.72603977949441
          ],
          [
            -119.55022163344898,
            37.72600736751083
          ],
          [
            -119.55006111741952,
            37.72597885051968
          ],
          [
            -119.54996152039978,
            37.72594885952399
          ],
          [
            -119.549858082386,
            37.725976479533955
          ],
          [
            -119.54974411437091,
            37.7260077105451
          ],
          [
            -119.54963038035663,
            37.72604570555683
          ],
          [
            -119.54951711034394,
            37.72609722756975
          ],
          [
            -119.54943157133592,
            37.7261498405808
          ],
          [
            -119.54938807233474,
            37.72620213058888
          ],
          [
            -119.5493107133251,
            37.72622860059687
          ],
          [
            -119.54923154331101,
            37.72621846860161
          ],
          [
            -119.54913156829397,
            37.7262124256082
          ],
          [
            -119.54900239127659,
            37.72624542362056
          ],
          [
            -119.54884958425352,
            37.726262266633064
          ],
          [
            -119.5487598642378,
            37.72625306863864
          ],
          [
            -119.5486602442174,
            37.72621713264245
          ]
        ],
        "type": "LineString"
      },
      "id": "nps-trail-15046",
      "properties": {
        "feature_id": "nps-trail-15046",
        "nps_feature_id": "{AE2061A3-2846-4504-800B-8B803D5B0C3F}",
        "nps_object_id": 15046,
        "route_id": "route-vernal-nevada-falls",
        "sequence": 6,
        "source_id": "source-nps-public-trails-feature-service",
        "surface": "Native",
        "trail_name": "John Muir Trail",
        "use": "Hiker/Pedestrian"
      },
      "type": "Feature"
    },
    {
      "geometry": {
        "coordinates": [
          [
            -119.60110839456966,
            37.73307444352523
          ],
          [
            -119.60109603556572,
            37.73305752952452
          ],
          [
            -119.6010927345646,
            37.73305270352431
          ],
          [
            -119.6010553975523,
            37.732998115521845
          ],
          [
            -119.60102472754221,
            37.73295327551988
          ],
          [
            -119.60102142554112,
            37.73294844951965
          ],
          [
            -119.60097961752827,
            37.73289515451767
          ],
          [
            -119.60097571352706,
            37.732890620517495
          ],
          [
            -119.60091637050955,
            37.73282170451533
          ],
          [
            -119.60091246650842,
            37.73281716951517
          ],
          [
            -119.60089661250333,
            37.732795336514236
          ],
          [
            -119.60089349350228,
            37.732790434514015
          ],
          [
            -119.60085168248797,
            37.73272474951088
          ],
          [
            -119.60084856148688,
            37.73271984751065
          ],
          [
            -119.60081465947619,
            37.73267426150881
          ],
          [
            -119.60081093847506,
            37.73266963050862
          ],
          [
            -119.6007677814619,
            37.73261592150671
          ],
          [
            -119.6007640604608,
            37.73261129050657
          ],
          [
            -119.60075438745784,
            37.732599252506105
          ],
          [
            -119.60075066645669,
            37.73259462150592
          ],
          [
            -119.60061743640654,
            37.73234520049212
          ],
          [
            -119.6006493824048,
            37.73228405648408
          ],
          [
            -119.60078558641186,
            37.732150218461825
          ],
          [
            -119.60088605240956,
            37.731986182439265
          ],
          [
            -119.6009759314135,
            37.73189123942391
          ],
          [
            -119.60112874143492,
            37.73186032141006
          ],
          [
            -119.6011783734353,
            37.73179208840014
          ],
          [
            -119.60116657641615,
            37.73164086038677
          ],
          [
            -119.60109329137035,
            37.73134294436416
          ],
          [
            -119.60105610033933,
            37.731123813346294
          ],
          [
            -119.60097139330651,
            37.73095658433673
          ],
          [
            -119.60075186225457,
            37.73081510633922
          ],
          [
            -119.60064146622999,
            37.73075729334172
          ],
          [
            -119.60048005420029,
            37.730728148350515
          ],
          [
            -119.60034565417827,
            37.730727672360146
          ],
          [
            -119.60019910416415,
            37.73081353737871
          ],
          [
            -119.59998336914622,
            37.730966344408436
          ],
          [
            -119.59982305413342,
            37.73108376143095
          ],
          [
            -119.59968032511665,
            37.7311413914466
          ],
          [
            -119.59955788610449,
            37.73121019746183
          ],
          [
            -119.59948305009972,
            37.73127606047331
          ],
          [
            -119.59938249608781,
            37.73131594748428
          ],
          [
            -119.5992966420829,
            37.73139554549792
          ],
          [
            -119.59926187307688,
            37.731393007500195
          ],
          [
            -119.59930653606702,
            37.73124218548283
          ],
          [
            -119.59931273506119,
            37.73118145347667
          ],
          [
            -119.5993731050569,
            37.73105738646074
          ],
          [
            -119.59941759704782,
            37.73091335544406
          ],
          [
            -119.59947186503628,
            37.73073394242336
          ],
          [
            -119.59950270603338,
            37.730663852414644
          ],
          [
            -119.5995174440308,
            37.730620031409444
          ],
          [
            -119.5995027570253,
            37.730593191407955
          ],
          [
            -119.59932502501103,
            37.73072305343291
          ],
          [
            -119.5991489639972,
            37.73085419445782
          ],
          [
            -119.59904933398259,
            37.73086886346633
          ],
          [
            -119.5989707399742,
            37.73090819447564
          ],
          [
            -119.5988805889669,
            37.730973328488204
          ],
          [
            -119.59881021496486,
            37.73105621550097
          ],
          [
            -119.59878562595789,
            37.731030499500356
          ],
          [
            -119.5988112229494,
            37.73091915548808
          ],
          [
            -119.59889430294162,
            37.73073106846454
          ],
          [
            -119.59895373093579,
            37.730594436447454
          ],
          [
            -119.59907432393561,
            37.73041954142245
          ],
          [
            -119.59906367592855,
            37.73037256941881
          ],
          [
            -119.59904887192239,
            37.73034003941683
          ],
          [
            -119.59900948391915,
            37.73036804342228
          ],
          [
            -119.59888335391011,
            37.73046953044081
          ],
          [
            -119.5987510338967,
            37.73054198045709
          ],
          [
            -119.59865489089118,
            37.730631924472426
          ],
          [
            -119.59853540788728,
            37.73076902649384
          ],
          [
            -119.5985532728653,
            37.730549726472
          ],
          [
            -119.59858525185837,
            37.73044320445972
          ],
          [
            -119.59865627884298,
            37.73020547443238
          ],
          [
            -119.5987470368423,
            37.730068817413084
          ],
          [
            -119.5988316478428,
            37.72995199439603
          ],
          [
            -119.5989835718438,
            37.729742135365484
          ],
          [
            -119.59900867583478,
            37.7296270013529
          ],
          [
            -119.59908540983524,
            37.72952064333745
          ],
          [
            -119.59917777783947,
            37.72942495732186
          ],
          [
            -119.59923760984083,
            37.72935092231063
          ],
          [
            -119.59934283584383,
            37.729226308291445
          ],
          [
            -119.59946303984839,
            37.72909365027036
          ],
          [
            -119.59957258085724,
            37.729014569255135
          ],
          [
            -119.59964484486484,
            37.728977262246445
          ],
          [
            -119.59971074986703,
            37.72890181023462
          ],
          [
            -119.59976661486746,
            37.728825476223484
          ],
          [
            -119.59988390288287,
            37.72879240321199
          ],
          [
            -119.59999240989275,
            37.72872350819773
          ],
          [
            -119.59989417987666,
            37.72872298620473
          ],
          [
            -119.59975527485747,
            37.728753634217576
          ],
          [
            -119.59959253883767,
            37.728813026234825
          ],
          [
            -119.59952016083271,
            37.72887379924568
          ],
          [
            -119.59943330482241,
            37.728907993255135
          ],
          [
            -119.59932887280716,
            37.728923746264115
          ],
          [
            -119.59920498079154,
            37.72896413627676
          ],
          [
            -119.59912790178151,
            37.72898735528447
          ],
          [
            -119.599035688775,
            37.72906201429808
          ],
          [
            -119.59896330877007,
            37.72912278630895
          ],
          [
            -119.59882334375457,
            37.72918773932506
          ],
          [
            -119.59872984274863,
            37.72926957833944
          ],
          [
            -119.59864151874021,
            37.72932220735069
          ],
          [
            -119.5984987977252,
            37.72939584436784
          ],
          [
            -119.59838839971425,
            37.72945788338157
          ],
          [
            -119.59822717670055,
            37.729568726403464
          ],
          [
            -119.59800554667574,
            37.729668980428755
          ],
          [
            -119.59751812462169,
            37.72989430248483
          ],
          [
            -119.59728295259944,
            37.73003657651501
          ],
          [
            -119.59721622462556,
            37.73036180555025
          ],
          [
            -119.59716099963636,
            37.730536479570624
          ],
          [
            -119.59689187662411,
            37.73081562661602
          ],
          [
            -119.59674286761702,
            37.73096718564092
          ],
          [
            -119.59658724860338,
            37.73107090266179
          ],
          [
            -119.59632011457946,
            37.731244305697196
          ],
          [
            -119.59597865555538,
            37.731522999747774
          ],
          [
            -119.59583333754718,
            37.731659715770974
          ],
          [
            -119.59561752653255,
            37.73184089780344
          ],
          [
            -119.59537505450488,
            37.73194637483074
          ],
          [
            -119.59522657248588,
            37.73199256084568
          ],
          [
            -119.59511522147142,
            37.73202511885669
          ],
          [
            -119.59506642046733,
            37.73205911686343
          ],
          [
            -119.59498600246026,
            37.73211277187423
          ],
          [
            -119.59486072844284,
            37.73213917688565
          ],
          [
            -119.59477260543126,
            37.73216435789434
          ],
          [
            -119.59462990142787,
            37.73233948692098
          ],
          [
            -119.5946407254453,
            37.73247752893313
          ],
          [
            -119.59448765644193,
            37.7326675659619
          ],
          [
            -119.59442166043958,
            37.73274164397359
          ],
          [
            -119.59434326043329,
            37.73279900298457
          ],
          [
            -119.59430672043031,
            37.73282521598965
          ],
          [
            -119.59419972741253,
            37.73282261399708
          ],
          [
            -119.59409624139911,
            37.73285340100741
          ],
          [
            -119.59401995639234,
            37.73290341901754
          ],
          [
            -119.59377545937988,
            37.733145074057724
          ],
          [
            -119.59372210638053,
            37.73322769206925
          ],
          [
            -119.59365238137615,
            37.73328904308001
          ],
          [
            -119.59362395538966,
            37.73344881409703
          ],
          [
            -119.59351858438706,
            37.73357764511664
          ],
          [
            -119.59350071239538,
            37.73367646612718
          ],
          [
            -119.59345978339772,
            37.73375553713754
          ],
          [
            -119.59345604341195,
            37.73388610415002
          ],
          [
            -119.59344420841464,
            37.7339269111547
          ],
          [
            -119.59338538840805,
            37.7339533821614
          ],
          [
            -119.59333600940592,
            37.734005790169846
          ],
          [
            -119.59326560841554,
            37.734191024192256
          ],
          [
            -119.5932143064307,
            37.73439838321536
          ],
          [
            -119.59319188344197,
            37.73453000622933
          ],
          [
            -119.59319791345773,
            37.73465980924103
          ],
          [
            -119.5931126614595,
            37.73479758326004
          ],
          [
            -119.59310368748258,
            37.735013547280936
          ],
          [
            -119.5930228104846,
            37.735147648299304
          ],
          [
            -119.59288718847543,
            37.73526149731969
          ],
          [
            -119.59285284447289,
            37.73528880332472
          ],
          [
            -119.5928619784803,
            37.73534089232894
          ],
          [
            -119.5928167264806,
            37.73540819933849
          ],
          [
            -119.59277318747905,
            37.73545749634621
          ],
          [
            -119.59269943347331,
            37.73551303535671
          ],
          [
            -119.59254720146095,
            37.73562297937791
          ],
          [
            -119.59245515245213,
            37.73567750438961
          ],
          [
            -119.59242859444747,
            37.7356748193913
          ],
          [
            -119.59246809144709,
            37.73561471738281
          ],
          [
            -119.59252025244724,
            37.73554110937219
          ],
          [
            -119.5925616504419,
            37.73543465135925
          ],
          [
            -119.59257468943092,
            37.73531913334746
          ],
          [
            -119.59251033741002,
            37.73522757634355
          ],
          [
            -119.59251180440341,
            37.73516763933782
          ],
          [
            -119.59253630440335,
            37.73513177533266
          ],
          [
            -119.59262427140985,
            37.735062829319894
          ],
          [
            -119.5926533624039,
            37.73496838230898
          ],
          [
            -119.59265053539248,
            37.7348720743002
          ],
          [
            -119.59262133038116,
            37.73481476029692
          ],
          [
            -119.5925959973838,
            37.73487451430434
          ],
          [
            -119.59256781138907,
            37.73496127631445
          ],
          [
            -119.59251879138915,
            37.735032385324665
          ],
          [
            -119.59248376538628,
            37.735057325329464
          ],
          [
            -119.59240223937432,
            37.73506903533642
          ],
          [
            -119.59234919036868,
            37.73509611734279
          ],
          [
            -119.59231661336896,
            37.7351452493497
          ],
          [
            -119.5923132763762,
            37.735213408356344
          ],
          [
            -119.59227951637838,
            37.7352810863651
          ],
          [
            -119.59220119937258,
            37.73534284637649
          ],
          [
            -119.59217648536783,
            37.73533684837769
          ],
          [
            -119.59221034136809,
            37.73529035537089
          ],
          [
            -119.59222083636432,
            37.73524170836563
          ],
          [
            -119.59221400535684,
            37.73518569636084
          ],
          [
            -119.59216815334293,
            37.73512957435889
          ],
          [
            -119.59216785333791,
            37.7350860063548
          ],
          [
            -119.59226475134372,
            37.734997693339594
          ],
          [
            -119.59227633033964,
            37.73494514833387
          ],
          [
            -119.59227203532748,
            37.73484428532473
          ],
          [
            -119.59223404431016,
            37.73474660431831
          ],
          [
            -119.59222072029634,
            37.734644255309654
          ],
          [
            -119.59215687926064,
            37.73442197629339
          ],
          [
            -119.59213177025416,
            37.73440122629328
          ],
          [
            -119.59212264428709,
            37.734703337322216
          ],
          [
            -119.59210479429699,
            37.73481626233407
          ],
          [
            -119.59207304429957,
            37.73488474434279
          ],
          [
            -119.59201488529472,
            37.73492545635076
          ],
          [
            -119.5919550312851,
            37.73492704235519
          ],
          [
            -119.59192288028319,
            37.734956373360255
          ],
          [
            -119.59190782027848,
            37.73493679535952
          ],
          [
            -119.59198180428278,
            37.73486832334779
          ],
          [
            -119.59198524927798,
            37.7348211933431
          ],
          [
            -119.59197281626649,
            37.734737827336225
          ],
          [
            -119.59194187625597,
            37.734689769333926
          ],
          [
            -119.5918844712573,
            37.734783991346845
          ],
          [
            -119.59175169824482,
            37.73486520836399
          ],
          [
            -119.59168141023822,
            37.73490820437303
          ],
          [
            -119.59167548724687,
            37.73499294838139
          ],
          [
            -119.59167123125314,
            37.7350538583874
          ],
          [
            -119.59164769625849,
            37.73513480239673
          ],
          [
            -119.59159893726343,
            37.73524825241082
          ],
          [
            -119.5915686632683,
            37.735334853421115
          ],
          [
            -119.59153119726219,
            37.735334576423746
          ],
          [
            -119.591549177251,
            37.735210419410876
          ],
          [
            -119.59153042122338,
            37.734994156391934
          ],
          [
            -119.59148190921098,
            37.73495556139181
          ],
          [
            -119.59147415721905,
            37.73503730040002
          ],
          [
            -119.5914315682196,
            37.73510319940924
          ],
          [
            -119.59140957222567,
            37.735188517418806
          ],
          [
            -119.59137521723021,
            37.735277412429575
          ],
          [
            -119.59131353022251,
            37.73529860043599
          ],
          [
            -119.59127086121596,
            37.73530240443943
          ],
          [
            -119.59131495821838,
            37.73526000843233
          ],
          [
            -119.59131252018739,
            37.734991237407286
          ],
          [
            -119.59125121318559,
            37.735063097418404
          ],
          [
            -119.5912558281923,
            37.73511587942303
          ],
          [
            -119.5912087701895,
            37.73515878143042
          ],
          [
            -119.59116829718666,
            37.73519162143638
          ],
          [
            -119.59114676818038,
            37.73516776843573
          ],
          [
            -119.59119113118179,
            37.73511602442769
          ],
          [
            -119.59117674217487,
            37.73507575242496
          ],
          [
            -119.59113708017021,
            37.73509205042932
          ],
          [
            -119.5911256021716,
            37.73512094743285
          ],
          [
            -119.59100041415913,
            37.73519090644835
          ],
          [
            -119.59092024115151,
            37.73523894345861
          ],
          [
            -119.59087934115169,
            37.7352993374672
          ],
          [
            -119.59087854015722,
            37.73534906147193
          ],
          [
            -119.59085190417078,
            37.73550706648863
          ],
          [
            -119.59077082514197,
            37.735370031481644
          ],
          [
            -119.59072192413282,
            37.7353600894842
          ],
          [
            -119.59075143116605,
            37.735609535505446
          ],
          [
            -119.59072008616273,
            37.73562564850923
          ],
          [
            -119.59061040512194,
            37.73542423849825
          ],
          [
            -119.59063198215057,
            37.73564521351739
          ],
          [
            -119.59056300415413,
            37.73577563453454
          ],
          [
            -119.5905158651556,
            37.735855996545446
          ],
          [
            -119.59045363415062,
            37.73590143355415
          ],
          [
            -119.59034034413814,
            37.735954605567244
          ],
          [
            -119.59012751511051,
            37.73601767758847
          ],
          [
            -119.59020511411389,
            37.73593554357518
          ],
          [
            -119.59025643312084,
            37.73592344657034
          ],
          [
            -119.59031555512563,
            37.735880232562096
          ],
          [
            -119.59036015512511,
            37.73581191955245
          ],
          [
            -119.59036015811992,
            37.73576593754818
          ],
          [
            -119.59030021109571,
            37.735639068540614
          ],
          [
            -119.59030810309085,
            37.73558530653496
          ],
          [
            -119.5902499760742,
            37.73552241953328
          ],
          [
            -119.59019847205491,
            37.735426686527994
          ],
          [
            -119.59016304904148,
            37.73535954052424
          ],
          [
            -119.59013757003186,
            37.73531124152154
          ],
          [
            -119.59010987003956,
            37.73541905953363
          ],
          [
            -119.590108086053,
            37.735539949545085
          ],
          [
            -119.59009902606273,
            37.735638203554956
          ],
          [
            -119.59005887506277,
            37.73569611956327
          ],
          [
            -119.59002680206275,
            37.73574238656986
          ],
          [
            -119.58991379305269,
            37.7358163515849
          ],
          [
            -119.58976191703296,
            37.73586102760001
          ],
          [
            -119.5896342400195,
            37.73592606161524
          ],
          [
            -119.5895510510094,
            37.735956534624044
          ],
          [
            -119.58944570199809,
            37.73600884763653
          ],
          [
            -119.58943296801218,
            37.736150832650715
          ],
          [
            -119.58945067202306,
            37.73622095465601
          ],
          [
            -119.5894925230352,
            37.73626775265743
          ],
          [
            -119.58949964104143,
            37.736312424661115
          ],
          [
            -119.58948803705152,
            37.73641734467172
          ],
          [
            -119.58945002904798,
            37.73644131567672
          ],
          [
            -119.58930322403128,
            37.736505319693265
          ],
          [
            -119.58920203801765,
            37.73653049970285
          ],
          [
            -119.58912318801079,
            37.7365838087135
          ],
          [
            -119.58902249800906,
            37.73671292773283
          ],
          [
            -119.5890048080209,
            37.7368422197462
          ],
          [
            -119.58901581502684,
            37.73687943674889
          ],
          [
            -119.58906699003991,
            37.7369204947491
          ],
          [
            -119.58910001904833,
            37.73694699574919
          ],
          [
            -119.58901539303324,
            37.7369358117542
          ],
          [
            -119.58895447002038,
            37.736910531756216
          ],
          [
            -119.58893757601281,
            37.73686841975347
          ],
          [
            -119.5889432040044,
            37.73678628274538
          ],
          [
            -119.58891748199215,
            37.73671517174055
          ],
          [
            -119.58891673298166,
            37.73662380773209
          ],
          [
            -119.58893537797758,
            37.736561700724906
          ],
          [
            -119.58898113397596,
            37.73648136971411
          ],
          [
            -119.58907444298332,
            37.73641211270092
          ],
          [
            -119.5890843819812,
            37.73637884269707
          ],
          [
            -119.58905784494908,
            37.73613483967614
          ],
          [
            -119.58897749691894,
            37.73598554266791
          ],
          [
            -119.58897323990811,
            37.73589652065989
          ],
          [
            -119.58901298490855,
            37.735842763652
          ],
          [
            -119.58908831091316,
            37.73577500364022
          ],
          [
            -119.58912974891479,
            37.73573002363304
          ],
          [
            -119.5892004939173,
            37.73565024562051
          ],
          [
            -119.58926399592212,
            37.735601474611364
          ],
          [
            -119.5893280739289,
            37.73556921760376
          ],
          [
            -119.58934998892708,
            37.73552136059773
          ],
          [
            -119.58937614092612,
            37.73547561459157
          ],
          [
            -119.58936497891956,
            37.73543399458847
          ],
          [
            -119.5893060199167,
            37.73549368259825
          ],
          [
            -119.58924794691237,
            37.735539027606656
          ],
          [
            -119.58916826490383,
            37.73557822961609
          ],
          [
            -119.58894789188015,
            37.73568664564203
          ],
          [
            -119.58896646087585,
            37.7356223366347
          ],
          [
            -119.58904609888165,
            37.735558889623036
          ],
          [
            -119.5891771408961,
            37.73549761560788
          ],
          [
            -119.58918673489276,
            37.73545443760315
          ],
          [
            -119.58899512086994,
            37.73552916062391
          ],
          [
            -119.58888544586083,
            37.73560648863899
          ],
          [
            -119.58866537383558,
            37.73570056666362
          ],
          [
            -119.5885609748264,
            37.7357700666776
          ],
          [
            -119.58853666982914,
            37.73582899268489
          ],
          [
            -119.5885200568401,
            37.73594944669736
          ],
          [
            -119.58852152685954,
            37.73611785571301
          ],
          [
            -119.58854993487914,
            37.73624956472332
          ],
          [
            -119.58840932884097,
            37.73611603872088
          ],
          [
            -119.58832781179703,
            37.73584680270151
          ],
          [
            -119.58830331979462,
            37.735860561704555
          ],
          [
            -119.58828542579951,
            37.7359292317123
          ],
          [
            -119.58828080581252,
            37.736050555723956
          ],
          [
            -119.58823689082051,
            37.73618372973963
          ],
          [
            -119.58820092581499,
            37.736186722742424
          ],
          [
            -119.58818585879051,
            37.7359931477254
          ],
          [
            -119.58813685377197,
            37.73590057672026
          ],
          [
            -119.588136436766,
            37.735848804715445
          ],
          [
            -119.58820160076745,
            37.735768046703186
          ],
          [
            -119.58820715076386,
            37.7357282626991
          ],
          [
            -119.58820200675072,
            37.735620404689314
          ],
          [
            -119.5881855367396,
            37.73554584868351
          ],
          [
            -119.5881668307298,
            37.735486766679344
          ],
          [
            -119.58818358672835,
            37.73545004067469
          ],
          [
            -119.58830026374336,
            37.73541442466299
          ],
          [
            -119.5883796007436,
            37.73530250764679
          ],
          [
            -119.58829634573445,
            37.73534179565648
          ],
          [
            -119.58822995572883,
            37.73538732466549
          ],
          [
            -119.58812598371657,
            37.735429271676885
          ],
          [
            -119.5880772707126,
            37.73546449568365
          ],
          [
            -119.58811941473482,
            37.73559908369327
          ],
          [
            -119.58810665874093,
            37.73567097670091
          ],
          [
            -119.58807816173832,
            37.735689230704665
          ],
          [
            -119.58805286473314,
            37.73567987070557
          ],
          [
            -119.58804921672514,
            37.73561494769978
          ],
          [
            -119.58799517170289,
            37.73549714869261
          ],
          [
            -119.5879887506945,
            37.735432286687
          ],
          [
            -119.58806924369416,
            37.735313733670125
          ],
          [
            -119.58799411468573,
            37.73534733467865
          ],
          [
            -119.58793834868477,
            37.735419070689375
          ],
          [
            -119.58791874368546,
            37.73545365569398
          ],
          [
            -119.58792041970028,
            37.73558142070585
          ],
          [
            -119.58787226170833,
            37.73572100172242
          ],
          [
            -119.58784959070206,
            37.735698659721926
          ],
          [
            -119.58784067668505,
            37.73556223970979
          ],
          [
            -119.58781884867815,
            37.73553297170862
          ],
          [
            -119.5877925256921,
            37.73569330272549
          ],
          [
            -119.58778473869711,
            37.73574856073127
          ],
          [
            -119.58774754169188,
            37.735755987734656
          ],
          [
            -119.5877359116611,
            37.735501741711666
          ],
          [
            -119.58771088365681,
            37.73550008871327
          ],
          [
            -119.58764045767357,
            37.73574842474161
          ],
          [
            -119.58758016968429,
            37.73592933176286
          ],
          [
            -119.58750783868543,
            37.73604329877872
          ],
          [
            -119.58750482066597,
            37.73587700276338
          ],
          [
            -119.58747072764426,
            37.73573452475249
          ],
          [
            -119.58741113964827,
            37.7358559237681
          ],
          [
            -119.58738239465849,
            37.7359865597824
          ],
          [
            -119.58735008365637,
            37.73601481278741
          ],
          [
            -119.58729887064838,
            37.73601814179136
          ],
          [
            -119.5872210176306,
            37.73597357879277
          ],
          [
            -119.58711616361538,
            37.73599020280186
          ],
          [
            -119.58708991760555,
            37.73594138979917
          ],
          [
            -119.58704702559122,
            37.73587714179625
          ],
          [
            -119.58693055756333,
            37.73579927179725
          ],
          [
            -119.58690679055157,
            37.73572997479249
          ],
          [
            -119.58689516754183,
            37.73566100978688
          ],
          [
            -119.58692147653633,
            37.735575112776935
          ],
          [
            -119.58692725253006,
            37.73551152677054
          ],
          [
            -119.58692837752413,
            37.73545778076544
          ],
          [
            -119.58691444551711,
            37.73541622076255
          ],
          [
            -119.5868992035102,
            37.73537689275994
          ],
          [
            -119.58691253550604,
            37.735321513753796
          ],
          [
            -119.58691659149736,
            37.73523879374579
          ],
          [
            -119.5868898764872,
            37.73518870074299
          ],
          [
            -119.58684478947762,
            37.73516875774436
          ],
          [
            -119.58682816147044,
            37.735129459741884
          ],
          [
            -119.58682020146125,
            37.73506022473596
          ],
          [
            -119.58680650645054,
            37.734985607729946
          ],
          [
            -119.58672788843009,
            37.73491902572936
          ],
          [
            -119.58662753941671,
            37.73494546773902
          ],
          [
            -119.58650953439515,
            37.73492521274561
          ],
          [
            -119.5864484193824,
            37.73490092474769
          ],
          [
            -119.58637564736843,
            37.734882690751206
          ],
          [
            -119.58629293035554,
            37.734888031757606
          ],
          [
            -119.58618124633789,
            37.73489330476611
          ],
          [
            -119.58614375933402,
            37.734913165770664
          ],
          [
            -119.58610040733029,
            37.734943027776595
          ],
          [
            -119.58607676833043,
            37.734978096781546
          ],
          [
            -119.586052879332,
            37.735026068787754
          ],
          [
            -119.5860461403385,
            37.73509299779453
          ],
          [
            -119.58600609133451,
            37.735115735799525
          ],
          [
            -119.58599406833096,
            37.73510189679912
          ],
          [
            -119.58597834131473,
            37.73498166778897
          ],
          [
            -119.58600564030687,
            37.734873185776806
          ],
          [
            -119.58609400231128,
            37.734784516762204
          ],
          [
            -119.5859921692984,
            37.73481777777261
          ],
          [
            -119.58592734829352,
            37.734868558782
          ],
          [
            -119.58588303029236,
            37.73492170979018
          ],
          [
            -119.58577614928755,
            37.73503265280823
          ],
          [
            -119.58572672129569,
            37.735175456825154
          ],
          [
            -119.5856124392836,
            37.7352336688388
          ],
          [
            -119.58563977227007,
            37.73507512382202
          ],
          [
            -119.58564833426458,
            37.73501500081575
          ],
          [
            -119.58563700725769,
            37.73497012281238
          ],
          [
            -119.58565923925852,
            37.73494566080848
          ],
          [
            -119.58566136625424,
            37.734904716804465
          ],
          [
            -119.58568555325019,
            37.734834379796176
          ],
          [
            -119.58572299924806,
            37.7347623417867
          ],
          [
            -119.58582526125376,
            37.73466490577026
          ],
          [
            -119.58570773023926,
            37.734706267782556
          ],
          [
            -119.58561510823186,
            37.73477458179564
          ],
          [
            -119.5854213982212,
            37.73495920882677
          ],
          [
            -119.58544106321204,
            37.734850322815205
          ],
          [
            -119.5854631282094,
            37.73479554480849
          ],
          [
            -119.58549788820683,
            37.73472286079917
          ],
          [
            -119.58555315120786,
            37.734652545788585
          ],
          [
            -119.58563721421093,
            37.734558583773754
          ],
          [
            -119.58586017023777,
            37.734474638749944
          ],
          [
            -119.58601902225999,
            37.73444136373541
          ],
          [
            -119.58614207528164,
            37.73445514672786
          ],
          [
            -119.58641818732853,
            37.73447080870954
          ],
          [
            -119.5865183143455,
            37.73447623370291
          ],
          [
            -119.58660328535623,
            37.734448013694106
          ],
          [
            -119.58665713837026,
            37.73449420669459
          ],
          [
            -119.58669697237829,
            37.734507566693004
          ],
          [
            -119.58677587039023,
            37.73449937868659
          ],
          [
            -119.58701656642127,
            37.73442663266253
          ],
          [
            -119.58720457544054,
            37.734325916639584
          ],
          [
            -119.5872242084377,
            37.73427242363317
          ],
          [
            -119.58722586341908,
            37.73410626561747
          ],
          [
            -119.58723416839665,
            37.73389712859726
          ],
          [
            -119.58726456238979,
            37.73379289558532
          ],
          [
            -119.58731551238442,
            37.73367251757042
          ],
          [
            -119.58731916636464,
            37.73349361155336
          ],
          [
            -119.5873309533462,
            37.73331438553572
          ],
          [
            -119.58733730633624,
            37.733217778526225
          ],
          [
            -119.58725448932849,
            37.733268349536885
          ],
          [
            -119.5870702553191,
            37.733450631567194
          ],
          [
            -119.58681252529797,
            37.73363514460298
          ],
          [
            -119.58655641027943,
            37.733840083640516
          ],
          [
            -119.58649215727483,
            37.73389203465003
          ],
          [
            -119.58645855626784,
            37.73387898365124
          ],
          [
            -119.58647609024763,
            37.73367562763087
          ],
          [
            -119.58649448424156,
            37.73359614862215
          ],
          [
            -119.58650110123108,
            37.733494384612115
          ],
          [
            -119.5866626752049,
            37.73303212555719
          ],
          [
            -119.58667106319241,
            37.73291034954522
          ],
          [
            -119.58671064418382,
            37.73277785852992
          ],
          [
            -119.58670540417104,
            37.73267267652047
          ],
          [
            -119.586637624174,
            37.73279633353695
          ],
          [
            -119.58649586916384,
            37.732910434557745
          ],
          [
            -119.58638886915774,
            37.73301056057481
          ],
          [
            -119.5862437831484,
            37.73313739459712
          ],
          [
            -119.5860201741338,
            37.733330031631205
          ],
          [
            -119.58585101112692,
            37.73351282866043
          ],
          [
            -119.58582381612355,
            37.73352207166327
          ],
          [
            -119.58581596911972,
            37.733499780661745
          ],
          [
            -119.58597711011173,
            37.7331980266219
          ],
          [
            -119.58604853210869,
            37.733068300604614
          ],
          [
            -119.58609335410765,
            37.73299468459455
          ],
          [
            -119.58611253510185,
            37.73291634358583
          ],
          [
            -119.58614352809478,
            37.73280911357354
          ],
          [
            -119.58615488708774,
            37.732730994565436
          ],
          [
            -119.58619051508576,
            37.73266267155642
          ],
          [
            -119.58616651008076,
            37.7326531705573
          ],
          [
            -119.58608583807515,
            37.73271956256931
          ],
          [
            -119.58598616806997,
            37.732817330585604
          ],
          [
            -119.58585251606225,
            37.73294185660683
          ],
          [
            -119.58567989104891,
            37.73307275563148
          ],
          [
            -119.58534097602303,
            37.73333190368006
          ],
          [
            -119.58521872601617,
            37.733447404699696
          ],
          [
            -119.58512285900704,
            37.733504664711944
          ],
          [
            -119.58501538599415,
            37.7335458817235
          ],
          [
            -119.5851338719976,
            37.733405643701836
          ],
          [
            -119.58518982799481,
            37.73330092468802
          ],
          [
            -119.58524581698885,
            37.73316812467156
          ],
          [
            -119.58535065098876,
            37.73301660264983
          ],
          [
            -119.58541536098876,
            37.73292349763649
          ],
          [
            -119.58546143498798,
            37.73285031762632
          ],
          [
            -119.5854865109829,
            37.73276973261699
          ],
          [
            -119.58552549397534,
            37.732647184602676
          ],
          [
            -119.58548436497065,
            37.73266517760734
          ],
          [
            -119.58541196696748,
            37.73274118361964
          ],
          [
            -119.5853232819623,
            37.7328233566337
          ],
          [
            -119.5851660719437,
            37.732885600650796
          ],
          [
            -119.58508675894029,
            37.732969349664344
          ],
          [
            -119.5848002409124,
            37.73313618470052
          ],
          [
            -119.5845177368812,
            37.73326774773309
          ],
          [
            -119.58434123385945,
            37.733329752751565
          ],
          [
            -119.58422407085271,
            37.733439143770234
          ],
          [
            -119.58417600684767,
            37.73346401577601
          ],
          [
            -119.58413938384065,
            37.73345479077777
          ],
          [
            -119.58414305383637,
            37.73341166477345
          ],
          [
            -119.58433075184224,
            37.733193617739566
          ],
          [
            -119.58443635485013,
            37.73311121972426
          ],
          [
            -119.58452826585395,
            37.7330129877085
          ],
          [
            -119.58467313086577,
            37.73290872368831
          ],
          [
            -119.58480508086569,
            37.73271814966102
          ],
          [
            -119.58489084187006,
            37.73263358464691
          ],
          [
            -119.58496410086977,
            37.73252537663155
          ],
          [
            -119.5849836098645,
            37.73245098962315
          ],
          [
            -119.5848685928567,
            37.73254752864047
          ],
          [
            -119.58476913684552,
            37.73259233165179
          ],
          [
            -119.58472182184195,
            37.732629007658595
          ],
          [
            -119.58464158883594,
            37.73269165167023
          ],
          [
            -119.58440486980771,
            37.73278333869582
          ],
          [
            -119.5842844317916,
            37.73281481270736
          ],
          [
            -119.5843050737902,
            37.73277299370198
          ],
          [
            -119.58449670480591,
            37.732635727675394
          ],
          [
            -119.58455762680771,
            37.73256347566427
          ],
          [
            -119.58459391780646,
            37.73250090665579
          ],
          [
            -119.58463121080547,
            37.73243866564726
          ],
          [
            -119.58463092379422,
            37.73233964263803
          ],
          [
            -119.5845715727933,
            37.73241712864956
          ],
          [
            -119.58450604278866,
            37.7324702426592
          ],
          [
            -119.58426744376129,
            37.73257247368591
          ],
          [
            -119.5842346257548,
            37.73256269168736
          ],
          [
            -119.58431449776269,
            37.73251707167731
          ],
          [
            -119.5844045477653,
            37.732411046660935
          ],
          [
            -119.58442585276109,
            37.732342888653044
          ],
          [
            -119.58440940174589,
            37.73223293764391
          ],
          [
            -119.58439558272939,
            37.73210788663319
          ],
          [
            -119.58434767673518,
            37.73222802464788
          ],
          [
            -119.5843202797392,
            37.732302584656814
          ],
          [
            -119.58428408573883,
            37.73235101166396
          ],
          [
            -119.5842184087296,
            37.732364323669884
          ],
          [
            -119.58413097171376,
            37.73235061067487
          ],
          [
            -119.58404711069322,
            37.7322904976753
          ],
          [
            -119.58384501565062,
            37.732206458681915
          ],
          [
            -119.58366312161965,
            37.73219540569388
          ],
          [
            -119.58353119859929,
            37.73220610770434
          ],
          [
            -119.58336740056328,
            37.73212447670844
          ],
          [
            -119.58327399154291,
            37.73207983971097
          ],
          [
            -119.58318509452707,
            37.73206816371627
          ],
          [
            -119.58304339050306,
            37.73206091472574
          ],
          [
            -119.58285163447083,
            37.73205274773875
          ],
          [
            -119.58276396845882,
            37.73207347274693
          ],
          [
            -119.58273872445993,
            37.73211915375304
          ],
          [
            -119.58273373646503,
            37.73217107875824
          ],
          [
            -119.58269450146295,
            37.73220912376461
          ],
          [
            -119.58261524345403,
            37.73224470777369
          ],
          [
            -119.58257755545362,
            37.73229567478116
          ],
          [
            -119.58248216844613,
            37.732366710794665
          ],
          [
            -119.58231529542026,
            37.732379143807776
          ],
          [
            -119.5821368243966,
            37.7324274398251
          ],
          [
            -119.5820395473819,
            37.73243783583304
          ],
          [
            -119.58196675536684,
            37.73241013783566
          ],
          [
            -119.58182945034183,
            37.73238728484334
          ],
          [
            -119.58165823831655,
            37.732411093857884
          ],
          [
            -119.58157766330828,
            37.73245422586768
          ],
          [
            -119.58153384030747,
            37.73251034187607
          ],
          [
            -119.58148319630457,
            37.73255737288413
          ],
          [
            -119.58142744629681,
            37.73256936988926
          ],
          [
            -119.58129212627594,
            37.732580441899984
          ],
          [
            -119.58115296825335,
            37.7325814989101
          ],
          [
            -119.58104893023577,
            37.7325766719171
          ],
          [
            -119.58093525020838,
            37.73249885791797
          ],
          [
            -119.58078263017872,
            37.73245735192501
          ],
          [
            -119.58054085013927,
            37.73245782094237
          ],
          [
            -119.58035809809768,
            37.73235480894582
          ],
          [
            -119.58018232305669,
            37.73224705194835
          ],
          [
            -119.57998620000616,
            37.73208482594717
          ],
          [
            -119.57986913197455,
            37.7319749769453
          ],
          [
            -119.579761659947,
            37.73188686594473
          ],
          [
            -119.57967289692155,
            37.73179080594211
          ],
          [
            -119.57954593288913,
            37.731688043941546
          ],
          [
            -119.57933203783755,
            37.731541951943214
          ],
          [
            -119.57915712879569,
            37.73142516194481
          ],
          [
            -119.57884629572165,
            37.73122088294795
          ],
          [
            -119.57867956467686,
            37.7310662179454
          ],
          [
            -119.57856843763669,
            37.73087264293524
          ],
          [
            -119.57836193957947,
            37.73066607893063
          ],
          [
            -119.57820886453993,
            37.73053828192968
          ],
          [
            -119.57798498049569,
            37.7304707819394
          ],
          [
            -119.57784749145814,
            37.73033809293681
          ],
          [
            -119.57769947441545,
            37.73017547993215
          ],
          [
            -119.57763577138817,
            37.73002728892284
          ],
          [
            -119.57750011435164,
            37.72990090892072
          ],
          [
            -119.57732834632058,
            37.72987451193057
          ],
          [
            -119.57722114329388,
            37.729793930930676
          ],
          [
            -119.5770067342405,
            37.729632768930955
          ],
          [
            -119.57680416319678,
            37.72953919593669
          ],
          [
            -119.57657209514484,
            37.729416113941774
          ],
          [
            -119.57632908309392,
            37.72931767095001
          ],
          [
            -119.57612953905306,
            37.729244861957476
          ],
          [
            -119.57595594501569,
            37.72916573196248
          ],
          [
            -119.57581028298111,
            37.72907091296407
          ],
          [
            -119.57563590694106,
            37.72896918296699
          ],
          [
            -119.57548415591661,
            37.728972500978216
          ],
          [
            -119.57532213588794,
            37.72895342698802
          ],
          [
            -119.57519805386545,
            37.72893352199506
          ],
          [
            -119.57501176183614,
            37.72894387200937
          ],
          [
            -119.57488804182371,
            37.72901224502467
          ],
          [
            -119.57479426382002,
            37.729114677041004
          ],
          [
            -119.57472608982798,
            37.72928308206169
          ],
          [
            -119.57462515282293,
            37.72938329207829
          ],
          [
            -119.57453030680765,
            37.729385365085314
          ],
          [
            -119.57435191176747,
            37.72928828008901
          ],
          [
            -119.57423442774254,
            37.72923831109271
          ],
          [
            -119.57417138472887,
            37.729208496094415
          ],
          [
            -119.57418127672226,
            37.729136044086935
          ],
          [
            -119.57417647071378,
            37.72906842808092
          ],
          [
            -119.57404992269025,
            37.7290436940877
          ],
          [
            -119.57395381366365,
            37.728947439085566
          ],
          [
            -119.57384597263626,
            37.728861987085274
          ],
          [
            -119.57374199161796,
            37.72885042409166
          ]
        ],
        "type": "LineString"
      },
      "id": "nps-trail-15283",
      "properties": {
        "feature_id": "nps-trail-15283",
        "nps_feature_id": "{8A182D23-4D4A-4EFA-86C7-1802A72BBC9F}",
        "nps_object_id": 15283,
        "route_id": "route-four-mile-trail",
        "sequence": 2,
        "source_id": "source-nps-public-trails-feature-service",
        "surface": "Native",
        "trail_name": "Four Mile Trail",
        "use": "Hiker/Pedestrian|Pack and Saddle"
      },
      "type": "Feature"
    },
    {
      "geometry": {
        "coordinates": [
          [
            -119.60325102702224,
            37.74276863627916
          ],
          [
            -119.60326707202941,
            37.7428080782817
          ],
          [
            -119.60329831904475,
            37.7428981362879
          ],
          [
            -119.60326355404572,
            37.74295673329584
          ],
          [
            -119.60327422805089,
            37.7429868262979
          ],
          [
            -119.60337889907012,
            37.74300585329218
          ],
          [
            -119.60345147408485,
            37.743030520289274
          ],
          [
            -119.60345040009037,
            37.74308053229401
          ],
          [
            -119.60344497709583,
            37.743136671299695
          ],
          [
            -119.60339301209055,
            37.743164865306056
          ],
          [
            -119.60327435307207,
            37.743172735315284
          ],
          [
            -119.60317632505671,
            37.743178285322855
          ],
          [
            -119.60315070705757,
            37.743222814328846
          ],
          [
            -119.60314090606202,
            37.74327609733454
          ],
          [
            -119.60321315707833,
            37.74331535933306
          ],
          [
            -119.60342652811518,
            37.74333311131937
          ],
          [
            -119.60360329114738,
            37.743362263309436
          ],
          [
            -119.60360456515616,
            37.74343800931643
          ],
          [
            -119.60355811215423,
            37.74348736932438
          ],
          [
            -119.60341722713338,
            37.74350647233628
          ],
          [
            -119.60339686413242,
            37.74352706933966
          ],
          [
            -119.60344660414216,
            37.74354160033742
          ],
          [
            -119.60353288715731,
            37.74355075133211
          ],
          [
            -119.60354100816242,
            37.74358396333466
          ],
          [
            -119.60347104115658,
            37.743632895344234
          ],
          [
            -119.6036601361922,
            37.74367462833461
          ],
          [
            -119.60366296120219,
            37.74375857434223
          ],
          [
            -119.6035843331983,
            37.74383733335526
          ],
          [
            -119.60367025621422,
            37.74385354435061
          ],
          [
            -119.60374095822428,
            37.74384083634436
          ],
          [
            -119.60376064322914,
            37.74385480734427
          ],
          [
            -119.60367094322143,
            37.74391611935644
          ],
          [
            -119.6037177692291,
            37.7439163993531
          ],
          [
            -119.60378019423746,
            37.74390017934708
          ],
          [
            -119.60383322424504,
            37.74389060234237
          ],
          [
            -119.6038334462487,
            37.743922441345354
          ],
          [
            -119.60374518823761,
            37.74395189635445
          ],
          [
            -119.60373728023863,
            37.74397188835687
          ],
          [
            -119.6038893252628,
            37.74396635634545
          ],
          [
            -119.6038213652576,
            37.74401774135513
          ],
          [
            -119.60391016927422,
            37.744036493350535
          ],
          [
            -119.60397698028389,
            37.74402557934471
          ],
          [
            -119.60402601428706,
            37.74398346733722
          ],
          [
            -119.60407188230714,
            37.74409387234431
          ],
          [
            -119.60400132430277,
            37.74415658135519
          ],
          [
            -119.60414810532629,
            37.74415234034428
          ],
          [
            -119.6042324263329,
            37.74408986633236
          ],
          [
            -119.60423165433933,
            37.74414699533779
          ],
          [
            -119.60421908734628,
            37.7442262203461
          ],
          [
            -119.60428497135257,
            37.74418701633773
          ],
          [
            -119.60432427135923,
            37.74418890033507
          ],
          [
            -119.60428505035865,
            37.74424030334267
          ],
          [
            -119.60416907034904,
            37.74432245435871
          ],
          [
            -119.60431645437137,
            37.74430717034666
          ],
          [
            -119.60423671136422,
            37.74435922835732
          ],
          [
            -119.60421921636535,
            37.744393652361765
          ],
          [
            -119.60426429937266,
            37.74439334235851
          ],
          [
            -119.60430141337578,
            37.744367429353396
          ],
          [
            -119.60434875138327,
            37.74436524334984
          ],
          [
            -119.60442690939865,
            37.744388369346346
          ],
          [
            -119.60450953940597,
            37.74433392733532
          ],
          [
            -119.60452383940243,
            37.744282594329505
          ],
          [
            -119.60455783840459,
            37.74425269732426
          ],
          [
            -119.60459909541929,
            37.74432278132789
          ],
          [
            -119.60459316942485,
            37.744380025333676
          ],
          [
            -119.60460458543088,
            37.74441690733626
          ],
          [
            -119.6045557394303,
            37.74448150634585
          ],
          [
            -119.60457881943832,
            37.744518629347645
          ],
          [
            -119.60463947444106,
            37.74445617033746
          ],
          [
            -119.60470215344513,
            37.744401976327914
          ],
          [
            -119.60474667844483,
            37.74433508431845
          ],
          [
            -119.6047555724517,
            37.744382540322256
          ],
          [
            -119.60472997845685,
            37.7444650503318
          ],
          [
            -119.60472828746492,
            37.744538288338795
          ],
          [
            -119.60476519047887,
            37.74460771934262
          ],
          [
            -119.60476192348686,
            37.744682831349884
          ],
          [
            -119.60479456949028,
            37.744665644345964
          ],
          [
            -119.60484171849045,
            37.74459939833637
          ],
          [
            -119.60494946749515,
            37.74448617631805
          ],
          [
            -119.60495307450887,
            37.74460171532858
          ],
          [
            -119.60493621552139,
            37.744736275342376
          ],
          [
            -119.60490734451997,
            37.74476496034714
          ],
          [
            -119.6048773145197,
            37.74480556635309
          ],
          [
            -119.60492553552602,
            37.7447921853484
          ],
          [
            -119.604988078533,
            37.74476378634122
          ],
          [
            -119.6050231315325,
            37.744708546333534
          ],
          [
            -119.60502111453775,
            37.7447580033383
          ],
          [
            -119.60499922553947,
            37.74480442834427
          ],
          [
            -119.60495184953862,
            37.74486484135329
          ],
          [
            -119.60503604855026,
            37.74484609534547
          ],
          [
            -119.60509179555437,
            37.74480268233746
          ],
          [
            -119.60512729155352,
            37.74474371832938
          ],
          [
            -119.60516569055787,
            37.74472688932505
          ],
          [
            -119.60518203256807,
            37.744793488330075
          ],
          [
            -119.60514344556833,
            37.74485095533825
          ],
          [
            -119.60512782857076,
            37.74489457734342
          ],
          [
            -119.60520244257965,
            37.74486610733545
          ],
          [
            -119.60527795458442,
            37.74479943832375
          ],
          [
            -119.6052816265922,
            37.74486241032941
          ],
          [
            -119.60526150959745,
            37.74493775633786
          ],
          [
            -119.60532474760434,
            37.744907477330514
          ],
          [
            -119.60535856760531,
            37.74486691832427
          ],
          [
            -119.6054038106047,
            37.74479667131447
          ],
          [
            -119.60544842660933,
            37.744773713309115
          ],
          [
            -119.60542575261209,
            37.74483043731604
          ],
          [
            -119.60546893563871,
            37.74500222732905
          ],
          [
            -119.6055122846424,
            37.74497223932313
          ],
          [
            -119.60552684863706,
            37.7449049313158
          ],
          [
            -119.605550927639,
            37.744887143312376
          ],
          [
            -119.6055933446421,
            37.74485386430624
          ],
          [
            -119.60565698765114,
            37.74484165630054
          ],
          [
            -119.60562667865833,
            37.744948226312644
          ],
          [
            -119.60566271067488,
            37.745041994318825
          ],
          [
            -119.60566567267846,
            37.74506900932116
          ],
          [
            -119.60565046867943,
            37.7450994313251
          ],
          [
            -119.60570597368738,
            37.745090063320234
          ],
          [
            -119.60573437568375,
            37.74501740131141
          ],
          [
            -119.6058060096887,
            37.744957594300665
          ],
          [
            -119.60586965969573,
            37.74492848029339
          ],
          [
            -119.60590842070323,
            37.74493849329155
          ],
          [
            -119.60589436170808,
            37.74500125529841
          ],
          [
            -119.60593517871371,
            37.74499207429463
          ],
          [
            -119.6059886257186,
            37.74495854828768
          ],
          [
            -119.60600549572264,
            37.74496958928748
          ],
          [
            -119.6059590687237,
            37.74504586629796
          ],
          [
            -119.60598145173437,
            37.74510698230207
          ],
          [
            -119.60597077375247,
            37.74528169531916
          ],
          [
            -119.60607883975621,
            37.74515960330002
          ],
          [
            -119.60616264076494,
            37.74511576428989
          ],
          [
            -119.60619097576836,
            37.74510554028691
          ],
          [
            -119.6061328757747,
            37.74524450430404
          ],
          [
            -119.6062772927911,
            37.74518119228776
          ],
          [
            -119.606229686803,
            37.74535452930743
          ],
          [
            -119.60638476081604,
            37.74524643528614
          ],
          [
            -119.60643121282124,
            37.74522531928086
          ],
          [
            -119.60639423782247,
            37.7452890072895
          ],
          [
            -119.60636599182365,
            37.745340170296274
          ],
          [
            -119.6063537728256,
            37.745374593300404
          ],
          [
            -119.60636240783067,
            37.74540702530279
          ],
          [
            -119.60639346784255,
            37.745466610306174
          ],
          [
            -119.60637392185029,
            37.74556273431654
          ],
          [
            -119.606377689864,
            37.74567796632704
          ],
          [
            -119.60635085786603,
            37.745733865334216
          ],
          [
            -119.606280653857,
            37.745755655341306
          ],
          [
            -119.60621683384667,
            37.74575633034596
          ],
          [
            -119.60617934084469,
            37.74579269135202
          ],
          [
            -119.60617617184835,
            37.745829546355694
          ],
          [
            -119.60613694384745,
            37.745877676363015
          ],
          [
            -119.60608497384055,
            37.74589179136806
          ],
          [
            -119.6060223388302,
            37.745891057372525
          ],
          [
            -119.60597345482452,
            37.745910755377885
          ],
          [
            -119.60592799082214,
            37.74595553238531
          ],
          [
            -119.60583137580876,
            37.745976252394186
          ],
          [
            -119.60570493479024,
            37.74599500540502
          ],
          [
            -119.60561841277968,
            37.74602647741417
          ],
          [
            -119.60548885775302,
            37.74597814141894
          ],
          [
            -119.60542136274303,
            37.74598719642465
          ],
          [
            -119.60533349773516,
            37.74604425743629
          ],
          [
            -119.60521481871841,
            37.746067096446936
          ],
          [
            -119.60514739071344,
            37.746120507456794
          ],
          [
            -119.60502838669774,
            37.74615321646838
          ],
          [
            -119.60495933968602,
            37.74614938647296
          ],
          [
            -119.60488143867478,
            37.74616232647977
          ],
          [
            -119.60487165967682,
            37.746194084483434
          ],
          [
            -119.60494308468867,
            37.746196055478514
          ],
          [
            -119.60493292569046,
            37.74622628148205
          ],
          [
            -119.60485361968057,
            37.74625266949024
          ],
          [
            -119.60472507965841,
            37.74624257449853
          ],
          [
            -119.6046154876397,
            37.746235556505724
          ],
          [
            -119.60453390462489,
            37.74622251051036
          ],
          [
            -119.60440606560172,
            37.746202300517645
          ],
          [
            -119.60433509459087,
            37.74620907752339
          ],
          [
            -119.60429614359032,
            37.74626010953095
          ],
          [
            -119.60418246557705,
            37.74630672754347
          ],
          [
            -119.604071287557,
            37.746290042549894
          ],
          [
            -119.60399974153997,
            37.74624268355059
          ],
          [
            -119.60392436052125,
            37.74618685855078
          ],
          [
            -119.6038813745114,
            37.746161591551484
          ],
          [
            -119.60383641850386,
            37.74616017055459
          ],
          [
            -119.60381211650412,
            37.746197214559814
          ],
          [
            -119.6038478825163,
            37.74625296756243
          ],
          [
            -119.6038147895132,
            37.7462732365667
          ],
          [
            -119.60385668252515,
            37.74631815256788
          ],
          [
            -119.60384149252704,
            37.7463565215726
          ],
          [
            -119.60374027350146,
            37.746276917572416
          ],
          [
            -119.60375207652235,
            37.74644352458713
          ],
          [
            -119.60361226948663,
            37.746329999586585
          ],
          [
            -119.60354243147145,
            37.74629683058849
          ],
          [
            -119.60346575645781,
            37.74628706759306
          ],
          [
            -119.6033870864444,
            37.74628247559828
          ],
          [
            -119.60354037548854,
            37.74645029160297
          ],
          [
            -119.60337222645428,
            37.746390656609435
          ],
          [
            -119.60328481343619,
            37.74635720561261
          ],
          [
            -119.60321269142233,
            37.74633875161607
          ],
          [
            -119.60314080041059,
            37.74633889162125
          ],
          [
            -119.60308271940345,
            37.74635928662729
          ],
          [
            -119.60306014940203,
            37.7463790916308
          ],
          [
            -119.60320226643263,
            37.74644403062664
          ],
          [
            -119.60324723844471,
            37.746485848627316
          ],
          [
            -119.60303627940662,
            37.74645371963949
          ],
          [
            -119.60312601342544,
            37.74649062463649
          ],
          [
            -119.60319349343969,
            37.74651848963426
          ],
          [
            -119.60326992245639,
            37.74655567763227
          ],
          [
            -119.60325858145977,
            37.74660171563738
          ],
          [
            -119.6028365003841,
            37.746542856662145
          ],
          [
            -119.60278896637706,
            37.74654895166613
          ],
          [
            -119.60275354837573,
            37.74658828967237
          ],
          [
            -119.60275215338159,
            37.746641525677425
          ],
          [
            -119.6028401604014,
            37.7466893746756
          ],
          [
            -119.60297332842823,
            37.74673416667028
          ],
          [
            -119.60285672641177,
            37.746756790680756
          ],
          [
            -119.60280288541063,
            37.74682404469091
          ],
          [
            -119.60276395240987,
            37.74687321869826
          ],
          [
            -119.60270983940521,
            37.746910051705626
          ],
          [
            -119.60267427440813,
            37.74698650871531
          ],
          [
            -119.6026214644083,
            37.74706362472632
          ],
          [
            -119.602578460407,
            37.74711424773413
          ],
          [
            -119.60249661439961,
            37.74716688474494
          ],
          [
            -119.60229351838237,
            37.74730668277264
          ],
          [
            -119.60223101037683,
            37.747347797780954
          ],
          [
            -119.60217842337997,
            37.747450910794406
          ],
          [
            -119.60212680338132,
            37.74753644680607
          ],
          [
            -119.6021188883926,
            37.74764719581701
          ],
          [
            -119.6021060924138,
            37.74785156383707
          ],
          [
            -119.60213974544523,
            37.74807924685597
          ],
          [
            -119.6021294884502,
            37.74813813586221
          ],
          [
            -119.60213168646109,
            37.748230500870704
          ],
          [
            -119.60209046046207,
            37.748298346879984
          ],
          [
            -119.60197739245625,
            37.74840899289851
          ],
          [
            -119.60195930845612,
            37.74843424090216
          ],
          [
            -119.60195845246086,
            37.748477194906215
          ],
          [
            -119.60194313646171,
            37.74850628791006
          ],
          [
            -119.60191108545872,
            37.748525758914155
          ],
          [
            -119.60185566045037,
            37.74853225491878
          ],
          [
            -119.60178310244649,
            37.74860229893052
          ],
          [
            -119.60171055044341,
            37.748679434942964
          ],
          [
            -119.60159732143624,
            37.748778647960364
          ],
          [
            -119.6015323704368,
            37.74887684597423
          ],
          [
            -119.60153658042564,
            37.74877260596418
          ],
          [
            -119.60156710541928,
            37.748673264952686
          ],
          [
            -119.60152574941532,
            37.74869763895795
          ],
          [
            -119.60147345641086,
            37.74873371596502
          ],
          [
            -119.60143976241413,
            37.748810527974655
          ],
          [
            -119.60139561640972,
            37.74883516398012
          ],
          [
            -119.60136422041039,
            37.748886069987144
          ],
          [
            -119.60129835340378,
            37.748922688995314
          ],
          [
            -119.60121288939605,
            37.74897742900656
          ],
          [
            -119.6011487643873,
            37.74899265501262
          ],
          [
            -119.60107081038142,
            37.7490525060238
          ],
          [
            -119.60096359337867,
            37.74918228804365
          ],
          [
            -119.6008918533762,
            37.74926364405643
          ],
          [
            -119.60077995936638,
            37.74933790907136
          ],
          [
            -119.60055949634308,
            37.74944942609763
          ],
          [
            -119.60044567032331,
            37.749439413104845
          ],
          [
            -119.60034647431037,
            37.74946756111461
          ],
          [
            -119.60020144429427,
            37.74953416713127
          ],
          [
            -119.60007117928028,
            37.749598713146646
          ],
          [
            -119.60003036927696,
            37.74962784515231
          ],
          [
            -119.60000599427738,
            37.749666570157714
          ],
          [
            -119.59997310127676,
            37.74970799916391
          ],
          [
            -119.59984744926619,
            37.749795562181156
          ],
          [
            -119.59978072425692,
            37.74980995318727
          ],
          [
            -119.59972462525398,
            37.749864785196465
          ],
          [
            -119.59960948724309,
            37.74993429521119
          ],
          [
            -119.59953473923177,
            37.74994182621732
          ],
          [
            -119.59946759522342,
            37.7499652212243
          ],
          [
            -119.59937319221687,
            37.75004299423835
          ],
          [
            -119.59926152420653,
            37.75011211825282
          ],
          [
            -119.59916381519486,
            37.75015005926339
          ],
          [
            -119.5990220561755,
            37.75018326827672
          ],
          [
            -119.59879434214619,
            37.75025257029953
          ],
          [
            -119.59871267813898,
            37.75030645931045
          ],
          [
            -119.59866602513799,
            37.750364958319246
          ],
          [
            -119.59862980914212,
            37.75045281633005
          ],
          [
            -119.59864838415433,
            37.7505337323363
          ],
          [
            -119.59865441317292,
            37.750688211350315
          ],
          [
            -119.59869087919004,
            37.75078652535692
          ],
          [
            -119.59869193319506,
            37.75082906036086
          ],
          [
            -119.5985849661621,
            37.75069266235573
          ],
          [
            -119.59857985116635,
            37.75073752736029
          ],
          [
            -119.59859519017486,
            37.75079004636412
          ],
          [
            -119.59862059618531,
            37.75084534336748
          ],
          [
            -119.59864362519684,
            37.75091377437223
          ],
          [
            -119.59865122320646,
            37.75098712737856
          ],
          [
            -119.59871753222883,
            37.751088638383315
          ],
          [
            -119.59874015424043,
            37.751157925388156
          ],
          [
            -119.59875476525285,
            37.75124611539535
          ],
          [
            -119.59875777326478,
            37.75134639840451
          ],
          [
            -119.59877148827455,
            37.751412614409716
          ],
          [
            -119.5988172773182,
            37.75173048843621
          ],
          [
            -119.5988650393468,
            37.75191290344983
          ],
          [
            -119.59885842535031,
            37.751953419454104
          ],
          [
            -119.59884609635901,
            37.75204698246375
          ],
          [
            -119.59885365336751,
            37.75211123746921
          ],
          [
            -119.59889020038166,
            37.752183237473375
          ],
          [
            -119.5989563204021,
            37.752267625476534
          ],
          [
            -119.59897978741829,
            37.752376179484955
          ],
          [
            -119.59903629044254,
            37.75250823349326
          ],
          [
            -119.59905503647055,
            37.7527268125124
          ],
          [
            -119.59904983448355,
            37.752848764524174
          ],
          [
            -119.59908108251267,
            37.75305970354166
          ],
          [
            -119.5990504255175,
            37.75314589455197
          ],
          [
            -119.5990520625281,
            37.75323708956037
          ],
          [
            -119.59911055654835,
            37.753330655564895
          ],
          [
            -119.59916157057309,
            37.75347463557473
          ],
          [
            -119.5991677295807,
            37.75353257157973
          ],
          [
            -119.599116731576,
            37.753564412586314
          ],
          [
            -119.59908663257873,
            37.753631951594855
          ],
          [
            -119.59902780857415,
            37.753675940603195
          ],
          [
            -119.59916642859277,
            37.753640478589894
          ],
          [
            -119.59920384960246,
            37.75367169159012
          ],
          [
            -119.59914929260323,
            37.753756756602016
          ],
          [
            -119.59912168960179,
            37.75378395860655
          ],
          [
            -119.59910385960391,
            37.753828029611945
          ],
          [
            -119.59904472560004,
            37.75387904762099
          ],
          [
            -119.59898943159622,
            37.75392490562922
          ],
          [
            -119.59906784061033,
            37.75393629362467
          ],
          [
            -119.59911773361685,
            37.75392184461974
          ],
          [
            -119.5991669656242,
            37.75391569761561
          ],
          [
            -119.59923807363349,
            37.75389508760859
          ],
          [
            -119.59923607563705,
            37.75392951261193
          ],
          [
            -119.59920692063517,
            37.75395500361643
          ],
          [
            -119.59924253064428,
            37.75398347461656
          ],
          [
            -119.59927414764813,
            37.75397228161321
          ],
          [
            -119.59929563864561,
            37.753919578606734
          ],
          [
            -119.59928339263955,
            37.753883517604244
          ],
          [
            -119.59931169264289,
            37.753872558601174
          ],
          [
            -119.59935737664946,
            37.75386469159721
          ],
          [
            -119.59932626864878,
            37.75390313160299
          ],
          [
            -119.59935002065284,
            37.75390467560146
          ],
          [
            -119.59941194165908,
            37.75387075359385
          ],
          [
            -119.59943382367236,
            37.75395585760023
          ],
          [
            -119.59939591667045,
            37.753993442606436
          ],
          [
            -119.59939375067945,
            37.754075572614305
          ],
          [
            -119.59934492267296,
            37.75408894061906
          ],
          [
            -119.59933782767742,
            37.75413814062414
          ],
          [
            -119.59944367569548,
            37.75414474261721
          ],
          [
            -119.5995159457041,
            37.75411672160935
          ],
          [
            -119.5995675157085,
            37.75408130060239
          ],
          [
            -119.59963906971451,
            37.75403167159256
          ],
          [
            -119.59975462773136,
            37.75401353858258
          ],
          [
            -119.5997272567407,
            37.75413501859594
          ],
          [
            -119.59968377173685,
            37.754163786601744
          ],
          [
            -119.5996085097291,
            37.75420347261085
          ],
          [
            -119.59960478873532,
            37.75426347061672
          ],
          [
            -119.59958900573916,
            37.75431958162308
          ],
          [
            -119.5996405727465,
            37.75431042761853
          ],
          [
            -119.59968299474879,
            37.75426952061169
          ],
          [
            -119.59971667275401,
            37.75426746560908
          ],
          [
            -119.59972468676249,
            37.75433023661438
          ],
          [
            -119.59971877676622,
            37.754371141618634
          ],
          [
            -119.59969106676341,
            37.75438622362203
          ],
          [
            -119.59968776878247,
            37.7545584126384
          ],
          [
            -119.59973640679058,
            37.75455989463501
          ],
          [
            -119.59977450878917,
            37.754492624625996
          ],
          [
            -119.59984498379458,
            37.75443914561594
          ],
          [
            -119.59991964880489,
            37.754422698609034
          ],
          [
            -119.599894701808,
            37.754485417616664
          ],
          [
            -119.5999142148234,
            37.75459305762535
          ],
          [
            -119.5999107228287,
            37.75464483763049
          ],
          [
            -119.59997413085104,
            37.75474986063571
          ],
          [
            -119.59993969584936,
            37.75478410064144
          ],
          [
            -119.59993143885139,
            37.75481403364477
          ],
          [
            -119.59990024985038,
            37.75484997865042
          ],
          [
            -119.59990684285681,
            37.7548968626543
          ],
          [
            -119.59992764186721,
            37.75495824965857
          ],
          [
            -119.59997863488556,
            37.75504646366317
          ],
          [
            -119.60003284689786,
            37.755076705662084
          ],
          [
            -119.60004232989402,
            37.75502947565698
          ],
          [
            -119.60002811787922,
            37.75491965864772
          ],
          [
            -119.60015635789028,
            37.75483326363043
          ],
          [
            -119.60022460592792,
            37.755065155647216
          ],
          [
            -119.60027573492907,
            37.7550020976377
          ],
          [
            -119.60029537292397,
            37.75492958762951
          ],
          [
            -119.60032981392506,
            37.75488926262321
          ],
          [
            -119.60033774892248,
            37.754855711619506
          ],
          [
            -119.60035924692394,
            37.7548374966163
          ],
          [
            -119.60036751492146,
            37.75480362861252
          ],
          [
            -119.60040522792701,
            37.754798563609306
          ],
          [
            -119.6004340279298,
            37.75478199760568
          ],
          [
            -119.60045517192822,
            37.75473741260005
          ],
          [
            -119.60050667793497,
            37.75472329459501
          ],
          [
            -119.60055531493994,
            37.75469685758907
          ],
          [
            -119.60060575994076,
            37.75463149557929
          ],
          [
            -119.60065562794429,
            37.75459099557195
          ],
          [
            -119.60068808294335,
            37.75453635056449
          ],
          [
            -119.60073073194351,
            37.75447686255586
          ],
          [
            -119.60076642694811,
            37.754465727552244
          ],
          [
            -119.6007648119615,
            37.75458555156361
          ],
          [
            -119.6007934789974,
            37.7548598625872
          ],
          [
            -119.60087615800427,
            37.75480148957581
          ],
          [
            -119.60088949899902,
            37.754736380568765
          ],
          [
            -119.60096044400304,
            37.75466978355744
          ],
          [
            -119.60104190500583,
            37.75457744654294
          ],
          [
            -119.60106060901302,
            37.754613895545
          ],
          [
            -119.60104385501869,
            37.75468772655312
          ],
          [
            -119.6010508970318,
            37.75479277056246
          ],
          [
            -119.60108373003378,
            37.75476265655725
          ],
          [
            -119.60112590703395,
            37.75470373854871
          ],
          [
            -119.60117986303788,
            37.75466098354082
          ],
          [
            -119.60118614104309,
            37.754697671543816
          ],
          [
            -119.60117195704719,
            37.75475390155009
          ],
          [
            -119.60115416504975,
            37.75480192755585
          ],
          [
            -119.60121795705615,
            37.754766767548006
          ],
          [
            -119.60122896806197,
            37.75480235555055
          ],
          [
            -119.60122291406384,
            37.754827428553355
          ],
          [
            -119.60119696506223,
            37.7548501315573
          ],
          [
            -119.6012213520666,
            37.75485347955587
          ],
          [
            -119.6012530740706,
            37.75484341455267
          ],
          [
            -119.60128231607064,
            37.75480151754663
          ],
          [
            -119.60129367307428,
            37.754817587547336
          ],
          [
            -119.60128638207725,
            37.75485380655123
          ],
          [
            -119.60124271109069,
            37.755034633571285
          ],
          [
            -119.60137593810458,
            37.75496553155528
          ],
          [
            -119.60143773110832,
            37.7549096095456
          ],
          [
            -119.60144204110495,
            37.75487355954191
          ],
          [
            -119.60150435011143,
            37.75484132153441
          ],
          [
            -119.60151157612016,
            37.754907773540104
          ],
          [
            -119.60149700812502,
            37.754971107547085
          ],
          [
            -119.60146514612654,
            37.75503025455491
          ],
          [
            -119.60146482613229,
            37.75508073455967
          ],
          [
            -119.60145487713943,
            37.755158021567624
          ],
          [
            -119.60147172214654,
            37.75519626156997
          ],
          [
            -119.60154879715029,
            37.75511864755716
          ],
          [
            -119.60154906515838,
            37.755189288563784
          ],
          [
            -119.60152586616395,
            37.755271605573114
          ],
          [
            -119.6015071051684,
            37.75533778658068
          ],
          [
            -119.60157706617787,
            37.75532045857402
          ],
          [
            -119.60168143618564,
            37.7552387405589
          ],
          [
            -119.6017516221887,
            37.75516528654697
          ],
          [
            -119.601785108194,
            37.755163652544404
          ],
          [
            -119.60176114820052,
            37.755255147554685
          ],
          [
            -119.60176303321259,
            37.755358731564286
          ],
          [
            -119.60176947921948,
            37.75540939256855
          ],
          [
            -119.60170269223627,
            37.755653121596126
          ],
          [
            -119.60180680524854,
            37.755611436584765
          ],
          [
            -119.6019428092624,
            37.755537895568104
          ],
          [
            -119.60222083829156,
            37.75539561353482
          ],
          [
            -119.60218311029962,
            37.75552031554921
          ],
          [
            -119.60214358630647,
            37.755637014563
          ],
          [
            -119.60202695230937,
            37.75582979058935
          ],
          [
            -119.60196779331055,
            37.7559245396025
          ],
          [
            -119.60187435130065,
            37.75597204561365
          ],
          [
            -119.60189299430591,
            37.755991133614096
          ],
          [
            -119.60202170732698,
            37.755991747604945
          ],
          [
            -119.6020068293346,
            37.75608016661423
          ],
          [
            -119.60203838934395,
            37.75611671561539
          ],
          [
            -119.6020827523543,
            37.75614412361476
          ],
          [
            -119.60185851332652,
            37.75622167563813
          ],
          [
            -119.60175706431521,
            37.75626787964974
          ],
          [
            -119.60162643929927,
            37.75631500466356
          ],
          [
            -119.60142217127556,
            37.75639987468614
          ],
          [
            -119.60153113329703,
            37.75643195768133
          ],
          [
            -119.6015578503051,
            37.7564648186825
          ],
          [
            -119.60137311628144,
            37.75652214670111
          ],
          [
            -119.60126658026793,
            37.75655623171198
          ],
          [
            -119.60133251927994,
            37.7565667747082
          ],
          [
            -119.60175467735962,
            37.75666115868673
          ],
          [
            -119.60167719435174,
            37.756703379696255
          ],
          [
            -119.6016220033502,
            37.75676902170635
          ],
          [
            -119.60150017633569,
            37.75681628371952
          ],
          [
            -119.60144805833241,
            37.75686185972753
          ],
          [
            -119.60130925831434,
            37.75690245274128
          ],
          [
            -119.6012941913143,
            37.75692358874433
          ],
          [
            -119.60130183231767,
            37.75694261974558
          ],
          [
            -119.6013157813226,
            37.75696523074671
          ],
          [
            -119.60128078631809,
            37.75697612475022
          ],
          [
            -119.60123142031043,
            37.75697945675406
          ],
          [
            -119.6011393052975,
            37.75699827276248
          ],
          [
            -119.60090895426374,
            37.75703211478217
          ],
          [
            -119.60089067926386,
            37.757059276786
          ],
          [
            -119.6012162633286,
            37.757160841772155
          ],
          [
            -119.60134012735668,
            37.75722972176971
          ],
          [
            -119.60156505040334,
            37.75731666176166
          ],
          [
            -119.60163523941675,
            37.75733385675822
          ],
          [
            -119.6016803754272,
            37.75736102775759
          ],
          [
            -119.60157868141981,
            37.75744177277243
          ],
          [
            -119.60147557640643,
            37.75747186778265
          ],
          [
            -119.60133586138467,
            37.757481736793586
          ],
          [
            -119.60125440137115,
            37.757479681799225
          ],
          [
            -119.60122545736854,
            37.757498432803075
          ],
          [
            -119.60117691136124,
            37.75750358380702
          ],
          [
            -119.60109478134673,
            37.75749420681209
          ],
          [
            -119.60102283833575,
            37.757501237817905
          ],
          [
            -119.60078639230171,
            37.75754112083861
          ],
          [
            -119.60065480427942,
            37.75753439884741
          ],
          [
            -119.60053669526235,
            37.75755386985774
          ],
          [
            -119.6005205792638,
            37.75758953886225
          ],
          [
            -119.60063588328836,
            37.75764016385867
          ],
          [
            -119.60080793332418,
            37.7577075568526
          ],
          [
            -119.60098723836174,
            37.75778019384655
          ],
          [
            -119.6010209363712,
            37.75781522384738
          ],
          [
            -119.60088041335044,
            37.75783405585928
          ],
          [
            -119.600742222328,
            37.75783526986932
          ],
          [
            -119.60064984631582,
            37.757860729878296
          ],
          [
            -119.60060856531186,
            37.75788538588356
          ],
          [
            -119.60081755535107,
            37.75792990387276
          ],
          [
            -119.60098547138521,
            37.75798873286622
          ],
          [
            -119.60094551738,
            37.75800032987014
          ],
          [
            -119.60081093735798,
            37.75799980387974
          ],
          [
            -119.6006347373325,
            37.75802894089514
          ],
          [
            -119.60044638930614,
            37.7580677049123
          ],
          [
            -119.60036810329339,
            37.75806826291798
          ],
          [
            -119.60033929729173,
            37.75809445592251
          ],
          [
            -119.60042141530668,
            37.75810778391783
          ],
          [
            -119.6003924073039,
            37.758125375921566
          ],
          [
            -119.6003041852911,
            37.758139233929185
          ],
          [
            -119.60011938326312,
            37.75815900894429
          ],
          [
            -119.60008264925972,
            37.758181604949044
          ],
          [
            -119.60025874929826,
            37.758267367944455
          ],
          [
            -119.60033085431463,
            37.75830810294311
          ],
          [
            -119.60041801633089,
            37.75832576093849
          ],
          [
            -119.60044077533753,
            37.75835070393916
          ],
          [
            -119.60037205932836,
            37.758369426945876
          ],
          [
            -119.6002594653111,
            37.75837895895485
          ],
          [
            -119.60013819328981,
            37.758366159962364
          ],
          [
            -119.60011951129012,
            37.75839577896645
          ],
          [
            -119.6003107833319,
            37.75848831096137
          ],
          [
            -119.60025027032438,
            37.75850902396768
          ],
          [
            -119.60017711631335,
            37.75851700897366
          ],
          [
            -119.5998688652587,
            37.75847906299228
          ],
          [
            -119.59981766125266,
            37.758499458997825
          ],
          [
            -119.59976937924831,
            37.75853062500419
          ],
          [
            -119.59976190625004,
            37.75855646300721
          ],
          [
            -119.59982367826031,
            37.75855816400289
          ],
          [
            -119.59985490026799,
            37.75858067400278
          ],
          [
            -119.59974338125272,
            37.75860670201321
          ],
          [
            -119.59973335525251,
            37.75861911601511
          ],
          [
            -119.59956060423674,
            37.75872830703771
          ],
          [
            -119.5996681602567,
            37.75874918503193
          ],
          [
            -119.59976874427304,
            37.7587486860247
          ],
          [
            -119.59981156828401,
            37.75878347802484
          ],
          [
            -119.59956650226073,
            37.758930583056184
          ],
          [
            -119.59946815925439,
            37.75901584307128
          ],
          [
            -119.59936917224937,
            37.75911354008754
          ],
          [
            -119.59947638226303,
            37.75907967607663
          ],
          [
            -119.59947849826568,
            37.75910021707843
          ],
          [
            -119.5994553232713,
            37.75918250208781
          ],
          [
            -119.59937170726627,
            37.75925870610092
          ],
          [
            -119.59930632227044,
            37.75938862311775
          ],
          [
            -119.59925717527075,
            37.759462285128194
          ],
          [
            -119.59922300826695,
            37.759477456132046
          ],
          [
            -119.59919990026664,
            37.75950791013657
          ],
          [
            -119.59914307326976,
            37.759617072150874
          ],
          [
            -119.59910804527458,
            37.759709219161984
          ]
        ],
        "type": "LineString"
      },
      "id": "nps-trail-15475",
      "properties": {
        "feature_id": "nps-trail-15475",
        "nps_feature_id": "{A99D6719-7F56-44C0-BB5A-3CCBC8B2FD0F}",
        "nps_object_id": 15475,
        "route_id": "route-upper-yosemite-fall",
        "sequence": 1,
        "source_id": "source-nps-public-trails-feature-service",
        "surface": "Native",
        "trail_name": "Yosemite Falls Trail",
        "use": "Hiker/Pedestrian|Pack and Saddle"
      },
      "type": "Feature"
    },
    {
      "geometry": {
        "coordinates": [
          [
            -119.55818288541369,
            37.73183848648735
          ],
          [
            -119.55820251041216,
            37.73179699348209
          ],
          [
            -119.55822096941014,
            37.73175266847658
          ],
          [
            -119.55823675340764,
            37.73170769747125
          ],
          [
            -119.55824982440463,
            37.73166218046602
          ],
          [
            -119.55826015440103,
            37.73161621846096
          ],
          [
            -119.55826770939703,
            37.73156997345612
          ],
          [
            -119.55826890539618,
            37.73156055345511
          ],
          [
            -119.55829440737442,
            37.7313326024319
          ],
          [
            -119.55834657736321,
            37.731158786411875
          ],
          [
            -119.55835652735895,
            37.7311071824063
          ]
        ],
        "type": "LineString"
      },
      "id": "nps-trail-15622",
      "properties": {
        "feature_id": "nps-trail-15622",
        "nps_feature_id": "{19974261-352D-47F1-8987-2B6B7BD8E469}",
        "nps_object_id": 15622,
        "route_id": "route-vernal-nevada-falls",
        "sequence": 2,
        "source_id": "source-nps-public-trails-feature-service",
        "surface": "Asphalt",
        "trail_name": "John Muir Trail",
        "use": "Hiker/Pedestrian"
      },
      "type": "Feature"
    },
    {
      "geometry": {
        "coordinates": [
          [
            -119.60181468877518,
            37.73386758554882
          ],
          [
            -119.60179887176935,
            37.73383881154727
          ],
          [
            -119.60179611576834,
            37.733833773547026
          ],
          [
            -119.60176413475648,
            37.733775339543804
          ],
          [
            -119.60176137875541,
            37.733770302543526
          ],
          [
            -119.60173436074538,
            37.73372093454089
          ],
          [
            -119.60173130974428,
            37.73371535954054
          ],
          [
            -119.60173064874408,
            37.733714582540536
          ],
          [
            -119.60169256373277,
            37.7336700345391
          ],
          [
            -119.60168867873166,
            37.73366549053897
          ],
          [
            -119.6016548417216,
            37.733626053537655
          ],
          [
            -119.601652407721,
            37.73362392753766
          ],
          [
            -119.60160683170899,
            37.733584087537196
          ],
          [
            -119.60160218070779,
            37.73358002253716
          ],
          [
            -119.6015551106956,
            37.73354047453681
          ],
          [
            -119.60155008769433,
            37.733536698536795
          ],
          [
            -119.60148098767715,
            37.73348472753694
          ],
          [
            -119.6014436696679,
            37.73345667553698
          ],
          [
            -119.60143864766665,
            37.73345289853697
          ],
          [
            -119.60140751265888,
            37.73342948153698
          ],
          [
            -119.60140249165764,
            37.73342570453704
          ],
          [
            -119.601381557652,
            37.733406264536704
          ],
          [
            -119.60137748765082,
            37.73340182353658
          ],
          [
            -119.60135225464357,
            37.73337428853581
          ],
          [
            -119.60134818464245,
            37.73336984753569
          ],
          [
            -119.60130097462881,
            37.73331833053421
          ],
          [
            -119.60129690462769,
            37.733313888534106
          ],
          [
            -119.6012452986122,
            37.73325209653204
          ],
          [
            -119.60124163961109,
            37.73324743553187
          ],
          [
            -119.60119260659597,
            37.73318497752955
          ],
          [
            -119.60118894759485,
            37.73318031652937
          ],
          [
            -119.60114650258177,
            37.73312624852737
          ],
          [
            -119.60114284358066,
            37.733121587527144
          ],
          [
            -119.60110839456966,
            37.73307444352523
          ]
        ],
        "type": "LineString"
      },
      "id": "nps-trail-16033",
      "properties": {
        "feature_id": "nps-trail-16033",
        "nps_feature_id": "{BA5442ED-E48B-41AF-9598-8362EAB323ED}",
        "nps_object_id": 16033,
        "route_id": "route-four-mile-trail",
        "sequence": 1,
        "source_id": "source-nps-public-trails-feature-service",
        "surface": "Native",
        "trail_name": "Four Mile Trail",
        "use": "Hiker/Pedestrian|Pack and Saddle"
      },
      "type": "Feature"
    },
    {
      "geometry": {
        "coordinates": [
          [
            -119.53547110362018,
            37.72234876422426
          ],
          [
            -119.53539817461002,
            37.722364213230925
          ],
          [
            -119.53532038259905,
            37.722380160238004
          ],
          [
            -119.53523341758734,
            37.72240185324627
          ],
          [
            -119.53510274456926,
            37.72243110725841
          ],
          [
            -119.53502704956031,
            37.72246150026667
          ],
          [
            -119.53497696455608,
            37.722496542273525
          ],
          [
            -119.53492239355005,
            37.72252204427986
          ],
          [
            -119.53485914254382,
            37.7225584562878
          ]
        ],
        "type": "LineString"
      },
      "id": "nps-trail-16205",
      "properties": {
        "feature_id": "nps-trail-16205",
        "nps_feature_id": "{2FEFF223-BFF8-477E-9592-BF3F37977E04}",
        "nps_object_id": 16205,
        "route_id": "route-vernal-nevada-falls",
        "sequence": 9,
        "source_id": "source-nps-public-trails-feature-service",
        "surface": "Native",
        "trail_name": "John Muir Trail",
        "use": "Hiker/Pedestrian|Pack and Saddle"
      },
      "type": "Feature"
    },
    {
      "geometry": {
        "coordinates": [
          [
            -119.5486602442174,
            37.72621713264245
          ],
          [
            -119.54871835521817,
            37.72614050063108
          ],
          [
            -119.54885505723273,
            37.72607148461481
          ],
          [
            -119.54896605724372,
            37.72600843860089
          ],
          [
            -119.54905875424983,
            37.72592846158677
          ],
          [
            -119.54912604725337,
            37.7258631125758
          ],
          [
            -119.54919256025136,
            37.725749208560345
          ],
          [
            -119.54925043324971,
            37.725651212546985
          ],
          [
            -119.54934302024692,
            37.72549353752557
          ],
          [
            -119.54950275625882,
            37.725368251502346
          ],
          [
            -119.54963453627327,
            37.72530581748702
          ],
          [
            -119.54984968629144,
            37.72515619445759
          ],
          [
            -119.54964912325956,
            37.72516372647265
          ],
          [
            -119.54944575122998,
            37.725196892490374
          ],
          [
            -119.54922842320846,
            37.7253200415175
          ],
          [
            -119.54915831420374,
            37.7253796315281
          ],
          [
            -119.54893797218223,
            37.72550751955589
          ],
          [
            -119.54867742614965,
            37.72559580558287
          ],
          [
            -119.54847990111962,
            37.72561606259894
          ],
          [
            -119.54844586811335,
            37.72560939660075
          ],
          [
            -119.5484613931129,
            37.72558358859719
          ],
          [
            -119.54860918012972,
            37.725518761580545
          ],
          [
            -119.5487921581412,
            37.72535644755217
          ],
          [
            -119.54904814315707,
            37.7251270595123
          ],
          [
            -119.54912963516125,
            37.725046475498864
          ],
          [
            -119.5491692011561,
            37.7249444904865
          ],
          [
            -119.5492768851645,
            37.72486334047114
          ],
          [
            -119.5493443111632,
            37.72475480445615
          ],
          [
            -119.54945935917492,
            37.72469241644204
          ],
          [
            -119.5495069121777,
            37.7246484874345
          ],
          [
            -119.54957980118087,
            37.72457098642198
          ],
          [
            -119.549606641182,
            37.7245424094174
          ],
          [
            -119.54953270717172,
            37.7245584064242
          ],
          [
            -119.54939908515595,
            37.72461226343884
          ],
          [
            -119.54927014213484,
            37.72461215344805
          ],
          [
            -119.54891617309521,
            37.724773008488484
          ],
          [
            -119.54870311707406,
            37.72489360051512
          ],
          [
            -119.5483370910299,
            37.72503184355429
          ],
          [
            -119.54825434701814,
            37.725047630561704
          ],
          [
            -119.54815041200202,
            37.725055050569885
          ],
          [
            -119.54817607200349,
            37.7250310665658
          ],
          [
            -119.54823448001092,
            37.72501257755986
          ],
          [
            -119.54828940701596,
            37.72497794355264
          ],
          [
            -119.54844845002611,
            37.72483813552815
          ],
          [
            -119.54857048203529,
            37.724743310510476
          ],
          [
            -119.54865091303525,
            37.72462703749381
          ],
          [
            -119.548746073038,
            37.72451400647637
          ],
          [
            -119.54880624403565,
            37.724406549462
          ],
          [
            -119.54894032803304,
            37.724190988432156
          ],
          [
            -119.5490526520412,
            37.72410095441562
          ],
          [
            -119.54918559304473,
            37.72394040039104
          ],
          [
            -119.54899128201963,
            37.72399918441051
          ],
          [
            -119.54872488099109,
            37.72413126144199
          ],
          [
            -119.5485837519752,
            37.7241951324581
          ],
          [
            -119.54846770796718,
            37.72429127447541
          ],
          [
            -119.5483887669627,
            37.72436585248806
          ],
          [
            -119.54830808995348,
            37.72440070049716
          ],
          [
            -119.5483858959438,
            37.72420362047308
          ],
          [
            -119.54847610093502,
            37.72399663444715
          ],
          [
            -119.54852500593098,
            37.723890187433646
          ],
          [
            -119.54858085793394,
            37.72383584142456
          ],
          [
            -119.5486637489432,
            37.72379811941508
          ],
          [
            -119.5489880909695,
            37.723562615369694
          ],
          [
            -119.54910954897723,
            37.72345554135098
          ],
          [
            -119.54930425498226,
            37.72321935731483
          ],
          [
            -119.54940281398589,
            37.72310945629748
          ],
          [
            -119.54945824697464,
            37.722930607276716
          ],
          [
            -119.54950081597329,
            37.722857308266775
          ],
          [
            -119.54954511997444,
            37.722803894258604
          ],
          [
            -119.5495832299695,
            37.722704920246564
          ],
          [
            -119.54963538996951,
            37.7226301092358
          ],
          [
            -119.54975947598507,
            37.722588551222984
          ],
          [
            -119.54984980599554,
            37.722550423212965
          ],
          [
            -119.5498791519974,
            37.722525031208484
          ],
          [
            -119.54983617099022,
            37.72252308821136
          ],
          [
            -119.54973472197538,
            37.7225388162201
          ],
          [
            -119.54962142495543,
            37.72252615822703
          ],
          [
            -119.54953572394504,
            37.72255835523624
          ],
          [
            -119.5494943999432,
            37.72260174824327
          ],
          [
            -119.54936005593171,
            37.7226940482615
          ],
          [
            -119.54926619692722,
            37.72278957027724
          ],
          [
            -119.54907779791611,
            37.72296293730703
          ],
          [
            -119.5490387719108,
            37.72297261831072
          ],
          [
            -119.54898869690737,
            37.72301462131822
          ],
          [
            -119.54888168689747,
            37.7230818093322
          ],
          [
            -119.54874439688207,
            37.72314386234789
          ],
          [
            -119.54864915786753,
            37.72315270935555
          ],
          [
            -119.54849144784792,
            37.723207020371945
          ],
          [
            -119.54836232183273,
            37.723259613386155
          ],
          [
            -119.54833327183177,
            37.7232926673913
          ],
          [
            -119.54828678683464,
            37.723384781403254
          ],
          [
            -119.54826667783696,
            37.72343489440945
          ],
          [
            -119.54825977384041,
            37.723474802413655
          ],
          [
            -119.54824542584242,
            37.72351305541828
          ],
          [
            -119.54822577884364,
            37.72355226042339
          ],
          [
            -119.54817968483893,
            37.72357715542904
          ],
          [
            -119.54817501283334,
            37.723534196425305
          ],
          [
            -119.54817766282781,
            37.7234818764202
          ],
          [
            -119.54816927482108,
            37.72343487941642
          ],
          [
            -119.54814764081395,
            37.723403533415
          ],
          [
            -119.5481322658057,
            37.723352816411385
          ],
          [
            -119.54810997080487,
            37.723377489415284
          ],
          [
            -119.54812235481245,
            37.723426435418986
          ],
          [
            -119.54809670481099,
            37.723450753423094
          ],
          [
            -119.54805056080816,
            37.723492228430274
          ],
          [
            -119.54797631080093,
            37.72353548743967
          ],
          [
            -119.54778925877211,
            37.7235514534546
          ],
          [
            -119.54766899874572,
            37.72349173645761
          ],
          [
            -119.54759114473303,
            37.723492549463245
          ],
          [
            -119.54752366172202,
            37.72349308146814
          ],
          [
            -119.54748756371721,
            37.72350228647161
          ],
          [
            -119.54745481671692,
            37.72354727147817
          ],
          [
            -119.54732009170601,
            37.723645044497005
          ],
          [
            -119.547257786701,
            37.72369043550573
          ],
          [
            -119.54723518569674,
            37.72368562350686
          ],
          [
            -119.54724367969314,
            37.72364167650215
          ],
          [
            -119.54731453769601,
            37.72356474448987
          ],
          [
            -119.54731788569252,
            37.72352924548627
          ],
          [
            -119.54727934368812,
            37.72354619449061
          ],
          [
            -119.54716708567803,
            37.723619111505506
          ],
          [
            -119.5470998066736,
            37.72367662951572
          ],
          [
            -119.54702576766839,
            37.723737331526735
          ],
          [
            -119.54700600067062,
            37.72378594553274
          ],
          [
            -119.54691444066692,
            37.723884878548596
          ],
          [
            -119.54680888165787,
            37.72395709956292
          ],
          [
            -119.54689761165554,
            37.72380915054268
          ],
          [
            -119.54689709964282,
            37.72369776153227
          ],
          [
            -119.5469393106389,
            37.7236026135203
          ],
          [
            -119.54694025663186,
            37.723539130514254
          ],
          [
            -119.54700508663073,
            37.72343606949993
          ],
          [
            -119.54696753962561,
            37.72344480550348
          ],
          [
            -119.54694333662333,
            37.72345953750656
          ],
          [
            -119.54689471162199,
            37.72351750351553
          ],
          [
            -119.54673098861076,
            37.723654800540125
          ],
          [
            -119.54669052961155,
            37.72371983454911
          ],
          [
            -119.5466315926068,
            37.723763026557414
          ],
          [
            -119.54657843360232,
            37.72380028256471
          ],
          [
            -119.54657466960575,
            37.72383571656829
          ],
          [
            -119.5465491336027,
            37.723845610571054
          ],
          [
            -119.5465304945974,
            37.72382602757057
          ],
          [
            -119.5465310735918,
            37.72377563456576
          ],
          [
            -119.54660795059216,
            37.72366784855019
          ],
          [
            -119.54660744757874,
            37.723550735539185
          ],
          [
            -119.54664536957775,
            37.723487180530505
          ],
          [
            -119.54664754857552,
            37.723464954528275
          ],
          [
            -119.54661188257191,
            37.723484232532655
          ],
          [
            -119.54652123456637,
            37.72356623054684
          ],
          [
            -119.5464437075639,
            37.7236558325608
          ],
          [
            -119.54633806056236,
            37.72379442358138
          ],
          [
            -119.54631798656825,
            37.72387542759041
          ],
          [
            -119.54632625158153,
            37.723980400599686
          ],
          [
            -119.54635175659632,
            37.72407375960663
          ],
          [
            -119.5463258685946,
            37.72409568961054
          ],
          [
            -119.54626633957318,
            37.72399296260516
          ],
          [
            -119.54623394856024,
            37.72392545660115
          ],
          [
            -119.5461994205455,
            37.72384579959612
          ],
          [
            -119.54622176153643,
            37.72373388958404
          ],
          [
            -119.54624466952768,
            37.72362387357205
          ],
          [
            -119.54625638452315,
            37.723566912565886
          ],
          [
            -119.54627691352157,
            37.72352346056033
          ],
          [
            -119.5462763685158,
            37.72347341855567
          ],
          [
            -119.54624461451206,
            37.72348624455915
          ],
          [
            -119.54624142151567,
            37.72352262956279
          ],
          [
            -119.5462057415146,
            37.7235645795693
          ],
          [
            -119.54612269650973,
            37.723641125582425
          ],
          [
            -119.54603253750703,
            37.72374738259885
          ],
          [
            -119.54600136952301,
            37.723932829618526
          ],
          [
            -119.54605230056336,
            37.724214851641314
          ],
          [
            -119.54618455959948,
            37.72434230264383
          ],
          [
            -119.54633790663644,
            37.72444709764265
          ],
          [
            -119.54641420665764,
            37.72452343464441
          ],
          [
            -119.54642488366598,
            37.72458178964908
          ],
          [
            -119.54637454966601,
            37.7246543416595
          ],
          [
            -119.54631156866182,
            37.7247084836691
          ],
          [
            -119.5462363976566,
            37.72477080568032
          ],
          [
            -119.54609607864275,
            37.7248507686979
          ],
          [
            -119.5459859296248,
            37.724851737705855
          ],
          [
            -119.54591477861497,
            37.724867051712465
          ],
          [
            -119.54583488760012,
            37.72485217771674
          ],
          [
            -119.54575469158925,
            37.72487155572429
          ],
          [
            -119.54571335258689,
            37.72490985573089
          ],
          [
            -119.5457049195929,
            37.724974969737595
          ],
          [
            -119.54566744959092,
            37.72501169274371
          ],
          [
            -119.54560491858372,
            37.72503852475073
          ],
          [
            -119.54554366357846,
            37.725080367759055
          ],
          [
            -119.54550073457315,
            37.72509576776357
          ],
          [
            -119.54545670256655,
            37.725100985767234
          ],
          [
            -119.54536283054875,
            37.72507905377188
          ],
          [
            -119.54526853653188,
            37.72506659677749
          ],
          [
            -119.54515589351223,
            37.725055998784555
          ],
          [
            -119.54504789849156,
            37.725029123789774
          ],
          [
            -119.5449368984728,
            37.725024115797225
          ]
        ],
        "type": "LineString"
      },
      "id": "nps-trail-16432",
      "properties": {
        "feature_id": "nps-trail-16432",
        "nps_feature_id": "{E6DD14C3-0C68-49C9-9CEE-588C100584DA}",
        "nps_object_id": 16432,
        "route_id": "route-vernal-nevada-falls",
        "sequence": 7,
        "source_id": "source-nps-public-trails-feature-service",
        "surface": "Native",
        "trail_name": "John Muir Trail",
        "use": "Hiker/Pedestrian|Pack and Saddle"
      },
      "type": "Feature"
    },
    {
      "geometry": {
        "coordinates": [
          [
            -119.5330844384898,
            37.72464019861054
          ],
          [
            -119.53303218850427,
            37.72484291363332
          ]
        ],
        "type": "LineString"
      },
      "id": "nps-trail-16450",
      "properties": {
        "feature_id": "nps-trail-16450",
        "nps_feature_id": "{2E8199E1-7B41-4250-9ECF-511C544B1B16}",
        "nps_object_id": 16450,
        "route_id": "route-vernal-nevada-falls",
        "sequence": 11,
        "source_id": "source-nps-public-trails-feature-service",
        "surface": "Native",
        "trail_name": "John Muir Trail",
        "use": "Hiker/Pedestrian|Pack and Saddle"
      },
      "type": "Feature"
    },
    {
      "geometry": {
        "coordinates": [
          [
            -119.55835652735895,
            37.7311071824063
          ],
          [
            -119.5583101653391,
            37.73099885839947
          ],
          [
            -119.5582991543334,
            37.73096472039707
          ]
        ],
        "type": "LineString"
      },
      "id": "nps-trail-16589",
      "properties": {
        "feature_id": "nps-trail-16589",
        "nps_feature_id": "{ACC86EBF-782E-4119-839B-5CC133D46F31}",
        "nps_object_id": 16589,
        "route_id": "route-vernal-nevada-falls",
        "sequence": 3,
        "source_id": "source-nps-public-trails-feature-service",
        "surface": "Asphalt",
        "trail_name": "John Muir Trail",
        "use": "Hiker/Pedestrian"
      },
      "type": "Feature"
    },
    {
      "geometry": {
        "coordinates": [
          [
            -119.53303218850427,
            37.72484291363332
          ],
          [
            -119.53301000950532,
            37.72488382063873
          ],
          [
            -119.53293610549791,
            37.724925534647966
          ],
          [
            -119.53284205548832,
            37.72497624165948
          ],
          [
            -119.53275465048134,
            37.72504065667179
          ],
          [
            -119.53264528447234,
            37.72511907068697
          ],
          [
            -119.5324831174552,
            37.72520156570633
          ],
          [
            -119.5323434974456,
            37.72531853672735
          ],
          [
            -119.53221945843079,
            37.72536717874078
          ],
          [
            -119.53208390641278,
            37.72540343075393
          ],
          [
            -119.5319549463926,
            37.72541196176396
          ],
          [
            -119.53180105837767,
            37.725502306783476
          ],
          [
            -119.53169597536875,
            37.725575230797844
          ],
          [
            -119.53141304833342,
            37.7256716408272
          ],
          [
            -119.53118954130149,
            37.725712411847034
          ],
          [
            -119.53104867527861,
            37.72571409585727
          ],
          [
            -119.5309469242689,
            37.725775421870345
          ],
          [
            -119.53067474723632,
            37.72588078589973
          ],
          [
            -119.53046901520739,
            37.72592229991836
          ],
          [
            -119.53036907219554,
            37.725962048929254
          ],
          [
            -119.53034796719608,
            37.72599695393404
          ],
          [
            -119.53035074720097,
            37.72603621293753
          ],
          [
            -119.53035973120872,
            37.72609166694211
          ],
          [
            -119.5304050592263,
            37.72618113694731
          ]
        ],
        "type": "LineString"
      },
      "id": "nps-trail-17156",
      "properties": {
        "feature_id": "nps-trail-17156",
        "nps_feature_id": "{78266FAE-7CB7-4E07-9445-F0A57B93F3E8}",
        "nps_object_id": 17156,
        "route_id": "route-vernal-nevada-falls",
        "sequence": 12,
        "source_id": "source-nps-public-trails-feature-service",
        "surface": "Native",
        "trail_name": "John Muir Trail",
        "use": "Hiker/Pedestrian|Pack and Saddle"
      },
      "type": "Feature"
    },
    {
      "geometry": {
        "coordinates": [
          [
            -119.54027259687363,
            37.72646764226703
          ],
          [
            -119.54020576786762,
            37.726511112275944
          ],
          [
            -119.54014598586333,
            37.72655924728473
          ],
          [
            -119.54005798785086,
            37.726575980292615
          ],
          [
            -119.53994664383265,
            37.72657608330057
          ],
          [
            -119.53961709877605,
            37.72655260632198
          ],
          [
            -119.53941186674867,
            37.72660731134186
          ],
          [
            -119.53930092873657,
            37.726660574354796
          ],
          [
            -119.53924783073775,
            37.726747543366756
          ],
          [
            -119.53917367373299,
            37.72681245637819
          ],
          [
            -119.53914307373616,
            37.72688425138711
          ],
          [
            -119.53909985873429,
            37.72693006539455
          ],
          [
            -119.53898120872806,
            37.7270461014139
          ],
          [
            -119.5388585577163,
            37.7271193504296
          ],
          [
            -119.53879260671273,
            37.72718274744029
          ],
          [
            -119.53869672770561,
            37.72725818145424
          ],
          [
            -119.53860642769733,
            37.727315559466106
          ],
          [
            -119.5385602616943,
            37.72735528247312
          ],
          [
            -119.53848369969262,
            37.727450890487574
          ],
          [
            -119.5384198966921,
            37.72753804850033
          ],
          [
            -119.53827776468532,
            37.72768325052415
          ],
          [
            -119.53820244368023,
            37.72774702853556
          ],
          [
            -119.53813126667214,
            37.72777788754354
          ],
          [
            -119.53804920665836,
            37.72777504654919
          ],
          [
            -119.53799159664439,
            37.727735156549535
          ],
          [
            -119.53793047163117,
            37.727706904551276
          ],
          [
            -119.53788960561829,
            37.727652291549106
          ],
          [
            -119.53788147660887,
            37.727581036542965
          ],
          [
            -119.53792776061111,
            37.72753411653525
          ],
          [
            -119.5379357566084,
            37.72749914353136
          ],
          [
            -119.53791789860051,
            37.72745502952852
          ],
          [
            -119.53787825458534,
            37.72737820252416
          ],
          [
            -119.5378471735691,
            37.72728031851718
          ],
          [
            -119.53784075955559,
            37.727170570507326
          ],
          [
            -119.53778497553625,
            37.727080948502945
          ],
          [
            -119.53766332949485,
            37.726891459493835
          ],
          [
            -119.5375423094556,
            37.72672025448642
          ],
          [
            -119.53740522041117,
            37.72652691747809
          ],
          [
            -119.53736387640042,
            37.726491765477746
          ],
          [
            -119.53729497538608,
            37.726464325480116
          ],
          [
            -119.53718831037168,
            37.72649171249032
          ],
          [
            -119.5369553783465,
            37.72660533751773
          ],
          [
            -119.53683737233114,
            37.72664023652947
          ],
          [
            -119.53668912330403,
            37.72661517453771
          ],
          [
            -119.5365720442854,
            37.72661996454656
          ],
          [
            -119.53645998927252,
            37.72666768255908
          ],
          [
            -119.53636842925673,
            37.72666052756498
          ],
          [
            -119.53627402523999,
            37.72664916557069
          ],
          [
            -119.5362100602274,
            37.72663095257352
          ],
          [
            -119.53614687321146,
            37.72658122957341
          ],
          [
            -119.53614228420358,
            37.726518640567825
          ],
          [
            -119.53611352619659,
            37.72649817556799
          ],
          [
            -119.53605560918791,
            37.7265052225728
          ],
          [
            -119.53599066717868,
            37.72651801657864
          ],
          [
            -119.53592100916968,
            37.72653922358565
          ],
          [
            -119.53584304915893,
            37.72655664159284
          ],
          [
            -119.5357619851422,
            37.72652661159582
          ],
          [
            -119.5356747641229,
            37.72648197259788
          ],
          [
            -119.53562448310798,
            37.72642272559595
          ],
          [
            -119.5356060120973,
            37.726355361590926
          ],
          [
            -119.53560396009206,
            37.726312346587015
          ],
          [
            -119.53564308909222,
            37.726257023579045
          ],
          [
            -119.53565526609206,
            37.726238489576446
          ],
          [
            -119.5356450060867,
            37.72620602557411
          ],
          [
            -119.53563532607923,
            37.726154206569916
          ],
          [
            -119.53563404807669,
            37.72613330256805
          ],
          [
            -119.53562243007251,
            37.72611350156701
          ],
          [
            -119.53559087206368,
            37.72608125056626
          ],
          [
            -119.53555234005621,
            37.72607108356808
          ],
          [
            -119.53549670804713,
            37.7260716395721
          ],
          [
            -119.53546987903974,
            37.72604476557149
          ],
          [
            -119.53542233702944,
            37.726022635572825
          ],
          [
            -119.53538414702147,
            37.72600755657419
          ],
          [
            -119.53535208501799,
            37.726023043577904
          ],
          [
            -119.53533294401785,
            37.72604946158177
          ],
          [
            -119.53534160502244,
            37.72607731158374
          ],
          [
            -119.5353257900248,
            37.726121000589025
          ],
          [
            -119.53531495002734,
            37.726159076593326
          ],
          [
            -119.5352835300245,
            37.7261788415975
          ],
          [
            -119.53526981702905,
            37.726239128604135
          ],
          [
            -119.53524884602972,
            37.72627498060899
          ],
          [
            -119.53522736902609,
            37.72627420061047
          ],
          [
            -119.53521329502128,
            37.72625179260937
          ],
          [
            -119.53518221901297,
            37.72622387960897
          ],
          [
            -119.53514919200644,
            37.72621352861035
          ],
          [
            -119.53512854000464,
            37.72622739161313
          ],
          [
            -119.53511507900583,
            37.726257562616915
          ],
          [
            -119.53510503900442,
            37.72625977761784
          ],
          [
            -119.53506555799908,
            37.72626951362163
          ],
          [
            -119.53503060999574,
            37.726290555626065
          ],
          [
            -119.53501718099754,
            37.72632548363029
          ],
          [
            -119.53501533200189,
            37.726366625634334
          ],
          [
            -119.53501961100838,
            37.726417554638815
          ],
          [
            -119.5350438450166,
            37.72645483864054
          ],
          [
            -119.53502181801792,
            37.72649806064617
          ],
          [
            -119.53498604201918,
            37.72656070265467
          ],
          [
            -119.53497590502334,
            37.7266120516602
          ],
          [
            -119.53497763402913,
            37.726660786664674
          ],
          [
            -119.53499635803728,
            37.72670548366749
          ],
          [
            -119.53495584503113,
            37.7267095076708
          ],
          [
            -119.53492787002331,
            37.72668121167015
          ],
          [
            -119.53489660001554,
            37.7266581066702
          ],
          [
            -119.53488964201794,
            37.72668898867363
          ],
          [
            -119.53489935602401,
            37.726728584676614
          ],
          [
            -119.53487761002565,
            37.72677446068249
          ],
          [
            -119.53485860302555,
            37.72680048468632
          ],
          [
            -119.53482602302057,
            37.72680363268891
          ],
          [
            -119.53478632401269,
            37.72679161669065
          ],
          [
            -119.5347672410062,
            37.7267617806892
          ],
          [
            -119.53471373998968,
            37.726693677686654
          ],
          [
            -119.53467899198037,
            37.72666145168609
          ],
          [
            -119.53462466296884,
            37.72663838468784
          ],
          [
            -119.53451598294893,
            37.726619645693894
          ],
          [
            -119.53442649592662,
            37.72655231769397
          ],
          [
            -119.53423160788955,
            37.72650682670362
          ],
          [
            -119.5341415218745,
            37.726504016709875
          ],
          [
            -119.53405536485585,
            37.72646412571227
          ],
          [
            -119.53400214984246,
            37.72642264371222
          ],
          [
            -119.53395027082638,
            37.72635613170963
          ],
          [
            -119.53392986982006,
            37.72632945270862
          ],
          [
            -119.53392645481298,
            37.72627218370347
          ],
          [
            -119.53390910380425,
            37.72622053969987
          ],
          [
            -119.53387208579366,
            37.72618055869878
          ],
          [
            -119.5338239167796,
            37.72612585669708
          ],
          [
            -119.5337947847785,
            37.72615827770224
          ],
          [
            -119.53376303978186,
            37.72623355171156
          ],
          [
            -119.53375953778922,
            37.72630373271842
          ],
          [
            -119.53371867478654,
            37.72633882272463
          ],
          [
            -119.53368714277552,
            37.72628718572202
          ],
          [
            -119.53368459776786,
            37.72622340671626
          ],
          [
            -119.53363048375414,
            37.72618032571608
          ],
          [
            -119.53360075975324,
            37.726215433721464
          ],
          [
            -119.53358319375391,
            37.72624646372565
          ],
          [
            -119.53355942975836,
            37.72632010573429
          ],
          [
            -119.53350882374285,
            37.72625672573192
          ],
          [
            -119.53344430972959,
            37.72623262773431
          ],
          [
            -119.53338370571812,
            37.72621891973738
          ],
          [
            -119.5333561997177,
            37.72625476574272
          ],
          [
            -119.53334375372086,
            37.726300718747915
          ],
          [
            -119.533334106726,
            37.72636009275417
          ],
          [
            -119.53330439471982,
            37.726348056755185
          ],
          [
            -119.53327914371256,
            37.72632062675442
          ],
          [
            -119.53322177069724,
            37.726268294753616
          ],
          [
            -119.5331587996881,
            37.72627881175909
          ],
          [
            -119.53313781168777,
            37.726305963763174
          ],
          [
            -119.53313306669182,
            37.726348807767536
          ],
          [
            -119.53311182169386,
            37.72639733277364
          ],
          [
            -119.53301854767355,
            37.72635285677612
          ],
          [
            -119.5329252446547,
            37.726321233779856
          ],
          [
            -119.53293093966472,
            37.726401497786945
          ],
          [
            -119.53293597467362,
            37.72647245479329
          ],
          [
            -119.53287136665861,
            37.72643327679423
          ],
          [
            -119.53284673965224,
            37.7264129857941
          ],
          [
            -119.53278944564022,
            37.72638945479598
          ],
          [
            -119.5327777096414,
            37.726416701799366
          ],
          [
            -119.5327179906264,
            37.72637083279933
          ],
          [
            -119.53266303363235,
            37.72650213781563
          ],
          [
            -119.53258674461412,
            37.726451664816366
          ],
          [
            -119.53256517260382,
            37.7263923818123
          ],
          [
            -119.53252986259568,
            37.726371435812915
          ],
          [
            -119.53248020858472,
            37.72634682981414
          ],
          [
            -119.53245473158401,
            37.72637675381876
          ],
          [
            -119.53243517058748,
            37.72643574282573
          ],
          [
            -119.53240087458006,
            37.72641952482663
          ],
          [
            -119.53238428157489,
            37.726397922825775
          ],
          [
            -119.53237723756922,
            37.72635841482259
          ],
          [
            -119.532355552563,
            37.7263344148219
          ],
          [
            -119.5323268805565,
            37.72631852282243
          ],
          [
            -119.5322746075507,
            37.72634338182852
          ],
          [
            -119.53223836554776,
            37.72636911283354
          ],
          [
            -119.53220082854217,
            37.72637450683675
          ],
          [
            -119.5321951445398,
            37.72636156283596
          ],
          [
            -119.53219908453579,
            37.7263205268318
          ],
          [
            -119.5321616505327,
            37.72634753783701
          ],
          [
            -119.53213768353153,
            37.72637142784099
          ],
          [
            -119.53212126252566,
            37.726343998839575
          ],
          [
            -119.53212963552458,
            37.72632227483691
          ],
          [
            -119.53213152452206,
            37.72629692583441
          ],
          [
            -119.53210689651802,
            37.72629692583617
          ],
          [
            -119.53208612751648,
            37.72631325483919
          ],
          [
            -119.53207406051779,
            37.72634237584281
          ],
          [
            -119.53203884351187,
            37.72634078484518
          ],
          [
            -119.53202070150698,
            37.72632370884487
          ],
          [
            -119.53191105348277,
            37.726269167847605
          ],
          [
            -119.5318134224665,
            37.72626608385431
          ],
          [
            -119.53171212445059,
            37.72627193686212
          ],
          [
            -119.53157938742869,
            37.7262702728715
          ],
          [
            -119.53148417141158,
            37.72625726387712
          ],
          [
            -119.53139581539955,
            37.726278733885444
          ],
          [
            -119.53131462738736,
            37.726288005892144
          ],
          [
            -119.53124413737457,
            37.7262774768962
          ],
          [
            -119.53119002036256,
            37.726249688897454
          ],
          [
            -119.53115669735523,
            37.72623280889827
          ],
          [
            -119.53107771334228,
            37.72623287490393
          ],
          [
            -119.5309682753266,
            37.7262523119136
          ],
          [
            -119.53091414232061,
            37.7262772459198
          ],
          [
            -119.53088018831467,
            37.72627427492196
          ],
          [
            -119.53086813931075,
            37.72625694992121
          ],
          [
            -119.53074489228325,
            37.72619246892399
          ],
          [
            -119.53070240827704,
            37.72619897992764
          ],
          [
            -119.5306756082756,
            37.72622495293198
          ],
          [
            -119.5307378062909,
            37.72627028793183
          ],
          [
            -119.53078252730015,
            37.72628728393022
          ],
          [
            -119.53081470730797,
            37.72630961892999
          ],
          [
            -119.53079258130558,
            37.726320298932585
          ],
          [
            -119.53075231829781,
            37.72631013893454
          ],
          [
            -119.53070318629038,
            37.726315535938554
          ],
          [
            -119.53071225829403,
            37.72633455193969
          ],
          [
            -119.53074953330203,
            37.72635125393857
          ],
          [
            -119.53073984030203,
            37.72636519894056
          ],
          [
            -119.53070437729575,
            37.72636104294271
          ],
          [
            -119.53067285528856,
            37.7263433829433
          ],
          [
            -119.53065579828214,
            37.72631119294153
          ],
          [
            -119.53055218826097,
            37.72627427494547
          ],
          [
            -119.53047340324454,
            37.726242845948164
          ],
          [
            -119.5304050592263,
            37.72618113694731
          ]
        ],
        "type": "LineString"
      },
      "id": "nps-trail-18748",
      "properties": {
        "feature_id": "nps-trail-18748",
        "nps_feature_id": "{DB5A44DC-19E6-4CFD-B6E6-09B62F210E2B}",
        "nps_object_id": 18748,
        "route_id": "route-vernal-nevada-falls",
        "sequence": 16,
        "source_id": "source-nps-public-trails-feature-service",
        "surface": "Native",
        "trail_name": "Mist Trail",
        "use": "Hiker/Pedestrian"
      },
      "type": "Feature"
    },
    {
      "geometry": {
        "coordinates": [
          [
            -119.55781594846911,
            37.73285442860895
          ],
          [
            -119.55779032546229,
            37.73283137360864
          ],
          [
            -119.55777368145442,
            37.7327858006056
          ],
          [
            -119.55776763645117,
            37.732765827604155
          ],
          [
            -119.55776379344806,
            37.732744101602385
          ],
          [
            -119.55776269344541,
            37.73272218960039
          ],
          [
            -119.5577643464432,
            37.73270029959825
          ],
          [
            -119.55776873444142,
            37.7326786495959
          ],
          [
            -119.55777584144022,
            37.732657378593345
          ],
          [
            -119.55777971743981,
            37.73264842159225
          ],
          [
            -119.55779515143878,
            37.73261737258821
          ],
          [
            -119.55781595943806,
            37.73258105958335
          ],
          [
            -119.55782710643787,
            37.73256357258089
          ],
          [
            -119.55787038443829,
            37.73250460057226
          ],
          [
            -119.5578749284383,
            37.732498254571325
          ],
          [
            -119.55789051943806,
            37.73247355656788
          ],
          [
            -119.55790352843722,
            37.73244784456458
          ],
          [
            -119.55791381843594,
            37.73242136656136
          ],
          [
            -119.55792132143402,
            37.73239430455827
          ],
          [
            -119.55792597643169,
            37.73236689355534
          ],
          [
            -119.55792730143024,
            37.73235195555386
          ],
          [
            -119.5579284394288,
            37.73233765855242
          ],
          [
            -119.55793297142593,
            37.732305791549145
          ],
          [
            -119.55794021842351,
            37.732274296545626
          ],
          [
            -119.55795015642161,
            37.732243267541996
          ],
          [
            -119.55796273742023,
            37.73221284953826
          ],
          [
            -119.55797790241932,
            37.73218318353439
          ],
          [
            -119.55799563041894,
            37.732154329530424
          ],
          [
            -119.5579962174189,
            37.732153454530284
          ],
          [
            -119.55802152341816,
            37.732110327524474
          ],
          [
            -119.55802286441815,
            37.732108040524125
          ],
          [
            -119.55807529141659,
            37.73201868751196
          ],
          [
            -119.55815109941481,
            37.73189435249491
          ],
          [
            -119.55815775741468,
            37.73188325549336
          ],
          [
            -119.55818288541369,
            37.73183848648735
          ]
        ],
        "type": "LineString"
      },
      "id": "nps-trail-18937",
      "properties": {
        "feature_id": "nps-trail-18937",
        "nps_feature_id": "{5A7E784C-6C06-4F05-8148-027EC7002C1C}",
        "nps_object_id": 18937,
        "route_id": "route-vernal-nevada-falls",
        "sequence": 1,
        "source_id": "source-nps-public-trails-feature-service",
        "surface": "Asphalt",
        "trail_name": "John Muir Trail",
        "use": "Hiker/Pedestrian"
      },
      "type": "Feature"
    },
    {
      "geometry": {
        "coordinates": [
          [
            -119.5486602442174,
            37.72621713264245
          ],
          [
            -119.54834108216886,
            37.72624931666831
          ],
          [
            -119.54815964313796,
            37.726238694680305
          ],
          [
            -119.54807717012572,
            37.72624943068721
          ],
          [
            -119.54799880611435,
            37.72626256769406
          ],
          [
            -119.54784373008277,
            37.72620796070006
          ],
          [
            -119.54777494907255,
            37.72621658770581
          ],
          [
            -119.54767432806138,
            37.7262631507174
          ],
          [
            -119.54756949404634,
            37.726282076726676
          ],
          [
            -119.54745802502865,
            37.726286668735085
          ],
          [
            -119.54728272199816,
            37.7262708357462
          ],
          [
            -119.54714650997322,
            37.726247618753746
          ],
          [
            -119.54696646194142,
            37.726226801764696
          ],
          [
            -119.54682960991734,
            37.72621159277311
          ],
          [
            -119.54677453791038,
            37.72622980677873
          ],
          [
            -119.54675069290695,
            37.72623389378086
          ],
          [
            -119.54672920290304,
            37.72623019178203
          ],
          [
            -119.54668344589665,
            37.72624011078622
          ],
          [
            -119.54659950288949,
            37.7262978887977
          ],
          [
            -119.54651701387634,
            37.726301197803885
          ],
          [
            -119.54645093586846,
            37.72632654481102
          ],
          [
            -119.54637323685557,
            37.72632545081652
          ],
          [
            -119.5463047568459,
            37.72633871382264
          ],
          [
            -119.54617078183402,
            37.72642685784054
          ],
          [
            -119.54607650982716,
            37.72650236185437
          ],
          [
            -119.54604418282464,
            37.72652662385898
          ],
          [
            -119.54599160482694,
            37.72662260587177
          ],
          [
            -119.54596401682635,
            37.72665726887695
          ],
          [
            -119.5459035788215,
            37.72670154588547
          ],
          [
            -119.54584757281755,
            37.7267478058938
          ],
          [
            -119.54578465580991,
            37.72677065090044
          ],
          [
            -119.54572838280217,
            37.72678364990572
          ],
          [
            -119.54566331879276,
            37.72679475891145
          ],
          [
            -119.54558574078627,
            37.72684919392209
          ],
          [
            -119.54555503677794,
            37.72682004392158
          ],
          [
            -119.54556160877243,
            37.72676255191571
          ],
          [
            -119.54550860576572,
            37.72677911392105
          ],
          [
            -119.54547080676285,
            37.726808913926554
          ],
          [
            -119.54541797775929,
            37.726853220934494
          ],
          [
            -119.54538198675523,
            37.726869155938594
          ],
          [
            -119.54530205373763,
            37.72682946394057
          ],
          [
            -119.54521896072454,
            37.72683405794697
          ],
          [
            -119.54514237171252,
            37.72683829095287
          ],
          [
            -119.54507943170442,
            37.72685809795925
          ],
          [
            -119.5449705956838,
            37.72683309496468
          ],
          [
            -119.54485072365381,
            37.72674175496472
          ],
          [
            -119.54476509763953,
            37.72673933597063
          ],
          [
            -119.5447100506304,
            37.72673812697445
          ],
          [
            -119.54467772661987,
            37.72669225597247
          ],
          [
            -119.54464711261313,
            37.72667678697321
          ],
          [
            -119.54459196660423,
            37.72667807997725
          ],
          [
            -119.54450994359412,
            37.726707193985895
          ],
          [
            -119.54442702357856,
            37.726689692990185
          ],
          [
            -119.54434905856115,
            37.7266485979919
          ],
          [
            -119.54423252753928,
            37.72662398099792
          ],
          [
            -119.54411300051977,
            37.72662448300656
          ],
          [
            -119.54398190550059,
            37.726643948017774
          ],
          [
            -119.54382848347308,
            37.726623003026795
          ],
          [
            -119.54368999045262,
            37.72664256803854
          ],
          [
            -119.54345064241197,
            37.72662926205448
          ],
          [
            -119.54326875838073,
            37.72661623406629
          ],
          [
            -119.54310217434447,
            37.72653716307078
          ],
          [
            -119.54295431632002,
            37.72653470908117
          ],
          [
            -119.54281838429937,
            37.72654857609221
          ],
          [
            -119.54275922329434,
            37.7265898751003
          ],
          [
            -119.54268854628346,
            37.726595682105916
          ],
          [
            -119.5426323982751,
            37.72660310611066
          ],
          [
            -119.5426065672733,
            37.726623867114455
          ],
          [
            -119.54262573027901,
            37.72664676611521
          ],
          [
            -119.54264134328366,
            37.72666542511588
          ],
          [
            -119.54268158629486,
            37.72670593411678
          ],
          [
            -119.54278950931928,
            37.72676525211462
          ],
          [
            -119.54291778134852,
            37.72683831411229
          ],
          [
            -119.54296065336376,
            37.72691065311599
          ],
          [
            -119.54306640438827,
            37.72697395011436
          ],
          [
            -119.54312356540377,
            37.72702820411538
          ],
          [
            -119.5431893024217,
            37.727091500116614
          ],
          [
            -119.54335034146092,
            37.72720450511569
          ],
          [
            -119.543377900471,
            37.72725347011828
          ],
          [
            -119.54335031547139,
            37.72729686612435
          ],
          [
            -119.54323281545165,
            37.72729264413235
          ],
          [
            -119.54306068741866,
            37.727249741140696
          ],
          [
            -119.54293638240071,
            37.72727063915153
          ],
          [
            -119.542831755389,
            37.727317966163454
          ],
          [
            -119.5427600973758,
            37.72730520916742
          ],
          [
            -119.54268291836141,
            37.72728991517154
          ],
          [
            -119.54242517231307,
            37.72723541918488
          ],
          [
            -119.5423130442862,
            37.72716056618588
          ],
          [
            -119.5421199352521,
            37.7271386871977
          ],
          [
            -119.54193098221522,
            37.72708573620622
          ],
          [
            -119.54187193819833,
            37.72702221720452
          ],
          [
            -119.54185725119159,
            37.726984410202
          ],
          [
            -119.54176086716971,
            37.72693020520384
          ],
          [
            -119.54173967015987,
            37.726874310200124
          ],
          [
            -119.5416209991341,
            37.726818348203345
          ],
          [
            -119.54162230413112,
            37.72679014520059
          ],
          [
            -119.54164476413148,
            37.72676121819631
          ],
          [
            -119.54164983112825,
            37.72672531619253
          ],
          [
            -119.54173452013494,
            37.72666213718053
          ],
          [
            -119.54175436213448,
            37.72662932317603
          ],
          [
            -119.54173452012705,
            37.726592704173996
          ],
          [
            -119.54169311311685,
            37.72656226417412
          ],
          [
            -119.54166296911008,
            37.726546572174826
          ],
          [
            -119.54164853810535,
            37.726525172173815
          ],
          [
            -119.54166568110661,
            37.726512071171385
          ],
          [
            -119.5417290851159,
            37.72650244716596
          ],
          [
            -119.5418083771236,
            37.72645595015589
          ],
          [
            -119.54177173711392,
            37.72642380815548
          ],
          [
            -119.54170166009601,
            37.726366511155184
          ],
          [
            -119.54164646108065,
            37.726311245153944
          ],
          [
            -119.54152671705678,
            37.72627383815896
          ],
          [
            -119.5414747980431,
            37.7262279111584
          ]
        ],
        "type": "LineString"
      },
      "id": "nps-trail-19515",
      "properties": {
        "feature_id": "nps-trail-19515",
        "nps_feature_id": "{F9F3080A-3780-44C7-90E0-37F569E045D2}",
        "nps_object_id": 19515,
        "route_id": "route-vernal-nevada-falls",
        "sequence": 13,
        "source_id": "source-nps-public-trails-feature-service",
        "surface": "Native",
        "trail_name": "Mist Trail",
        "use": "Hiker/Pedestrian"
      },
      "type": "Feature"
    },
    {
      "geometry": {
        "coordinates": [
          [
            -119.5582991543334,
            37.73096472039707
          ],
          [
            -119.55826888631778,
            37.73087087039045
          ],
          [
            -119.55809571127678,
            37.73075920939237
          ],
          [
            -119.55798406223622,
            37.730563207381984
          ],
          [
            -119.55797207922521,
            37.73048329437532
          ],
          [
            -119.55797247321429,
            37.73038695836625
          ],
          [
            -119.55794827719879,
            37.73028553035846
          ],
          [
            -119.55792988518068,
            37.73015218434729
          ],
          [
            -119.55791024116726,
            37.73006271534032
          ],
          [
            -119.55791690215388,
            37.72993540232788
          ],
          [
            -119.55788076114257,
            37.72988795132603
          ],
          [
            -119.55783853912844,
            37.72982418732307
          ],
          [
            -119.55781117011104,
            37.72971076931437
          ],
          [
            -119.55783105210702,
            37.72964675330694
          ],
          [
            -119.55788612109735,
            37.72948221228755
          ],
          [
            -119.55791313008618,
            37.72934459127273
          ],
          [
            -119.55792169807482,
            37.72923258526161
          ],
          [
            -119.55790519605408,
            37.72907398324791
          ],
          [
            -119.55798726205134,
            37.72893187722869
          ],
          [
            -119.55813350604987,
            37.72870851919722
          ],
          [
            -119.5581612040389,
            37.728571810182416
          ],
          [
            -119.55818296002771,
            37.72844197716871
          ],
          [
            -119.55822236902448,
            37.72835667815785
          ],
          [
            -119.55822837301648,
            37.72827764615003
          ],
          [
            -119.55829770900021,
            37.728035015122316
          ],
          [
            -119.5583792489942,
            37.72786474910048
          ],
          [
            -119.55839003694986,
            37.72745925306162
          ],
          [
            -119.55840367394718,
            37.72741546505657
          ],
          [
            -119.55847478094911,
            37.72733008204346
          ],
          [
            -119.558465857939,
            37.72725394503695
          ],
          [
            -119.55845899892333,
            37.72712622502543
          ],
          [
            -119.55846784691566,
            37.727045713017226
          ],
          [
            -119.55847306390903,
            37.72697999901073
          ],
          [
            -119.55848518690846,
            37.72695735400774
          ],
          [
            -119.5585431129131,
            37.7269152709996
          ],
          [
            -119.55859452091796,
            37.72688356799296
          ],
          [
            -119.55858472591102,
            37.72683694198931
          ],
          [
            -119.55852406389684,
            37.72679954699016
          ],
          [
            -119.55844044788508,
            37.72681614399765
          ],
          [
            -119.55834859687111,
            37.72682517700512
          ],
          [
            -119.55824637884261,
            37.72672149000274
          ],
          [
            -119.55819951382509,
            37.72663486299793
          ],
          [
            -119.55813420980991,
            37.7265954439989
          ],
          [
            -119.55803412379902,
            37.726643492010574
          ],
          [
            -119.55798548779194,
            37.72665146401485
          ],
          [
            -119.55792614777941,
            37.72662670901676
          ],
          [
            -119.55764507372456,
            37.72654823702956
          ],
          [
            -119.55754812271009,
            37.72656030603762
          ],
          [
            -119.55746113369433,
            37.72654707404261
          ],
          [
            -119.55726675064935,
            37.72643100504563
          ],
          [
            -119.55721800263491,
            37.726373656043776
          ],
          [
            -119.55711998861227,
            37.72631561804534
          ],
          [
            -119.55697049857999,
            37.726246689049574
          ],
          [
            -119.55676381954243,
            37.72621336906127
          ],
          [
            -119.55661284051926,
            37.726226957073365
          ],
          [
            -119.55654519551345,
            37.72627310308259
          ],
          [
            -119.55640964649376,
            37.726294947094345
          ],
          [
            -119.55630294447403,
            37.72627492310008
          ],
          [
            -119.55613903144182,
            37.726226926107344
          ],
          [
            -119.55596697840274,
            37.72613099111069
          ],
          [
            -119.55576465835885,
            37.72603571111622
          ],
          [
            -119.55555110432597,
            37.72605409113327
          ],
          [
            -119.55533181129208,
            37.72607125815062
          ],
          [
            -119.5551601392771,
            37.72618683217372
          ],
          [
            -119.55496920526434,
            37.72634924220267
          ],
          [
            -119.55482734124563,
            37.72638869221652
          ],
          [
            -119.55468183022953,
            37.726456584233325
          ],
          [
            -119.55457622821407,
            37.72647242424237
          ],
          [
            -119.55435781718045,
            37.72649064825977
          ],
          [
            -119.55407603712517,
            37.726410040272384
          ],
          [
            -119.55376865206618,
            37.726333046287195
          ],
          [
            -119.55352351101524,
            37.7262377322958
          ],
          [
            -119.55333842898229,
            37.726214299306854
          ],
          [
            -119.55308554894259,
            37.726228927326375
          ],
          [
            -119.5526619198816,
            37.72630214336358
          ],
          [
            -119.55239847783947,
            37.726310359383255
          ],
          [
            -119.55216313980168,
            37.72631657540068
          ],
          [
            -119.55202100478238,
            37.72635117541417
          ],
          [
            -119.55189669776152,
            37.72634656342259
          ],
          [
            -119.551805347741,
            37.726297412424536
          ],
          [
            -119.55172982772218,
            37.72624061442462
          ],
          [
            -119.551714012716,
            37.7262090294228
          ]
        ],
        "type": "LineString"
      },
      "id": "nps-trail-20007",
      "properties": {
        "feature_id": "nps-trail-20007",
        "nps_feature_id": "{01940C75-B42E-4344-B824-79583CE33F09}",
        "nps_object_id": 20007,
        "route_id": "route-vernal-nevada-falls",
        "sequence": 4,
        "source_id": "source-nps-public-trails-feature-service",
        "surface": "Asphalt",
        "trail_name": "John Muir Trail",
        "use": "Hiker/Pedestrian"
      },
      "type": "Feature"
    },
    {
      "geometry": {
        "coordinates": [
          [
            -119.551714012716,
            37.7262090294228
          ],
          [
            -119.55151999065323,
            37.72593574841108
          ]
        ],
        "type": "LineString"
      },
      "id": "nps-trail-20091",
      "properties": {
        "feature_id": "nps-trail-20091",
        "nps_feature_id": "{B92281CC-C712-49D7-B764-C754D469C49D}",
        "nps_object_id": 20091,
        "route_id": "route-vernal-nevada-falls",
        "sequence": 5,
        "source_id": "source-nps-public-trails-feature-service",
        "surface": "Asphalt",
        "trail_name": "John Muir Trail",
        "use": "Hiker/Pedestrian"
      },
      "type": "Feature"
    },
    {
      "geometry": {
        "coordinates": [
          [
            -119.5449368984728,
            37.725024115797225
          ],
          [
            -119.54494732247278,
            37.72500913279509
          ],
          [
            -119.54496258047374,
            37.72499525279272
          ],
          [
            -119.54503770248482,
            37.72498447578633
          ],
          [
            -119.54509504549321,
            37.724976157781406
          ],
          [
            -119.54515698050338,
            37.724976294777015
          ],
          [
            -119.54519491850719,
            37.724955377772304
          ],
          [
            -119.54524058751059,
            37.72491957176569
          ],
          [
            -119.54530650751569,
            37.724869730756275
          ],
          [
            -119.54536156952159,
            37.72484224474972
          ],
          [
            -119.54540049252347,
            37.72480231274319
          ],
          [
            -119.54527513248988,
            37.724687403741385
          ],
          [
            -119.54501253344316,
            37.72465435075713
          ],
          [
            -119.54482926240661,
            37.724596249764765
          ],
          [
            -119.54509964243006,
            37.72441377472828
          ],
          [
            -119.54486483138999,
            37.7243987417437
          ],
          [
            -119.54457046833168,
            37.72430958875644
          ],
          [
            -119.54428935327157,
            37.724185349764916
          ],
          [
            -119.54400657021473,
            37.724092332776415
          ],
          [
            -119.54383364717877,
            37.724024547782435
          ],
          [
            -119.54360000312529,
            37.723890317786605
          ],
          [
            -119.54338910207764,
            37.72377441679084
          ],
          [
            -119.54344865508578,
            37.72376058378524
          ],
          [
            -119.5435649621074,
            37.72378282477901
          ],
          [
            -119.54373111513713,
            37.72380579176926
          ],
          [
            -119.5440973652013,
            37.72384312274652
          ],
          [
            -119.54421635122158,
            37.72385020173864
          ],
          [
            -119.54441885525294,
            37.72383442872268
          ],
          [
            -119.54445689825737,
            37.7238191157185
          ],
          [
            -119.54442017724871,
            37.723795376718876
          ],
          [
            -119.54428397522143,
            37.72375133072454
          ],
          [
            -119.54411357518899,
            37.723711095732945
          ],
          [
            -119.54388082213602,
            37.723579977737344
          ],
          [
            -119.54366983408626,
            37.723446104739864
          ],
          [
            -119.54345024704008,
            37.72335615874715
          ],
          [
            -119.54315766897867,
            37.72323647875692
          ],
          [
            -119.54282450890658,
            37.72308162976625
          ],
          [
            -119.54256175284897,
            37.72295282177297
          ],
          [
            -119.54214990876365,
            37.72279483978762
          ],
          [
            -119.54198302273198,
            37.72275631479599
          ],
          [
            -119.54182590170197,
            37.72271861980369
          ],
          [
            -119.54175768468689,
            37.72268378280533
          ],
          [
            -119.54149429863449,
            37.72260238181651
          ],
          [
            -119.54112985957025,
            37.722561703838785
          ],
          [
            -119.5408550325258,
            37.72256620385896
          ],
          [
            -119.54049431248343,
            37.72271289089858
          ],
          [
            -119.5403490074668,
            37.722775606914865
          ],
          [
            -119.54017069044158,
            37.722810464930895
          ],
          [
            -119.54001385041556,
            37.72280722294186
          ],
          [
            -119.53982613538106,
            37.72277397795219
          ],
          [
            -119.5396864703519,
            37.722718494956936
          ],
          [
            -119.53957730132916,
            37.72267512696071
          ],
          [
            -119.53978893136225,
            37.72266199894434
          ],
          [
            -119.53993420037905,
            37.722600335928135
          ],
          [
            -119.54022863142181,
            37.72255279090254
          ],
          [
            -119.54028673242355,
            37.72248463089198
          ],
          [
            -119.54037189942996,
            37.72241815887967
          ],
          [
            -119.54058313945632,
            37.72234599485773
          ],
          [
            -119.540707231468,
            37.72227013484175
          ],
          [
            -119.54077931647524,
            37.72222991283281
          ],
          [
            -119.54086182748574,
            37.72220328382435
          ],
          [
            -119.54097877050232,
            37.722181076813904
          ],
          [
            -119.54111527352019,
            37.72214159080042
          ],
          [
            -119.54107986651252,
            37.72212489880137
          ],
          [
            -119.54074879845552,
            37.72210042082278
          ],
          [
            -119.54061798243671,
            37.72212295483431
          ],
          [
            -119.54051934942524,
            37.72216440884526
          ],
          [
            -119.5403064423988,
            37.72223826486742
          ],
          [
            -119.53992435334082,
            37.722277866898544
          ],
          [
            -119.53968957229854,
            37.72224401391218
          ],
          [
            -119.53944183125353,
            37.72220461892624
          ],
          [
            -119.53924599721313,
            37.72213121393336
          ],
          [
            -119.53910269917938,
            37.72204008093506
          ],
          [
            -119.53887136613316,
            37.721966740944765
          ],
          [
            -119.5386446400949,
            37.72195644696006
          ],
          [
            -119.53846338906453,
            37.72194983497242
          ],
          [
            -119.53813058600494,
            37.72190495999204
          ],
          [
            -119.53789255596145,
            37.72186486200533
          ],
          [
            -119.53774072793468,
            37.721847817014606
          ],
          [
            -119.53759626990788,
            37.72181985002234
          ],
          [
            -119.53747682988451,
            37.72178614502771
          ],
          [
            -119.53730542085529,
            37.72177614903904
          ],
          [
            -119.5371691678343,
            37.721787607049905
          ],
          [
            -119.53704268581718,
            37.72181892406188
          ],
          [
            -119.53691461980299,
            37.721878392076654
          ],
          [
            -119.53676968578837,
            37.72195847609456
          ],
          [
            -119.53669037877928,
            37.72199299010346
          ],
          [
            -119.53651960875523,
            37.72202732211897
          ],
          [
            -119.5364236437419,
            37.722048420127805
          ],
          [
            -119.53631763772722,
            37.722071525137544
          ],
          [
            -119.53607742069617,
            37.72214422616162
          ],
          [
            -119.53604609169417,
            37.72217179716641
          ],
          [
            -119.53598097268741,
            37.722206078174324
          ],
          [
            -119.53591955167977,
            37.72222744018071
          ],
          [
            -119.53581047066572,
            37.72226088419171
          ],
          [
            -119.53573025165515,
            37.722283284199555
          ],
          [
            -119.5356782516493,
            37.72230706920551
          ],
          [
            -119.5356297486432,
            37.72232265221044
          ],
          [
            -119.53552925262879,
            37.72234077921937
          ],
          [
            -119.53547110362018,
            37.72234876422426
          ]
        ],
        "type": "LineString"
      },
      "id": "nps-trail-20133",
      "properties": {
        "feature_id": "nps-trail-20133",
        "nps_feature_id": "{0D73CE6B-2DC0-475F-8117-99DB18507E9C}",
        "nps_object_id": 20133,
        "route_id": "route-vernal-nevada-falls",
        "sequence": 8,
        "source_id": "source-nps-public-trails-feature-service",
        "surface": "Native",
        "trail_name": "John Muir Trail",
        "use": "Hiker/Pedestrian|Pack and Saddle"
      },
      "type": "Feature"
    },
    {
      "geometry": {
        "coordinates": [
          [
            -119.5414747980431,
            37.7262279111584
          ],
          [
            -119.54134605601895,
            37.726200397165044
          ],
          [
            -119.54119781599414,
            37.726196145175265
          ],
          [
            -119.54113395298468,
            37.7262043531806
          ],
          [
            -119.54107332097406,
            37.72619805718438
          ],
          [
            -119.54104308296833,
            37.72619117818589
          ],
          [
            -119.5410075729598,
            37.72616731518615
          ],
          [
            -119.54094260494789,
            37.72615602418979
          ],
          [
            -119.54089352394075,
            37.72616416219407
          ],
          [
            -119.5408441969376,
            37.72620760320168
          ],
          [
            -119.54078756493415,
            37.726258646210525
          ],
          [
            -119.54068631992001,
            37.726280120219805
          ],
          [
            -119.54057364890402,
            37.72630105122983
          ],
          [
            -119.54047180588742,
            37.72630210123721
          ],
          [
            -119.54041740888006,
            37.726315503242404
          ],
          [
            -119.54037737687703,
            37.72634675324821
          ]
        ],
        "type": "LineString"
      },
      "id": "nps-trail-20240",
      "properties": {
        "feature_id": "nps-trail-20240",
        "nps_feature_id": "{8BDB7BC9-8687-44C1-BCE7-D58967ADC1A2}",
        "nps_object_id": 20240,
        "route_id": "route-vernal-nevada-falls",
        "sequence": 14,
        "source_id": "source-nps-public-trails-feature-service",
        "surface": "Native",
        "trail_name": "Mist Trail",
        "use": "Hiker/Pedestrian"
      },
      "type": "Feature"
    },
    {
      "geometry": {
        "coordinates": [
          [
            -119.53485914254382,
            37.7225584562878
          ],
          [
            -119.53471200254032,
            37.722739772315386
          ],
          [
            -119.53459456353515,
            37.72286347433541
          ],
          [
            -119.53452808953749,
            37.72297976135113
          ],
          [
            -119.53446322554281,
            37.723119945368914
          ],
          [
            -119.53431493053161,
            37.72323494439034
          ],
          [
            -119.53418809052857,
            37.72339129941412
          ],
          [
            -119.53410279252942,
            37.723521758432476
          ],
          [
            -119.53403823252822,
            37.72360392044484
          ],
          [
            -119.53397195651945,
            37.723622258451336
          ],
          [
            -119.53388970950567,
            37.72361954645695
          ],
          [
            -119.53377526548941,
            37.72364152446721
          ],
          [
            -119.53369801048136,
            37.723681478476486
          ],
          [
            -119.53362669847819,
            37.72375668648866
          ],
          [
            -119.53353310047903,
            37.72389887850872
          ],
          [
            -119.53347664349133,
            37.72408807353055
          ],
          [
            -119.53340035349392,
            37.72422144954855
          ],
          [
            -119.53326864849436,
            37.72441475757616
          ],
          [
            -119.53319134048816,
            37.724471397586996
          ],
          [
            -119.5330844384898,
            37.72464019861054
          ]
        ],
        "type": "LineString"
      },
      "id": "nps-trail-21659",
      "properties": {
        "feature_id": "nps-trail-21659",
        "nps_feature_id": "{85C5D551-1B5B-49DD-B310-1A065AABF656}",
        "nps_object_id": 21659,
        "route_id": "route-vernal-nevada-falls",
        "sequence": 10,
        "source_id": "source-nps-public-trails-feature-service",
        "surface": "Native",
        "trail_name": "John Muir Trail",
        "use": "Hiker/Pedestrian|Pack and Saddle"
      },
      "type": "Feature"
    },
    {
      "geometry": {
        "coordinates": [
          [
            -119.54037737687703,
            37.72634675324821
          ],
          [
            -119.54027259687363,
            37.72646764226703
          ]
        ],
        "type": "LineString"
      },
      "id": "nps-trail-22642",
      "properties": {
        "feature_id": "nps-trail-22642",
        "nps_feature_id": "{A4ECB642-9449-4775-B84D-2C086E2465B4}",
        "nps_object_id": 22642,
        "route_id": "route-vernal-nevada-falls",
        "sequence": 15,
        "source_id": "source-nps-public-trails-feature-service",
        "surface": "Unknown",
        "trail_name": "Mist Trail",
        "use": "Hiker/Pedestrian"
      },
      "type": "Feature"
    }
  ],
  "type": "FeatureCollection"
}
