{
  "features": [
    {
      "geometry": {
        "coordinates": [
          [
            -119.62727801957134,
            37.544575721960136
          ],
          [
            -119.62730536358177,
            37.5446291779632
          ],
          [
            -119.62738832560724,
            37.544735462967346
          ],
          [
            -119.62749147863943,
            37.544872834972935
          ],
          [
            -119.62756981765673,
            37.54491346797117
          ],
          [
            -119.62768278967644,
            37.54492514296424
          ],
          [
            -119.62774650968849,
            37.54493980396113
          ],
          [
            -119.62779238170265,
            37.54499929896349
          ],
          [
            -119.62780990371245,
            37.54506122996807
          ],
          [
            -119.62791185173114,
            37.545079738962556
          ],
          [
            -119.62793030173326,
            37.5450719039605
          ],
          [
            -119.62809265276147,
            37.54508730795042
          ],
          [
            -119.62817314177947,
            37.545131033948834
          ],
          [
            -119.62821635679292,
            37.54518828095117
          ],
          [
            -119.6282785058162,
            37.545305392957786
          ],
          [
            -119.62830373883023,
            37.545394160964356
          ],
          [
            -119.62833731684526,
            37.545479361969974
          ],
          [
            -119.6283513418546,
            37.54554238997493
          ],
          [
            -119.62842519087434,
            37.545611333976126
          ],
          [
            -119.62850789489255,
            37.54565338497425
          ],
          [
            -119.62856001090726,
            37.54570876897578
          ],
          [
            -119.62858057691646,
            37.54576093997922
          ],
          [
            -119.62862863292845,
            37.54579812697928
          ],
          [
            -119.62868172594168,
            37.54583892097938
          ],
          [
            -119.62878546696089,
            37.545859130973916
          ],
          [
            -119.62886278197863,
            37.54590485097274
          ],
          [
            -119.6289272939952,
            37.545959155973264
          ],
          [
            -119.62904600402821,
            37.54608153197633
          ],
          [
            -119.62914105106131,
            37.54623849598433
          ],
          [
            -119.6292022590771,
            37.546290254984896
          ],
          [
            -119.62931194709599,
            37.54629946597799
          ],
          [
            -119.6293777571078,
            37.5463088619742
          ],
          [
            -119.62944866411846,
            37.546300548968354
          ],
          [
            -119.62962156014488,
            37.5462849999546
          ],
          [
            -119.62979541617504,
            37.54630120294382
          ]
        ],
        "type": "LineString"
      },
      "id": "nps-trail-15000",
      "properties": {
        "feature_id": "nps-trail-15000",
        "nps_feature_id": "{EFBF69CC-CA72-4F34-BEC6-789DF8819183}",
        "nps_object_id": 15000,
        "nps_part": null,
        "route_id": "route-swinging-bridge-wawona",
        "source_id": "source-nps-public-trails-feature-service",
        "surface": "Unknown",
        "trail_name": "Wawona Swinging Bridge Trail",
        "use": "Hiker/Pedestrian"
      },
      "type": "Feature"
    },
    {
      "geometry": {
        "coordinates": [
          [
            -119.6308918299747,
            37.50713536917766
          ],
          [
            -119.63081361796182,
            37.507134421183075
          ],
          [
            -119.63039826789381,
            37.50713175521224
          ],
          [
            -119.63009579484627,
            37.50714743623519
          ],
          [
            -119.62976135079886,
            37.50721151326491
          ],
          [
            -119.62956638177424,
            37.507275710284745
          ],
          [
            -119.62952835876942,
            37.50728822928862
          ],
          [
            -119.62949690676516,
            37.5072957222916
          ],
          [
            -119.62913968871646,
            37.5073808223249
          ],
          [
            -119.62882033367474,
            37.507473875356304
          ],
          [
            -119.628671567654,
            37.50750551936981
          ],
          [
            -119.62860124664418,
            37.50752047737622
          ],
          [
            -119.62849888862762,
            37.50752135038352
          ],
          [
            -119.62838433060902,
            37.50752232739174
          ],
          [
            -119.62809887355891,
            37.50748993940894
          ],
          [
            -119.62786969851844,
            37.50746225942257
          ],
          [
            -119.62758633846651,
            37.50741124343785
          ],
          [
            -119.62753086345641,
            37.50740125544078
          ],
          [
            -119.62723440340514,
            37.507375071459336
          ],
          [
            -119.62693978236072,
            37.507407808483265
          ],
          [
            -119.62689901535461,
            37.507412338486596
          ],
          [
            -119.626677233327,
            37.507488800509556
          ],
          [
            -119.6266257853203,
            37.5075039825146
          ],
          [
            -119.62645877029857,
            37.507553266531076
          ],
          [
            -119.62634392028137,
            37.50756675854048
          ],
          [
            -119.6263237892783,
            37.50756912354213
          ],
          [
            -119.62630229127511,
            37.50757164954389
          ],
          [
            -119.62629605227397,
            37.50757079954426
          ],
          [
            -119.62613313424494,
            37.507548590553704
          ],
          [
            -119.62592018420024,
            37.507458932560354
          ],
          [
            -119.62588455019124,
            37.50743103356023
          ],
          [
            -119.62578202316563,
            37.50735076255991
          ],
          [
            -119.62567804712732,
            37.507159358549295
          ],
          [
            -119.62559380609547,
            37.50699731753997
          ],
          [
            -119.62548059906196,
            37.5068627425353
          ],
          [
            -119.62534185302641,
            37.506746618534194
          ],
          [
            -119.62532647402286,
            37.5067374935344
          ],
          [
            -119.62509389296953,
            37.506599496537895
          ],
          [
            -119.62506984796406,
            37.506585229538224
          ],
          [
            -119.62505621096162,
            37.506583754539086
          ],
          [
            -119.62482274192077,
            37.50655848455327
          ],
          [
            -119.62482111692049,
            37.50655839155332
          ],
          [
            -119.62459782988262,
            37.50654560356794
          ],
          [
            -119.62455571787568,
            37.50654453857082
          ],
          [
            -119.62434695984099,
            37.506539260585114
          ],
          [
            -119.6242134248143,
            37.5064948235904
          ],
          [
            -119.62413224679803,
            37.506467808593605
          ],
          [
            -119.62397898976515,
            37.50639672959776
          ],
          [
            -119.62380100572409,
            37.50628903860022
          ],
          [
            -119.62372004069607,
            37.50615682059347
          ],
          [
            -119.62369415266897,
            37.505951756575975
          ],
          [
            -119.6237880776498,
            37.50564270154018
          ],
          [
            -119.62389500465038,
            37.50549131151834
          ],
          [
            -119.6239475816465,
            37.50538011950413
          ],
          [
            -119.62399799964281,
            37.50527348749052
          ],
          [
            -119.62402189662517,
            37.50508023047065
          ],
          [
            -119.62402948461958,
            37.5050188694643
          ],
          [
            -119.62399674058138,
            37.504724635438855
          ],
          [
            -119.62399018057374,
            37.50466568743376
          ],
          [
            -119.62399032356996,
            37.50463163843059
          ],
          [
            -119.62399114054834,
            37.50443678041211
          ],
          [
            -119.62405727854102,
            37.50427437639215
          ],
          [
            -119.62426455553435,
            37.50391213534331
          ],
          [
            -119.62439609753154,
            37.50369463231349
          ],
          [
            -119.62448714352186,
            37.503474452286305
          ],
          [
            -119.62449584350806,
            37.503338358272835
          ],
          [
            -119.62445007046914,
            37.50305684624953
          ],
          [
            -119.62449179344965,
            37.50282085222434
          ],
          [
            -119.62457036644302,
            37.50264647020233
          ],
          [
            -119.62470889344928,
            37.502500337178745
          ],
          [
            -119.62498622047706,
            37.50234396514438
          ],
          [
            -119.62519222850095,
            37.502256966121564
          ],
          [
            -119.6254153005268,
            37.50216275909688
          ],
          [
            -119.62561722254485,
            37.502029170069996
          ],
          [
            -119.62563904954675,
            37.50201473006707
          ],
          [
            -119.6257820595538,
            37.50186849604315
          ],
          [
            -119.62587024254881,
            37.50169487102054
          ],
          [
            -119.62590645552706,
            37.50144729899465
          ],
          [
            -119.62586654149351,
            37.50120499697464
          ],
          [
            -119.6258111684511,
            37.50090581695034
          ],
          [
            -119.6257991464109,
            37.50056275791886
          ],
          [
            -119.62585401438926,
            37.5002892198892
          ],
          [
            -119.62591482636539,
            37.499986050856315
          ],
          [
            -119.62592524736128,
            37.499934094850666
          ],
          [
            -119.62587811833221,
            37.49974202183593
          ],
          [
            -119.62584984332236,
            37.49969532783352
          ],
          [
            -119.62576622029331,
            37.49955723082636
          ],
          [
            -119.62559261824842,
            37.49940862082467
          ],
          [
            -119.62536858319892,
            37.49929200882954
          ],
          [
            -119.62512387415163,
            37.499225923840676
          ],
          [
            -119.62505992714087,
            37.49922282484489
          ],
          [
            -119.62494949112227,
            37.49921747385225
          ],
          [
            -119.62492153611751,
            37.49921611785404
          ],
          [
            -119.62489189111332,
            37.49922137685668
          ],
          [
            -119.62479570909952,
            37.499238438865085
          ],
          [
            -119.62464495007792,
            37.499265183878286
          ],
          [
            -119.62453453206514,
            37.49931228289052
          ],
          [
            -119.62444150605441,
            37.49935196290089
          ],
          [
            -119.62413602501812,
            37.4994731959339
          ],
          [
            -119.6237965029788,
            37.49961680497152
          ],
          [
            -119.6236273479592,
            37.49968835299023
          ],
          [
            -119.62344732894263,
            37.49980322001378
          ],
          [
            -119.62334343493792,
            37.49991281803148
          ],
          [
            -119.62330060093701,
            37.499967235039634
          ],
          [
            -119.62326607593627,
            37.50001109804626
          ],
          [
            -119.62318673494228,
            37.5001809480679
          ],
          [
            -119.62314815397042,
            37.5004893700997
          ],
          [
            -119.6231356969755,
            37.50055301710659
          ],
          [
            -119.62310246098897,
            37.50072284712495
          ],
          [
            -119.62302685399322,
            37.50087115614429
          ],
          [
            -119.62289754598922,
            37.50102423516785
          ],
          [
            -119.62272736797703,
            37.501163917193054
          ],
          [
            -119.6224619959464,
            37.50127710122257
          ],
          [
            -119.62206566989192,
            37.501368161259194
          ],
          [
            -119.62122853677702,
            37.50156199233676
          ],
          [
            -119.62040934066502,
            37.501755419413
          ],
          [
            -119.62004004661527,
            37.50184944844806
          ],
          [
            -119.61959500055501,
            37.50195946248992
          ],
          [
            -119.61927640750348,
            37.501962956512806
          ],
          [
            -119.61905462146147,
            37.5019106555236
          ],
          [
            -119.61886957642116,
            37.50182023352816
          ],
          [
            -119.6188548494162,
            37.50179724752705
          ],
          [
            -119.61879531539613,
            37.501704325522496
          ],
          [
            -119.61870111136435,
            37.50155728851531
          ],
          [
            -119.61866320534587,
            37.50144675550757
          ],
          [
            -119.61846619324962,
            37.50087226846736
          ],
          [
            -119.61845484022587,
            37.500675821449626
          ],
          [
            -119.61843421721403,
            37.50059991744391
          ],
          [
            -119.61840847819924,
            37.500505186436804
          ],
          [
            -119.6183119911734,
            37.50041475543512
          ],
          [
            -119.6181292511365,
            37.500350444441985
          ],
          [
            -119.61785451908871,
            37.50032435045901
          ],
          [
            -119.6176435090502,
            37.50028749347049
          ],
          [
            -119.61726858596934,
            37.50011057448034
          ],
          [
            -119.61706099192915,
            37.50005388548967
          ],
          [
            -119.61682722889464,
            37.50008605350927
          ],
          [
            -119.61663772887493,
            37.50018681553219
          ],
          [
            -119.61660613787272,
            37.50021285853687
          ],
          [
            -119.61643265586041,
            37.50035587256264
          ],
          [
            -119.61632161384796,
            37.500407133575344
          ],
          [
            -119.61627803884312,
            37.50042724958029
          ],
          [
            -119.61606883681794,
            37.500507723602716
          ],
          [
            -119.61606099881702,
            37.500510738603566
          ],
          [
            -119.61575674177057,
            37.5005389386278
          ],
          [
            -119.61570634076212,
            37.50053708563119
          ],
          [
            -119.61539267670963,
            37.50052554765228
          ],
          [
            -119.6151736536754,
            37.500538792669026
          ],
          [
            -119.61476385262021,
            37.50064319070791
          ],
          [
            -119.6145883335958,
            37.50068080572389
          ],
          [
            -119.61452725558732,
            37.500693894729444
          ],
          [
            -119.61451356558493,
            37.50069256173028
          ],
          [
            -119.61440839756662,
            37.50068231973679
          ],
          [
            -119.61399371748524,
            37.50055916375452
          ],
          [
            -119.61359001941078,
            37.50048216277587
          ],
          [
            -119.61348135239547,
            37.50050363778557
          ],
          [
            -119.6133760343829,
            37.50054500679696
          ],
          [
            -119.61335726838111,
            37.50055642379937
          ],
          [
            -119.6132688483727,
            37.500610219810675
          ],
          [
            -119.61326198837209,
            37.500614394811564
          ],
          [
            -119.61325844737188,
            37.50061815381216
          ],
          [
            -119.61311419236546,
            37.500771288836816
          ],
          [
            -119.61301932436609,
            37.500916011857186
          ],
          [
            -119.61300152736622,
            37.500943160861006
          ],
          [
            -119.61286731637367,
            37.50120610789534
          ],
          [
            -119.61282120637682,
            37.50130166590761
          ],
          [
            -119.61275794338555,
            37.50147244492817
          ],
          [
            -119.61265529337254,
            37.50150622893861
          ],
          [
            -119.61255468635359,
            37.50148305894358
          ],
          [
            -119.61237994932179,
            37.50145369295316
          ],
          [
            -119.61220756929147,
            37.501433702963475
          ],
          [
            -119.61201872725879,
            37.501417076975294
          ]
        ],
        "type": "LineString"
      },
      "id": "nps-trail-15103",
      "properties": {
        "feature_id": "nps-trail-15103",
        "nps_feature_id": "{E9B403E4-F141-48A4-A230-A53A61BD34CD}",
        "nps_object_id": 15103,
        "nps_part": null,
        "route_id": "route-mariposa-grove-road-walking-access",
        "source_id": "source-nps-public-trails-feature-service",
        "surface": "Asphalt",
        "trail_name": "Mariposa Grove Road",
        "use": "Bicycle"
      },
      "type": "Feature"
    },
    {
      "geometry": {
        "coordinates": [
          [
            -119.61125990315153,
            37.501565013043
          ],
          [
            -119.61125769415196,
            37.501572237043845
          ],
          [
            -119.61126153115906,
            37.50162992604903
          ],
          [
            -119.61125705816342,
            37.501675667053604
          ],
          [
            -119.61126439517089,
            37.50173188805841
          ],
          [
            -119.611264895173,
            37.50175011706007
          ],
          [
            -119.6112604671768,
            37.501790858064254
          ],
          [
            -119.6112637841828,
            37.50183973906863
          ],
          [
            -119.6112532391866,
            37.501889268074066
          ],
          [
            -119.61124977719209,
            37.501943513079425
          ],
          [
            -119.6112484911979,
            37.50199725908459
          ],
          [
            -119.61123297720042,
            37.50204239408995
          ],
          [
            -119.6112027222012,
            37.50209395909692
          ],
          [
            -119.61116431319857,
            37.502126361102746
          ],
          [
            -119.61111469019384,
            37.50215643910905
          ],
          [
            -119.6110573521878,
            37.50218645111596
          ],
          [
            -119.61098642117912,
            37.502212293123435
          ],
          [
            -119.61093476517348,
            37.502237065129385
          ],
          [
            -119.61088620616793,
            37.50225841213487
          ],
          [
            -119.61083858616243,
            37.50227886014016
          ],
          [
            -119.61082172316074,
            37.50228825814227
          ],
          [
            -119.61077436515556,
            37.50231116514775
          ],
          [
            -119.61073294715038,
            37.502325149152014
          ],
          [
            -119.61068222614544,
            37.50235529115847
          ],
          [
            -119.6106241551392,
            37.50238392116526
          ],
          [
            -119.61059322913651,
            37.50240513016945
          ],
          [
            -119.61052977713008,
            37.50244038617725
          ],
          [
            -119.6104143301179,
            37.50249976419104
          ],
          [
            -119.6103579021123,
            37.50253206919809
          ],
          [
            -119.61031958510792,
            37.50254898120243
          ],
          [
            -119.61030172910644,
            37.5025620222049
          ],
          [
            -119.61027448010277,
            37.502568580207445
          ],
          [
            -119.61022777709766,
            37.502591048212885
          ],
          [
            -119.610177176091,
            37.50260524621777
          ],
          [
            -119.61011911608277,
            37.50261656322297
          ],
          [
            -119.61005233107232,
            37.50262080222813
          ],
          [
            -119.60999008406185,
            37.502618096232254
          ],
          [
            -119.60992515305084,
            37.50261416223647
          ],
          [
            -119.60987021204163,
            37.502611781240134
          ],
          [
            -119.60984372503752,
            37.502613866242214
          ],
          [
            -119.60982418003438,
            37.5026140722436
          ],
          [
            -119.60979516102938,
            37.50261181924546
          ],
          [
            -119.6097502850225,
            37.502615813248994
          ],
          [
            -119.6096881830128,
            37.502619740253785
          ],
          [
            -119.60963192100458,
            37.50262824325857
          ],
          [
            -119.60958144899897,
            37.50265190726435
          ],
          [
            -119.60953379499409,
            37.50267783027019
          ],
          [
            -119.60948663899102,
            37.502718867277416
          ],
          [
            -119.6094481509895,
            37.50276167628415
          ],
          [
            -119.60941140098734,
            37.50279639629006
          ],
          [
            -119.60937725598592,
            37.50283335229594
          ],
          [
            -119.60935736398582,
            37.50286158330007
          ],
          [
            -119.60934967898699,
            37.50288341530261
          ],
          [
            -119.60932660398761,
            37.502922953307994
          ],
          [
            -119.60930619998713,
            37.50294832531181
          ],
          [
            -119.60928421398668,
            37.50297617431605
          ],
          [
            -119.60924837298465,
            37.5030106113218
          ],
          [
            -119.6092082959822,
            37.503047121328095
          ],
          [
            -119.60917335197992,
            37.50307754333347
          ],
          [
            -119.60914756297863,
            37.50310396833776
          ],
          [
            -119.609137706978,
            37.50311282033931
          ],
          [
            -119.60910591897785,
            37.503158123345806
          ],
          [
            -119.60907093197677,
            37.50319919035214
          ],
          [
            -119.60904349597735,
            37.50324444735836
          ],
          [
            -119.60903171597664,
            37.50325540436026
          ],
          [
            -119.6090061639751,
            37.50327917036428
          ],
          [
            -119.60897136997372,
            37.50331757837039
          ],
          [
            -119.60893340697282,
            37.50336499737755
          ],
          [
            -119.6088995779729,
            37.50341492338463
          ],
          [
            -119.60886756497291,
            37.503461835391334
          ],
          [
            -119.6088210199696,
            37.503500243398285
          ],
          [
            -119.60876282296364,
            37.50353199840541
          ],
          [
            -119.60870873795746,
            37.50355559541145
          ],
          [
            -119.60866720895304,
            37.50357647541634
          ],
          [
            -119.60860156594536,
            37.503603999423596
          ],
          [
            -119.60855259894065,
            37.50363334442981
          ],
          [
            -119.60850621693585,
            37.50365802243546
          ],
          [
            -119.60848146493494,
            37.503686342439835
          ],
          [
            -119.60842015593074,
            37.50373805444908
          ],
          [
            -119.60832199892899,
            37.50386599046812
          ],
          [
            -119.60824343392574,
            37.50395138248174
          ],
          [
            -119.60814800591977,
            37.5040375704966
          ],
          [
            -119.6080503899118,
            37.50410907151029
          ],
          [
            -119.60796121589986,
            37.50413213051879
          ],
          [
            -119.60786031188522,
            37.50414863752748
          ],
          [
            -119.60768459785982,
            37.50417807354268
          ],
          [
            -119.60741400782545,
            37.5042655025701
          ],
          [
            -119.60733808481633,
            37.50429464457825
          ],
          [
            -119.60725041480487,
            37.50432035458687
          ],
          [
            -119.60714981479093,
            37.50434240959606
          ],
          [
            -119.60706756977743,
            37.50434169960182
          ],
          [
            -119.60697371476174,
            37.504337927608105
          ],
          [
            -119.606752199724,
            37.5043239346225
          ],
          [
            -119.60648631268019,
            37.50432017464094
          ],
          [
            -119.60626678364513,
            37.50432680265711
          ],
          [
            -119.60611432062005,
            37.50432512266778
          ],
          [
            -119.60600152460104,
            37.50431956167523
          ],
          [
            -119.60590574258428,
            37.50430973668105
          ],
          [
            -119.605716884551,
            37.50428746569237
          ],
          [
            -119.60541495949589,
            37.50423498770881
          ],
          [
            -119.60526691246828,
            37.50420393071635
          ],
          [
            -119.6051306914422,
            37.504169674722796
          ],
          [
            -119.60500792441704,
            37.50412346472708
          ],
          [
            -119.60489951939239,
            37.5040611337289
          ],
          [
            -119.60479655336889,
            37.50400061173047
          ],
          [
            -119.60467286133898,
            37.50391366073105
          ],
          [
            -119.60463824733083,
            37.50389135873137
          ],
          [
            -119.6045605603127,
            37.50384222073229
          ],
          [
            -119.60453749430381,
            37.503796559729615
          ],
          [
            -119.60448642329249,
            37.503769554730624
          ],
          [
            -119.60444911828422,
            37.50374981773146
          ],
          [
            -119.60439163627119,
            37.503717573732466
          ],
          [
            -119.60431783425571,
            37.503686779734785
          ],
          [
            -119.6042549392442,
            37.503675384738166
          ],
          [
            -119.60418241323283,
            37.50367942474365
          ],
          [
            -119.60411320022298,
            37.50369259174982
          ],
          [
            -119.60399178620975,
            37.50375136676398
          ],
          [
            -119.60392142320244,
            37.50378897377247
          ],
          [
            -119.60382684619401,
            37.50385190178515
          ],
          [
            -119.6037322271838,
            37.503898518796255
          ],
          [
            -119.60364344317222,
            37.50392476180499
          ],
          [
            -119.60358829016378,
            37.50392973080934
          ],
          [
            -119.60353435615458,
            37.503925997812836
          ],
          [
            -119.60346561914234,
            37.503916875816856
          ],
          [
            -119.60341477513187,
            37.503897120818564
          ],
          [
            -119.60334183311497,
            37.50385271481956
          ],
          [
            -119.60330621410235,
            37.50379122881629
          ],
          [
            -119.60330387609561,
            37.503734228811055
          ],
          [
            -119.60334502309549,
            37.50367318580242
          ],
          [
            -119.60342729909593,
            37.5035569247856
          ],
          [
            -119.60345090409457,
            37.50351046877955
          ],
          [
            -119.60357300609034,
            37.50329381575046
          ],
          [
            -119.60366114108675,
            37.503132555728975
          ],
          [
            -119.60370956106954,
            37.5029074487043
          ],
          [
            -119.60372016904512,
            37.50267321768146
          ],
          [
            -119.60369481002381,
            37.50251906266871
          ],
          [
            -119.60362805399858,
            37.502390923661366
          ],
          [
            -119.6035122459656,
            37.50226457565767
          ],
          [
            -119.60334291392799,
            37.502174793661155
          ],
          [
            -119.60318154689622,
            37.50212653466804
          ],
          [
            -119.60303076087092,
            37.5021203076781
          ],
          [
            -119.60294056585687,
            37.502126186685054
          ],
          [
            -119.60279938883447,
            37.50213142669557
          ],
          [
            -119.60271338782162,
            37.502142273702674
          ]
        ],
        "type": "LineString"
      },
      "id": "nps-trail-15148",
      "properties": {
        "feature_id": "nps-trail-15148",
        "nps_feature_id": "{FD51F0D9-1FA0-45EE-936C-913DE8AE920E}",
        "nps_object_id": 15148,
        "nps_part": null,
        "route_id": "route-mariposa-grove-road-walking-access",
        "source_id": "source-nps-public-trails-feature-service",
        "surface": "Asphalt",
        "trail_name": "Mariposa Grove Road",
        "use": "Bicycle"
      },
      "type": "Feature"
    },
    {
      "geometry": {
        "coordinates": [
          [
            -119.62126450759342,
            37.4998636861741
          ],
          [
            -119.62136311060807,
            37.49985057216587
          ],
          [
            -119.62148304262799,
            37.49985381215769
          ],
          [
            -119.62159399664546,
            37.49984828114931
          ],
          [
            -119.62167995665821,
            37.49983693914216
          ],
          [
            -119.62178631167772,
            37.499856236136445
          ],
          [
            -119.62188152469437,
            37.499866409130625
          ],
          [
            -119.62194209670528,
            37.49987576412726
          ],
          [
            -119.62199575271602,
            37.499893158125104
          ],
          [
            -119.62211309573647,
            37.49990506111787
          ],
          [
            -119.62220655175129,
            37.49990107511091
          ],
          [
            -119.62232799077154,
            37.499905189102684
          ],
          [
            -119.62238844478071,
            37.49989918309786
          ],
          [
            -119.62243642878585,
            37.499874988092145
          ],
          [
            -119.62247411578848,
            37.49984361008656
          ],
          [
            -119.62249372478857,
            37.49981599608253
          ],
          [
            -119.62250448578641,
            37.499781057078486
          ],
          [
            -119.62251240778107,
            37.49972156007232
          ],
          [
            -119.62251671677569,
            37.49966672506683
          ],
          [
            -119.62252280576814,
            37.499590137059165
          ],
          [
            -119.62254497976615,
            37.49954015105291
          ],
          [
            -119.62257967676571,
            37.49948565504529
          ],
          [
            -119.62258021876004,
            37.499433738040366
          ],
          [
            -119.62258942275587,
            37.49938249003492
          ],
          [
            -119.62260998575593,
            37.49935329403067
          ],
          [
            -119.62264074375601,
            37.499309282024356
          ],
          [
            -119.62267775575728,
            37.49926661201768
          ],
          [
            -119.62272741475984,
            37.49921695200948
          ],
          [
            -119.62277780676278,
            37.49916962700148
          ],
          [
            -119.62281997876465,
            37.49912464399424
          ],
          [
            -119.62286926477022,
            37.49910224398867
          ],
          [
            -119.62294834278131,
            37.499086150981555
          ],
          [
            -119.62298279278404,
            37.49906024297669
          ],
          [
            -119.62309281079237,
            37.49897435396075
          ],
          [
            -119.62318025680088,
            37.49892265694972
          ],
          [
            -119.6232231868079,
            37.49892277294666
          ],
          [
            -119.62327212781412,
            37.49890714994175
          ],
          [
            -119.6233228788205,
            37.49889030193653
          ],
          [
            -119.6233688688282,
            37.49889177893344
          ],
          [
            -119.62343619683973,
            37.49889713492915
          ],
          [
            -119.62348891384899,
            37.498902778925945
          ],
          [
            -119.62354170385677,
            37.498895433921554
          ],
          [
            -119.62361119686815,
            37.49889571191666
          ],
          [
            -119.62378142989604,
            37.49889700490469
          ],
          [
            -119.6238767089105,
            37.49888730089705
          ],
          [
            -119.62394711492155,
            37.498883320891665
          ],
          [
            -119.62401175893261,
            37.49888818788759
          ],
          [
            -119.62407910794172,
            37.4988714858812
          ],
          [
            -119.62413475594589,
            37.498827629873134
          ],
          [
            -119.62420190895062,
            37.498771519863084
          ],
          [
            -119.62424619395064,
            37.498706744853855
          ],
          [
            -119.62427658795082,
            37.498664350847704
          ],
          [
            -119.62429355494956,
            37.49862803584308
          ],
          [
            -119.62437313995387,
            37.49855030283011
          ],
          [
            -119.62441692095626,
            37.49850822682305
          ],
          [
            -119.62449437695939,
            37.49842236380949
          ],
          [
            -119.62452156095688,
            37.498360303801704
          ],
          [
            -119.6245839139579,
            37.49827868678962
          ],
          [
            -119.62465113995972,
            37.498196829777086
          ],
          [
            -119.62467117196123,
            37.498180903774205
          ],
          [
            -119.62479187097429,
            37.498121224760034
          ],
          [
            -119.62489379298889,
            37.49810331675111
          ],
          [
            -119.62501208900798,
            37.49810155174261
          ],
          [
            -119.62516201703288,
            37.498105772732366
          ],
          [
            -119.6252660650483,
            37.49809183772365
          ],
          [
            -119.62546324708013,
            37.49808891370942
          ],
          [
            -119.62559673710268,
            37.49809631770069
          ],
          [
            -119.62572360412598,
            37.498119631693875
          ],
          [
            -119.62583977814901,
            37.49815590768908
          ],
          [
            -119.62595381717466,
            37.498219288687
          ],
          [
            -119.62602530019271,
            37.498276600687305
          ],
          [
            -119.62607548620726,
            37.49833370168918
          ],
          [
            -119.62616667123395,
            37.49843931769266
          ],
          [
            -119.6262659972687,
            37.4986056977013
          ],
          [
            -119.62634143429632,
            37.49874332970895
          ],
          [
            -119.62637874830779,
            37.498791886710904
          ],
          [
            -119.62641879832044,
            37.49884667771322
          ],
          [
            -119.62643489232495,
            37.49886319071362
          ],
          [
            -119.62652189735871,
            37.49903912672405
          ],
          [
            -119.62664175740056,
            37.49923861573437
          ],
          [
            -119.62672411343603,
            37.499435889747154
          ],
          [
            -119.62678208346316,
            37.499595274758036
          ],
          [
            -119.6268453104856,
            37.4997035257638
          ],
          [
            -119.62691069250381,
            37.499771499765565
          ],
          [
            -119.62702079253556,
            37.49989488176943
          ],
          [
            -119.6270506645458,
            37.499943345771854
          ],
          [
            -119.62709662356284,
            37.50002868377666
          ],
          [
            -119.62710594957468,
            37.5001213047847
          ],
          [
            -119.62709258058246,
            37.50021042279405
          ],
          [
            -119.62705827359153,
            37.50034190780887
          ],
          [
            -119.6270353715956,
            37.50041186681711
          ],
          [
            -119.62701284359942,
            37.500478938825026
          ],
          [
            -119.62699978260255,
            37.50052624883042
          ],
          [
            -119.62698020761593,
            37.500674907845806
          ],
          [
            -119.62698931363316,
            37.5008161138585
          ],
          [
            -119.62701797864452,
            37.50087589286207
          ],
          [
            -119.6270818866591,
            37.500913070861074
          ],
          [
            -119.6272181406855,
            37.50095084485499
          ],
          [
            -119.62734353170967,
            37.500983893849195
          ],
          [
            -119.62747483873382,
            37.501008504842225
          ],
          [
            -119.62756024674958,
            37.501025078837706
          ],
          [
            -119.62764677776785,
            37.501062172835134
          ],
          [
            -119.62783839080657,
            37.50112903882788
          ],
          [
            -119.6279756308338,
            37.50117279182226
          ],
          [
            -119.62807635285439,
            37.50121021981865
          ],
          [
            -119.62817382787676,
            37.50126825781724
          ],
          [
            -119.62823247889652,
            37.50135980482167
          ],
          [
            -119.62828028691392,
            37.50144565582637
          ],
          [
            -119.62829876292459,
            37.501514387831584
          ],
          [
            -119.62829911093166,
            37.50157712183746
          ],
          [
            -119.62827362493275,
            37.501624212843694
          ],
          [
            -119.62821855492959,
            37.5016763308525
          ],
          [
            -119.62814176892257,
            37.501725883862605
          ],
          [
            -119.62805989391369,
            37.50176554687212
          ],
          [
            -119.62795399090133,
            37.501809726883835
          ],
          [
            -119.62779690288161,
            37.501862306899895
          ],
          [
            -119.6276682128649,
            37.50190064791263
          ],
          [
            -119.6275647608516,
            37.501932896922995
          ],
          [
            -119.62740400883149,
            37.50198749193952
          ],
          [
            -119.62731179282214,
            37.50203838395085
          ],
          [
            -119.6272567728169,
            37.502071714957886
          ],
          [
            -119.6272049478168,
            37.502146444968574
          ],
          [
            -119.62713553381808,
            37.50225922198417
          ],
          [
            -119.62709690782268,
            37.502357139996114
          ],
          [
            -119.62708365483515,
            37.50248835400945
          ],
          [
            -119.62705566284284,
            37.50259816002174
          ],
          [
            -119.62701071084277,
            37.502663427031095
          ],
          [
            -119.6269270798368,
            37.50273207204349
          ],
          [
            -119.62685965283056,
            37.502774485052285
          ],
          [
            -119.62677754582498,
            37.50284452506466
          ],
          [
            -119.62669207881807,
            37.50290724207663
          ],
          [
            -119.62661454681138,
            37.502960908087225
          ],
          [
            -119.62656034081182,
            37.503044101098865
          ],
          [
            -119.62652754781318,
            37.50310421410687
          ],
          [
            -119.62657021884003,
            37.503282270120636
          ],
          [
            -119.62658487785076,
            37.50335719812665
          ],
          [
            -119.6265874058616,
            37.50345037713528
          ],
          [
            -119.62657297686592,
            37.50351021414191
          ],
          [
            -119.62653286586915,
            37.50359782315302
          ],
          [
            -119.62652840887348,
            37.503642903157576
          ],
          [
            -119.62652360387773,
            37.50368779016217
          ],
          [
            -119.62650658088023,
            37.50373544316781
          ],
          [
            -119.62646547087738,
            37.503770189174055
          ],
          [
            -119.62645431987977,
            37.50380770617838
          ],
          [
            -119.62647763988785,
            37.50384631518038
          ],
          [
            -119.6265210779005,
            37.50389578518192
          ],
          [
            -119.62658243991649,
            37.50394931618262
          ],
          [
            -119.62660810192371,
            37.503976636183395
          ],
          [
            -119.62663038593138,
            37.50401271718524
          ],
          [
            -119.6266575049417,
            37.504065840188304
          ],
          [
            -119.6267204369607,
            37.50414427919124
          ],
          [
            -119.62674090096822,
            37.50418116019328
          ],
          [
            -119.62675684097636,
            37.504231213196874
          ],
          [
            -119.62675251398183,
            37.5042865822024
          ],
          [
            -119.626796039001,
            37.50439463220948
          ],
          [
            -119.62681042100849,
            37.504440907212825
          ],
          [
            -119.62680770501028,
            37.50446101721489
          ],
          [
            -119.62680818301381,
            37.50449177621779
          ],
          [
            -119.62684743002765,
            37.50455815322124
          ],
          [
            -119.62688189003893,
            37.5046091752236
          ],
          [
            -119.62688516204263,
            37.50463726222605
          ],
          [
            -119.62689821504829,
            37.50466922222814
          ],
          [
            -119.62690107405807,
            37.50475251023576
          ],
          [
            -119.62690353606662,
            37.504825803242525
          ],
          [
            -119.6269220980738,
            37.504863063244706
          ],
          [
            -119.62693106408244,
            37.504927381250134
          ],
          [
            -119.62694334908991,
            37.50497608925387
          ],
          [
            -119.62692526509133,
            37.505015180258795
          ],
          [
            -119.62689701008972,
            37.505042008263366
          ],
          [
            -119.62688138909058,
            37.50507258126737
          ],
          [
            -119.62687505609452,
            37.50511730727204
          ],
          [
            -119.62684173409691,
            37.50518761828101
          ],
          [
            -119.62681138309792,
            37.50524065128815
          ],
          [
            -119.62678351409899,
            37.505290903294835
          ],
          [
            -119.62674624209944,
            37.50534974730305
          ],
          [
            -119.62669728609983,
            37.50542485531357
          ],
          [
            -119.6266816781009,
            37.505456604317686
          ],
          [
            -119.6266548681016,
            37.505502190323874
          ],
          [
            -119.62665822610839,
            37.50555846732895
          ],
          [
            -119.62666873411666,
            37.50561709533371
          ],
          [
            -119.6267036511256,
            37.505646257334014
          ],
          [
            -119.62676726814158,
            37.50569648833424
          ],
          [
            -119.62684028816084,
            37.50576221533524
          ],
          [
            -119.6269440481858,
            37.505834242334664
          ],
          [
            -119.62702654920402,
            37.505876768332854
          ],
          [
            -119.62711742622261,
            37.50591078732962
          ],
          [
            -119.62705553221505,
            37.505933716336166
          ],
          [
            -119.62697971120416,
            37.50594656534273
          ],
          [
            -119.62688173918959,
            37.50595906335088
          ],
          [
            -119.6268119711781,
            37.505958052355695
          ],
          [
            -119.62675410416887,
            37.505959983360015
          ],
          [
            -119.62669669416069,
            37.505970606365054
          ],
          [
            -119.6266577691566,
            37.50599110736974
          ],
          [
            -119.626598692151,
            37.50602730937734
          ],
          [
            -119.62655703714678,
            37.506049776382405
          ],
          [
            -119.62651318614178,
            37.506068922387314
          ],
          [
            -119.62648680514046,
            37.50609623639179
          ],
          [
            -119.6264850991439,
            37.506129349394996
          ],
          [
            -119.6264932641535,
            37.50620357540146
          ],
          [
            -119.62649279215657,
            37.50623154240411
          ],
          [
            -119.62648672015936,
            37.50626535940771
          ],
          [
            -119.62649141416544,
            37.50631317241191
          ],
          [
            -119.6265381961783,
            37.50636016741302
          ],
          [
            -119.62658304118993,
            37.50639833641344
          ],
          [
            -119.6266380972019,
            37.506425000412065
          ],
          [
            -119.6267259982185,
            37.50644570040778
          ],
          [
            -119.62682498823584,
            37.50645623940173
          ],
          [
            -119.62695182225885,
            37.506477404394744
          ],
          [
            -119.62707020828284,
            37.506519693390366
          ],
          [
            -119.62717307630355,
            37.50655476738637
          ],
          [
            -119.62726644232261,
            37.50658881138298
          ],
          [
            -119.62736619434551,
            37.506648355381536
          ],
          [
            -119.62747262836328,
            37.50665217337434
          ],
          [
            -119.62757984438196,
            37.506663203367786
          ]
        ],
        "type": "LineString"
      },
      "id": "nps-trail-15579",
      "properties": {
        "feature_id": "nps-trail-15579",
        "nps_feature_id": "{5D599496-E3B1-416E-AF9E-DCDE94CE1729}",
        "nps_object_id": 15579,
        "nps_part": null,
        "route_id": "route-washburn-trail-mariposa-access",
        "source_id": "source-nps-public-trails-feature-service",
        "surface": "Native",
        "trail_name": "Washburn Trail",
        "use": "Hiker/Pedestrian"
      },
      "type": "Feature"
    },
    {
      "geometry": {
        "coordinates": [
          [
            -119.60090490970006,
            37.50369728397748
          ],
          [
            -119.6008768266986,
            37.503725388982126
          ],
          [
            -119.60083510969467,
            37.50375101698751
          ],
          [
            -119.60078807468977,
            37.50377631099318
          ],
          [
            -119.60074289268545,
            37.50380359099899
          ],
          [
            -119.60069771268164,
            37.503835448005155
          ],
          [
            -119.60065462867912,
            37.50387614401208
          ],
          [
            -119.60061109367453,
            37.50389822801721
          ],
          [
            -119.6005687486699,
            37.503918729022146
          ],
          [
            -119.60051527366552,
            37.503957916029655
          ],
          [
            -119.60046816566125,
            37.50398854903589
          ],
          [
            -119.60043130465733,
            37.50400740304029
          ],
          [
            -119.60039756765279,
            37.50401615704348
          ],
          [
            -119.60034717264624,
            37.50403077304846
          ],
          [
            -119.60029193963963,
            37.50405234605437
          ],
          [
            -119.60028320964119,
            37.50407896505749
          ],
          [
            -119.60028459864537,
            37.50411460506077
          ],
          [
            -119.60029677165268,
            37.50416227106441
          ],
          [
            -119.60033153466291,
            37.50420329306582
          ]
        ],
        "type": "LineString"
      },
      "id": "nps-trail-16026",
      "properties": {
        "feature_id": "nps-trail-16026",
        "nps_feature_id": "{EF7E7402-CE4E-486F-9327-6E17509EBD23}",
        "nps_object_id": 16026,
        "nps_part": null,
        "route_id": "route-mariposa-grizzly-giant-loop",
        "source_id": "source-nps-public-trails-feature-service",
        "surface": "Other",
        "trail_name": "Grizzly Giant Loop Trail",
        "use": "Hiker/Pedestrian"
      },
      "type": "Feature"
    },
    {
      "geometry": {
        "coordinates": [
          [
            -119.5956758016983,
            37.51132760006784
          ],
          [
            -119.59571615170319,
            37.511312238063525
          ],
          [
            -119.59575998670863,
            37.511297097058986
          ],
          [
            -119.59582434771879,
            37.51129400805417
          ],
          [
            -119.59588806373003,
            37.51130153405036
          ],
          [
            -119.59594395473982,
            37.51130724004689
          ],
          [
            -119.59599907574979,
            37.511316394043924
          ],
          [
            -119.59609328076807,
            37.51134218503967
          ],
          [
            -119.59616967878374,
            37.511370747036956
          ],
          [
            -119.59645550584737,
            37.51152271903101
          ],
          [
            -119.59655232486884,
            37.511573858028974
          ],
          [
            -119.59670269090246,
            37.511655011025965
          ],
          [
            -119.59680770492558,
            37.511708819023625
          ],
          [
            -119.59686643993648,
            37.51172024802053
          ],
          [
            -119.59696027595271,
            37.511728813014734
          ],
          [
            -119.59704498996788,
            37.51174068200982
          ],
          [
            -119.59709180097633,
            37.511747797007196
          ],
          [
            -119.59715957998992,
            37.51177038900452
          ],
          [
            -119.59721734600143,
            37.511789018002204
          ],
          [
            -119.59729349401874,
            37.511832749000924
          ],
          [
            -119.59736710403422,
            37.51186399999866
          ],
          [
            -119.59744836205162,
            37.511900983996355
          ],
          [
            -119.59751202106366,
            37.51191594299326
          ],
          [
            -119.59758728407704,
            37.51192535998881
          ],
          [
            -119.59765084908801,
            37.511930757984864
          ],
          [
            -119.59775955610844,
            37.511954986979404
          ],
          [
            -119.59783122512087,
            37.51196137797493
          ],
          [
            -119.59790326913235,
            37.51195904696966
          ],
          [
            -119.5979500261383,
            37.511944058964886
          ],
          [
            -119.5980845891537,
            37.5118852349498
          ],
          [
            -119.59816306016462,
            37.51186805794266
          ],
          [
            -119.59823034317489,
            37.5118622359373
          ],
          [
            -119.59833676619185,
            37.51185840392938
          ],
          [
            -119.5984399542078,
            37.51185061592139
          ],
          [
            -119.59853238122234,
            37.51184541291434
          ],
          [
            -119.5985904082321,
            37.51184832891048
          ],
          [
            -119.59864959524306,
            37.511859719907356
          ],
          [
            -119.59873902526701,
            37.51194347790894
          ],
          [
            -119.59879668328519,
            37.51202208791227
          ],
          [
            -119.59884148929598,
            37.51205316191202
          ],
          [
            -119.59889336830939,
            37.51209783291258
          ],
          [
            -119.5989917483323,
            37.51215923691141
          ],
          [
            -119.5991192753589,
            37.512210943907256
          ],
          [
            -119.59922509438006,
            37.51224566590299
          ],
          [
            -119.59938743241118,
            37.51228704389544
          ],
          [
            -119.59951006743476,
            37.51231906888977
          ],
          [
            -119.59963062745845,
            37.51235545388464
          ],
          [
            -119.59970897447504,
            37.512389197882285
          ],
          [
            -119.59981402149596,
            37.512422728877986
          ],
          [
            -119.59991632651743,
            37.51246584487478
          ],
          [
            -119.60000974053506,
            37.5124871328702
          ],
          [
            -119.60009808755196,
            37.51250923286604
          ],
          [
            -119.60019826556815,
            37.5125082268588
          ],
          [
            -119.60035027259539,
            37.51252989185009
          ],
          [
            -119.60047020661753,
            37.51255288784375
          ],
          [
            -119.60054470363102,
            37.512564534839576
          ],
          [
            -119.60062195464525,
            37.5125791598355
          ],
          [
            -119.60067013365743,
            37.51261761683572
          ],
          [
            -119.60072755667417,
            37.51268406983792
          ],
          [
            -119.60077029668764,
            37.5127423058404
          ],
          [
            -119.60078917469495,
            37.51278025484264
          ],
          [
            -119.60082143971135,
            37.512879825849716
          ]
        ],
        "type": "LineString"
      },
      "id": "nps-trail-16226",
      "properties": {
        "feature_id": "nps-trail-16226",
        "nps_feature_id": "{E4085110-648C-40E0-91E8-B2AA4F406C91}",
        "nps_object_id": 16226,
        "nps_part": null,
        "route_id": "route-mariposa-guardians-loop",
        "source_id": "source-nps-public-trails-feature-service",
        "surface": "Native",
        "trail_name": "Guardians of the Grove Loop Trail",
        "use": "Hiker/Pedestrian"
      },
      "type": "Feature"
    },
    {
      "geometry": {
        "coordinates": [
          [
            -119.60144359488002,
            37.5045226630172
          ],
          [
            -119.60140177787248,
            37.5045164310196
          ],
          [
            -119.60135194586374,
            37.50451071402257
          ],
          [
            -119.60131716385753,
            37.50450598102456
          ],
          [
            -119.60128445485016,
            37.504487768025186
          ],
          [
            -119.60122597583867,
            37.5044702750277
          ],
          [
            -119.60116594482795,
            37.50446202703114
          ],
          [
            -119.60109918381544,
            37.50444763103453
          ],
          [
            -119.60104364380523,
            37.5044374400375
          ],
          [
            -119.60098670079499,
            37.50442910404073
          ],
          [
            -119.60093078978412,
            37.504413464043196
          ],
          [
            -119.60086658677082,
            37.50438764904531
          ],
          [
            -119.60080808875882,
            37.50436575504741
          ],
          [
            -119.60074311674796,
            37.50436337005175
          ],
          [
            -119.60067293373673,
            37.50436539205696
          ],
          [
            -119.6006121857259,
            37.50435719606048
          ],
          [
            -119.60055218371393,
            37.50433780206291
          ],
          [
            -119.60048141869964,
            37.50431344306562
          ],
          [
            -119.60042005368865,
            37.5043043430691
          ],
          [
            -119.6003707266753,
            37.504256698068104
          ],
          [
            -119.60033153466291,
            37.50420329306582
          ]
        ],
        "type": "LineString"
      },
      "id": "nps-trail-16239",
      "properties": {
        "feature_id": "nps-trail-16239",
        "nps_feature_id": "{E71843FA-2B78-4188-B779-C9B7E8089FA4}",
        "nps_object_id": 16239,
        "nps_part": null,
        "route_id": "route-mariposa-grizzly-giant-loop",
        "source_id": "source-nps-public-trails-feature-service",
        "surface": "Asphalt",
        "trail_name": "Grizzly Giant Loop Trail",
        "use": "Hiker/Pedestrian"
      },
      "type": "Feature"
    },
    {
      "geometry": {
        "coordinates": [
          [
            -119.63122023802865,
            37.507139349154734
          ],
          [
            -119.6308918299747,
            37.50713536917766
          ]
        ],
        "type": "LineString"
      },
      "id": "nps-trail-16290",
      "properties": {
        "feature_id": "nps-trail-16290",
        "nps_feature_id": "{B095DF21-9CB5-43C6-970B-7C161CB32036}",
        "nps_object_id": 16290,
        "nps_part": null,
        "route_id": "route-mariposa-grove-road-walking-access",
        "source_id": "source-nps-public-trails-feature-service",
        "surface": "Asphalt",
        "trail_name": "Mariposa Grove Road",
        "use": "Bicycle"
      },
      "type": "Feature"
    },
    {
      "geometry": {
        "coordinates": [
          [
            -119.60995122606026,
            37.502660554239
          ],
          [
            -119.60997863707622,
            37.50276329424674
          ],
          [
            -119.61001560909253,
            37.50285553925284
          ],
          [
            -119.61003358010306,
            37.50292371925803
          ],
          [
            -119.61002081210901,
            37.5029956012657
          ],
          [
            -119.60998032310894,
            37.50305428227409
          ],
          [
            -119.60992742910793,
            37.50312219328426
          ],
          [
            -119.60987564710697,
            37.503189777294274
          ],
          [
            -119.6098369361066,
            37.50324288430201
          ],
          [
            -119.60979557510852,
            37.50332045131227
          ],
          [
            -119.609777330109,
            37.50335133231651
          ],
          [
            -119.60972888110706,
            37.50340485432496
          ],
          [
            -119.60965710210074,
            37.50345301733462
          ],
          [
            -119.6095701750933,
            37.503513809346515
          ],
          [
            -119.60948231208923,
            37.50360570036136
          ],
          [
            -119.60937925408602,
            37.503727237380154
          ],
          [
            -119.60930146608378,
            37.503820939394465
          ],
          [
            -119.60925410708461,
            37.503897764405075
          ],
          [
            -119.6092079340852,
            37.503970476415226
          ],
          [
            -119.60913036807945,
            37.50403216242652
          ],
          [
            -119.60903550306936,
            37.504080752437815
          ],
          [
            -119.60896471706108,
            37.50411038344565
          ],
          [
            -119.6088821610495,
            37.50412692145308
          ],
          [
            -119.60880282403714,
            37.50413219445919
          ],
          [
            -119.60870979702428,
            37.504152967467704
          ],
          [
            -119.60864465501683,
            37.50418125547499
          ],
          [
            -119.60855135200894,
            37.504247115487814
          ],
          [
            -119.60840881499931,
            37.50436919350942
          ],
          [
            -119.6083258489989,
            37.504486524526385
          ],
          [
            -119.60826174499586,
            37.50455354253722
          ],
          [
            -119.60817170098892,
            37.50462264855014
          ],
          [
            -119.60808999097864,
            37.50464996655848
          ],
          [
            -119.60798657796151,
            37.50464773956561
          ],
          [
            -119.60783936093799,
            37.504652514576456
          ],
          [
            -119.60758384289875,
            37.50467388059657
          ],
          [
            -119.60752292589024,
            37.50468702960217
          ],
          [
            -119.60750979189184,
            37.50472038760625
          ],
          [
            -119.60756743890431,
            37.50474777960474
          ],
          [
            -119.60765967691958,
            37.5047499465984
          ],
          [
            -119.60776407293783,
            37.50476100659207
          ],
          [
            -119.60788333595946,
            37.50478021258543
          ],
          [
            -119.60796829797577,
            37.50480252158148
          ],
          [
            -119.60804405699179,
            37.504835044579195
          ],
          [
            -119.60811485000745,
            37.50487197557768
          ],
          [
            -119.60816838601887,
            37.50489650757621
          ],
          [
            -119.60825701003401,
            37.50490222857045
          ],
          [
            -119.60833159104475,
            37.50488917056396
          ],
          [
            -119.60840321205194,
            37.50484884955504
          ],
          [
            -119.60849029505883,
            37.50478342154273
          ],
          [
            -119.60856256106547,
            37.504737304533265
          ],
          [
            -119.60864197807454,
            37.50470232952433
          ],
          [
            -119.60876276409013,
            37.504665702512334
          ],
          [
            -119.60886303310458,
            37.5046483745036
          ],
          [
            -119.60896591312053,
            37.50464106849563
          ],
          [
            -119.6091055201426,
            37.50463480948512
          ],
          [
            -119.60922787916112,
            37.50462190947524
          ],
          [
            -119.60943526719221,
            37.50459718645824
          ],
          [
            -119.60959442521681,
            37.50458518244585
          ],
          [
            -119.60976952724431,
            37.50457537943253
          ],
          [
            -119.60985215025687,
            37.50456762942592
          ],
          [
            -119.60988933726412,
            37.504577583424236
          ],
          [
            -119.609920135271,
            37.50459420742363
          ],
          [
            -119.60991715227539,
            37.50463771942794
          ],
          [
            -119.60985676127001,
            37.50467844043606
          ],
          [
            -119.60981593426378,
            37.504682044439264
          ],
          [
            -119.60975023625312,
            37.504682597443974
          ],
          [
            -119.60962416023347,
            37.5046907974537
          ],
          [
            -119.6095441482226,
            37.5047103804612
          ],
          [
            -119.60936720220162,
            37.504781123480385
          ],
          [
            -119.60924841718857,
            37.50483790549415
          ],
          [
            -119.60911526817361,
            37.50489817750925
          ],
          [
            -119.60901577216379,
            37.50495572952179
          ],
          [
            -119.60891617815946,
            37.50506256753887
          ],
          [
            -119.60882884315633,
            37.50516198255446
          ],
          [
            -119.60875837915604,
            37.50526299056897
          ],
          [
            -119.60868364315357,
            37.50534988158244
          ],
          [
            -119.6086313921577,
            37.50546325859689
          ],
          [
            -119.60860845615959,
            37.5055133896032
          ],
          [
            -119.60857598616002,
            37.505565026610384
          ],
          [
            -119.60854053215752,
            37.50559457461568
          ],
          [
            -119.60849750415191,
            37.50560698961991
          ],
          [
            -119.60845433814495,
            37.505608046623074
          ],
          [
            -119.60840523213575,
            37.505597105625505
          ],
          [
            -119.60831597011507,
            37.50554214462664
          ],
          [
            -119.6082874531063,
            37.5055056056252
          ],
          [
            -119.60823582609629,
            37.50549108862749
          ],
          [
            -119.60815529508346,
            37.505494008633505
          ],
          [
            -119.60810067607574,
            37.505504656638394
          ],
          [
            -119.60803907706992,
            37.50554259864628
          ],
          [
            -119.60797760106571,
            37.50559466065553
          ],
          [
            -119.60794416106641,
            37.50564966566314
          ],
          [
            -119.60791185406421,
            37.50567761066806
          ],
          [
            -119.6078562530642,
            37.5057582756796
          ],
          [
            -119.6078601970688,
            37.505793598682665
          ],
          [
            -119.60788715707722,
            37.505830141684186
          ],
          [
            -119.60801364210378,
            37.50588325968022
          ],
          [
            -119.60811577512658,
            37.505938376678216
          ],
          [
            -119.60825684215868,
            37.50601947867584
          ],
          [
            -119.60841416319337,
            37.50610022067233
          ],
          [
            -119.60860147523444,
            37.50619456066794
          ],
          [
            -119.60871389725897,
            37.506249770665214
          ],
          [
            -119.60877389627193,
            37.50627834866366
          ],
          [
            -119.60881642828244,
            37.50631037166365
          ],
          [
            -119.60882080528823,
            37.506356087667626
          ],
          [
            -119.6088024412891,
            37.506390276672164
          ],
          [
            -119.60877393028736,
            37.506416241676654
          ],
          [
            -119.60869229727935,
            37.506464326686995
          ],
          [
            -119.60862174127176,
            37.50649883769522
          ],
          [
            -119.60855905126438,
            37.506524594702064
          ],
          [
            -119.60846175925266,
            37.50656184971248
          ],
          [
            -119.60839151824582,
            37.506603615721424
          ],
          [
            -119.60834647224264,
            37.506640831728134
          ],
          [
            -119.60831497224324,
            37.50669204973516
          ],
          [
            -119.60829764024594,
            37.506741764741115
          ]
        ],
        "type": "LineString"
      },
      "id": "nps-trail-16389",
      "properties": {
        "feature_id": "nps-trail-16389",
        "nps_feature_id": "{C47AB6F1-9B8F-4EA3-9E54-2A8F5241E940}",
        "nps_object_id": 16389,
        "nps_part": null,
        "route_id": "route-mariposa-grizzly-giant-loop",
        "source_id": "source-nps-public-trails-feature-service",
        "surface": "Native",
        "trail_name": "Grizzly Giant Loop Trail",
        "use": "Hiker/Pedestrian"
      },
      "type": "Feature"
    },
    {
      "geometry": {
        "coordinates": [
          [
            -119.63628551862341,
            37.52297569728745
          ],
          [
            -119.63631861162382,
            37.522930940280894
          ],
          [
            -119.6363586336277,
            37.522907614275894
          ],
          [
            -119.63643727863393,
            37.52284847326475
          ],
          [
            -119.63651927664141,
            37.52279583225395
          ],
          [
            -119.63664113365112,
            37.522704711236756
          ],
          [
            -119.6367360946642,
            37.52268337122803
          ],
          [
            -119.63684790467998,
            37.52266141521801
          ],
          [
            -119.63707699471543,
            37.52264491920022
          ],
          [
            -119.63727256874444,
            37.522618612183834
          ],
          [
            -119.63745723977317,
            37.52260658316966
          ],
          [
            -119.63756544879153,
            37.52261302616255
          ],
          [
            -119.63773674682308,
            37.52264544515349
          ],
          [
            -119.63795021286063,
            37.52267006414066
          ],
          [
            -119.63806806188171,
            37.52268684513389
          ],
          [
            -119.63816835690298,
            37.52273121513097
          ],
          [
            -119.63822977491793,
            37.522774959130714
          ],
          [
            -119.63829107593459,
            37.522835043132005
          ],
          [
            -119.63835536895375,
            37.52291230013471
          ],
          [
            -119.6384169799748,
            37.52301095513967
          ],
          [
            -119.63849049299375,
            37.52307321714028
          ],
          [
            -119.6386216360199,
            37.52311600813503
          ],
          [
            -119.63879858805407,
            37.52316354312697
          ],
          [
            -119.63896030708497,
            37.52320407311929
          ],
          [
            -119.63910530311158,
            37.523230614111526
          ],
          [
            -119.63920680712809,
            37.52323042710428
          ],
          [
            -119.63934042214989,
            37.52323065209486
          ],
          [
            -119.63945111416795,
            37.52323057308696
          ],
          [
            -119.63950619917826,
            37.52324289608425
          ],
          [
            -119.63957105119226,
            37.523273116082486
          ],
          [
            -119.63963466120364,
            37.52328233007882
          ],
          [
            -119.63973911922446,
            37.52331642307464
          ],
          [
            -119.63985392824833,
            37.52336245007083
          ],
          [
            -119.6399650632731,
            37.52342188106855
          ],
          [
            -119.64007361629638,
            37.52347198306556
          ],
          [
            -119.64017986231748,
            37.52350545406117
          ],
          [
            -119.64028383334343,
            37.52358602706144
          ],
          [
            -119.64034774135995,
            37.52364114806209
          ],
          [
            -119.64041893238124,
            37.52372760506515
          ],
          [
            -119.64046234539352,
            37.52377393306642
          ],
          [
            -119.64048565240341,
            37.523828438069934
          ],
          [
            -119.64048358340929,
            37.523884072075305
          ],
          [
            -119.64045953941084,
            37.523933144081646
          ],
          [
            -119.64042873840849,
            37.523956843086054
          ],
          [
            -119.64035847840239,
            37.52400499309556
          ],
          [
            -119.64027799939281,
            37.52403687110429
          ],
          [
            -119.6401974763836,
            37.52407153011326
          ],
          [
            -119.64009889237381,
            37.52412751512548
          ],
          [
            -119.64002339936843,
            37.52418996013674
          ],
          [
            -119.63997158736748,
            37.52425686214673
          ],
          [
            -119.63993104936675,
            37.52430946615451
          ],
          [
            -119.63988982937092,
            37.52440636716656
          ],
          [
            -119.6399216943854,
            37.52448972017219
          ],
          [
            -119.64001129041114,
            37.52458924717518
          ],
          [
            -119.64008837643196,
            37.5246631791767
          ],
          [
            -119.64012257544631,
            37.524741684181635
          ],
          [
            -119.64012400745318,
            37.52480095518712
          ],
          [
            -119.64010616746005,
            37.52488844719665
          ],
          [
            -119.64007539846203,
            37.524950956204684
          ],
          [
            -119.64001936446914,
            37.52509639322236
          ],
          [
            -119.63999247947808,
            37.52521545723548
          ],
          [
            -119.64002357449995,
            37.52536604724741
          ],
          [
            -119.64009011852305,
            37.525475472253014
          ],
          [
            -119.64017064754381,
            37.525543519253716
          ],
          [
            -119.64022009855549,
            37.525575943253244
          ],
          [
            -119.64026666057055,
            37.52564272825622
          ],
          [
            -119.6403009545913,
            37.5257785442666
          ],
          [
            -119.64034333761208,
            37.52590254427529
          ],
          [
            -119.64043150764648,
            37.526081565285885
          ],
          [
            -119.64057357669213,
            37.526282815294735
          ],
          [
            -119.64068126172607,
            37.526429231300895
          ],
          [
            -119.64081756576428,
            37.52657219130469
          ],
          [
            -119.64101225481161,
            37.52671211430406
          ],
          [
            -119.6411484778415,
            37.52678044030078
          ],
          [
            -119.64122154085814,
            37.52682291029962
          ],
          [
            -119.64128975387408,
            37.52686590729884
          ],
          [
            -119.64141303989759,
            37.52689695329302
          ],
          [
            -119.64150229291413,
            37.52691438928833
          ],
          [
            -119.64154543592572,
            37.52695496928906
          ],
          [
            -119.64158318393513,
            37.52698394528912
          ],
          [
            -119.64161158594847,
            37.52706205829448
          ],
          [
            -119.64166487296369,
            37.527120880296216
          ],
          [
            -119.64175878098644,
            37.52718755029584
          ],
          [
            -119.6418440400044,
            37.527223777293216
          ],
          [
            -119.64206976205797,
            37.5273736032913
          ],
          [
            -119.64217643808483,
            37.52745831929172
          ],
          [
            -119.6422726481081,
            37.52752645229132
          ],
          [
            -119.64236986413351,
            37.52761173329243
          ],
          [
            -119.64245859615669,
            37.52768964329344
          ],
          [
            -119.64252678917195,
            37.52772674429211
          ],
          [
            -119.64260898718817,
            37.52775225528868
          ],
          [
            -119.64270588020675,
            37.52777686928412
          ],
          [
            -119.64288594823772,
            37.527791120272724
          ],
          [
            -119.64305586926832,
            37.527817623263125
          ],
          [
            -119.6430937072764,
            37.52783449926204
          ],
          [
            -119.64312769028518,
            37.527863857262396
          ],
          [
            -119.64321563230165,
            37.52788266025792
          ],
          [
            -119.64331987132024,
            37.527897143251906
          ],
          [
            -119.64341298133581,
            37.52790049224563
          ],
          [
            -119.64362333037288,
            37.52792551623303
          ],
          [
            -119.64378681240068,
            37.52793593122244
          ],
          [
            -119.64389035341927,
            37.52795124821655
          ],
          [
            -119.64397590743386,
            37.527956941211
          ],
          [
            -119.64406726244884,
            37.527957776204595
          ],
          [
            -119.64415449646184,
            37.52794658619734
          ],
          [
            -119.64424444747644,
            37.52794600819094
          ],
          [
            -119.64433866849335,
            37.52796006618554
          ],
          [
            -119.644436824512,
            37.52798396018081
          ],
          [
            -119.64451850752873,
            37.528014473177905
          ],
          [
            -119.64457843454208,
            37.528046576176706
          ],
          [
            -119.64470285156955,
            37.52811088717395
          ],
          [
            -119.64476656458095,
            37.52811953317021
          ],
          [
            -119.64481810958986,
            37.52812461816703
          ],
          [
            -119.64490407860643,
            37.528147434163074
          ],
          [
            -119.64494216861684,
            37.52818464216388
          ],
          [
            -119.64498163762553,
            37.52820504416302
          ],
          [
            -119.64503363563662,
            37.52822817716151
          ],
          [
            -119.64509150064667,
            37.528234208157976
          ],
          [
            -119.6451275906528,
            37.52823592315558
          ],
          [
            -119.64517554865853,
            37.52821739115042
          ],
          [
            -119.64522441466615,
            37.52821457314669
          ],
          [
            -119.64529513767914,
            37.52822750814286
          ],
          [
            -119.64536627069658,
            37.52827974014277
          ],
          [
            -119.64542762071324,
            37.528339408144035
          ],
          [
            -119.6454792497313,
            37.52842526514844
          ],
          [
            -119.64555148475078,
            37.528494385149806
          ],
          [
            -119.64560319076428,
            37.528539986150435
          ],
          [
            -119.64564043777274,
            37.52856103714976
          ],
          [
            -119.6457146677867,
            37.528577765146096
          ],
          [
            -119.64582536880913,
            37.5286171691419
          ],
          [
            -119.64594854483519,
            37.52867097013827
          ],
          [
            -119.64603070685705,
            37.52874633613952
          ],
          [
            -119.64611064787688,
            37.528807189139606
          ],
          [
            -119.64617365189238,
            37.52885429113957
          ],
          [
            -119.64625553891271,
            37.52891656313959
          ],
          [
            -119.64629957892585,
            37.528970033141526
          ],
          [
            -119.64635878193836,
            37.52899516113969
          ],
          [
            -119.6465073249666,
            37.529031626132586
          ],
          [
            -119.6466378729903,
            37.52905303312535
          ],
          [
            -119.64681820102324,
            37.529084910115515
          ],
          [
            -119.64699158105621,
            37.529127337107205
          ],
          [
            -119.64714286308589,
            37.52917171910063
          ],
          [
            -119.64725575110864,
            37.52921098309634
          ],
          [
            -119.64736304012928,
            37.529239203091365
          ],
          [
            -119.64748641915071,
            37.52925109108376
          ],
          [
            -119.64767180618459,
            37.52928353707369
          ],
          [
            -119.64777224120311,
            37.52930308006836
          ],
          [
            -119.6478906812251,
            37.529327103062265
          ],
          [
            -119.64799399024307,
            37.52933694205583
          ],
          [
            -119.64811232526311,
            37.52934374804806
          ],
          [
            -119.64826048129005,
            37.529369262039964
          ],
          [
            -119.64836762730903,
            37.5293826030336
          ],
          [
            -119.64846068532619,
            37.52940042402872
          ],
          [
            -119.64855681634397,
            37.52941897502364
          ],
          [
            -119.64883858039445,
            37.52946030600751
          ],
          [
            -119.64900314542432,
            37.529487219998394
          ],
          [
            -119.6491127764434,
            37.52949840599168
          ],
          [
            -119.64919389045595,
            37.52949198198533
          ],
          [
            -119.64926159546306,
            37.52945708597719
          ],
          [
            -119.64930528946616,
            37.52942124497072
          ],
          [
            -119.64938143047503,
            37.52938947696236
          ],
          [
            -119.64944749848387,
            37.52937238995606
          ],
          [
            -119.6495369784988,
            37.52937573595005
          ],
          [
            -119.6496343705184,
            37.5294085799462
          ],
          [
            -119.64971149753535,
            37.529448059944436
          ],
          [
            -119.64979620055631,
            37.52951208494449
          ],
          [
            -119.64985321657035,
            37.52955415194438
          ],
          [
            -119.6499636165997,
            37.52965600994612
          ],
          [
            -119.64999948760945,
            37.52969055894687
          ],
          [
            -119.65009982663491,
            37.529772373947424
          ],
          [
            -119.65014682564914,
            37.52983130994965
          ],
          [
            -119.65023399167205,
            37.52990884495077
          ],
          [
            -119.65033894070581,
            37.53005780695731
          ],
          [
            -119.65041686872674,
            37.5301313849587
          ],
          [
            -119.65052727875512,
            37.53022453895965
          ],
          [
            -119.65062435078039,
            37.53030875096067
          ],
          [
            -119.6506645267918,
            37.53035245396195
          ],
          [
            -119.65074273781258,
            37.53042429896314
          ],
          [
            -119.65083262783833,
            37.530523156966076
          ],
          [
            -119.65090282585605,
            37.53057937096636
          ],
          [
            -119.65096872187085,
            37.53061582396513
          ],
          [
            -119.6511768339122,
            37.530682574956664
          ],
          [
            -119.65147515797292,
            37.530790654945626
          ],
          [
            -119.6517590290317,
            37.53090261193602
          ],
          [
            -119.65195900007244,
            37.53097546092874
          ],
          [
            -119.65224072713201,
            37.5310976289202
          ],
          [
            -119.65245818718309,
            37.53123735791793
          ],
          [
            -119.65262871022475,
            37.5313614199175
          ],
          [
            -119.65273346025032,
            37.53143738291725
          ],
          [
            -119.65286481928332,
            37.53154130091768
          ],
          [
            -119.65298335431629,
            37.53166333492077
          ],
          [
            -119.65310839034855,
            37.53176977992188
          ],
          [
            -119.65327221738833,
            37.531886387921205
          ],
          [
            -119.6533749294149,
            37.53197392892218
          ],
          [
            -119.65364637149054,
            37.53225491292932
          ],
          [
            -119.65376336352602,
            37.53240218393486
          ],
          [
            -119.65384605954942,
            37.53249044493734
          ],
          [
            -119.65406378860897,
            37.53270553394212
          ],
          [
            -119.65414441563021,
            37.53277830694323
          ],
          [
            -119.65432882667558,
            37.532915096943015
          ],
          [
            -119.65440683269267,
            37.53295467094124
          ],
          [
            -119.6544858017076,
            37.53297271893727
          ],
          [
            -119.65461925473225,
            37.53299890793033
          ],
          [
            -119.65470168674618,
            37.533003263924854
          ],
          [
            -119.6547719557613,
            37.533036240922975
          ],
          [
            -119.65486037078361,
            37.53310660392333
          ],
          [
            -119.65490975379907,
            37.53317292492603
          ],
          [
            -119.65503832783463,
            37.53330382692924
          ],
          [
            -119.65511231285438,
            37.53337231593043
          ],
          [
            -119.65516679986953,
            37.53342839493182
          ],
          [
            -119.65522115588541,
            37.53349107593389
          ],
          [
            -119.65528712990456,
            37.53356617493624
          ],
          [
            -119.65530938591348,
            37.533613669939164
          ],
          [
            -119.6553466759251,
            37.53366292894114
          ],
          [
            -119.65545113795184,
            37.53375009694192
          ],
          [
            -119.65553770497539,
            37.53383417594372
          ],
          [
            -119.65563306900015,
            37.53391667994469
          ],
          [
            -119.65568756101486,
            37.53396869094569
          ],
          [
            -119.65574937103432,
            37.53405290994925
          ],
          [
            -119.6558455030625,
            37.534164557952906
          ],
          [
            -119.65591521408089,
            37.534227493953885
          ],
          [
            -119.65600134310134,
            37.534284934953206
          ],
          [
            -119.6560790731157,
            37.534300287949115
          ],
          [
            -119.65615867712863,
            37.534299607943424
          ],
          [
            -119.65623572013968,
            37.53428586593663
          ],
          [
            -119.65629679314601,
            37.534253818929315
          ],
          [
            -119.65631915314589,
            37.53422013792455
          ],
          [
            -119.6563310771414,
            37.5341630529183
          ],
          [
            -119.65635539713996,
            37.534114288912
          ],
          [
            -119.65638982514079,
            37.53407170290556
          ],
          [
            -119.65644642214836,
            37.53405738090022
          ],
          [
            -119.6564856451556,
            37.5340643628981
          ],
          [
            -119.65651840816268,
            37.53408002689723
          ],
          [
            -119.65657132117822,
            37.53414229489931
          ],
          [
            -119.65660869919024,
            37.53419516890163
          ],
          [
            -119.65668004721316,
            37.53429609590606
          ],
          [
            -119.65676805824357,
            37.53443976291336
          ],
          [
            -119.65691799128582,
            37.53459912391769
          ],
          [
            -119.65702318431278,
            37.53468646591841
          ],
          [
            -119.65707227532533,
            37.5347272279188
          ],
          [
            -119.65715497534482,
            37.534781179917964
          ],
          [
            -119.65728832637424,
            37.53484982791499
          ],
          [
            -119.6573961413972,
            37.53489809691185
          ],
          [
            -119.65747428841438,
            37.5349379349101
          ],
          [
            -119.65755035642924,
            37.534959984906756
          ],
          [
            -119.65762107144447,
            37.53499330090485
          ],
          [
            -119.65763219845405,
            37.535062724910595
          ],
          [
            -119.65759632845412,
            37.53511548391812
          ],
          [
            -119.65744540543857,
            37.53519589193636
          ],
          [
            -119.65726526842442,
            37.53533188196193
          ],
          [
            -119.65714379941596,
            37.53543284698005
          ],
          [
            -119.65681161539624,
            37.53574041803256
          ],
          [
            -119.65672337839324,
            37.53584196904837
          ],
          [
            -119.65667304139137,
            37.5358985110573
          ]
        ],
        "type": "LineString"
      },
      "id": "nps-trail-16611",
      "properties": {
        "feature_id": "nps-trail-16611",
        "nps_feature_id": "{7AA99084-5535-44EA-B786-7C2C28A5794F}",
        "nps_object_id": 16611,
        "nps_part": null,
        "route_id": "route-wawona-meadow-loop",
        "source_id": "source-nps-public-trails-feature-service",
        "surface": "Native",
        "trail_name": "Wawona Meadow Loop Trail",
        "use": "Hiker/Pedestrian|Pack and Saddle|Bicycle"
      },
      "type": "Feature"
    },
    {
      "geometry": {
        "coordinates": [
          [
            -119.65274736370051,
            37.5354409202928
          ],
          [
            -119.65265820668479,
            37.53543063629819
          ],
          [
            -119.65256981966438,
            37.535376642299404
          ],
          [
            -119.65249762464657,
            37.53532253029939
          ],
          [
            -119.6524343596307,
            37.53527275729919
          ],
          [
            -119.65237065061721,
            37.53524502530114
          ],
          [
            -119.6523002506033,
            37.535223325304095
          ],
          [
            -119.65224076559116,
            37.535201201306236
          ],
          [
            -119.65217622557638,
            37.53516346130727
          ],
          [
            -119.65213032656264,
            37.535107503305255
          ],
          [
            -119.65208834554988,
            37.53505425330322
          ],
          [
            -119.6520207875299,
            37.534974217300494
          ],
          [
            -119.65192775550955,
            37.534927614302724
          ],
          [
            -119.65181796548599,
            37.53487728930577
          ],
          [
            -119.6515933914402,
            37.534795173313995
          ],
          [
            -119.65146918441387,
            37.534740934317675
          ],
          [
            -119.65136087439028,
            37.53468741732031
          ],
          [
            -119.65126147336842,
            37.53463694132262
          ],
          [
            -119.65117389435049,
            37.53460439632581
          ],
          [
            -119.651097440335,
            37.534577346328675
          ],
          [
            -119.65100544531838,
            37.53456265933383
          ],
          [
            -119.65090501130179,
            37.534560509340764
          ],
          [
            -119.65083997929041,
            37.53455368834473
          ],
          [
            -119.6507673522771,
            37.534540519348646
          ],
          [
            -119.65070017226442,
            37.534524656351884
          ],
          [
            -119.6506205172527,
            37.53453603435861
          ],
          [
            -119.65054851724139,
            37.534540138364136
          ],
          [
            -119.65044532722385,
            37.534533598370835
          ],
          [
            -119.65035537820964,
            37.534537564377594
          ],
          [
            -119.65026516519531,
            37.53454077138432
          ],
          [
            -119.65015622517664,
            37.534532426391245
          ],
          [
            -119.65007643016179,
            37.534516057395386
          ],
          [
            -119.64999818114649,
            37.534493465398825
          ],
          [
            -119.64990995112939,
            37.5344686424027
          ],
          [
            -119.64977109610115,
            37.53441853940785
          ],
          [
            -119.64968945108397,
            37.534384163410444
          ],
          [
            -119.64958691006585,
            37.534371519416474
          ],
          [
            -119.64947275304613,
            37.53436161842367
          ],
          [
            -119.64937746402907,
            37.53434809642912
          ],
          [
            -119.64931964401717,
            37.53432599943116
          ],
          [
            -119.64925710200528,
            37.53431035843418
          ],
          [
            -119.64918362599312,
            37.53430873443919
          ],
          [
            -119.6491062609802,
            37.53430595344444
          ],
          [
            -119.64904588797194,
            37.534319949450044
          ],
          [
            -119.6489699019612,
            37.5343345824568
          ],
          [
            -119.64891231195291,
            37.53434443746185
          ],
          [
            -119.64881822193603,
            37.5343304504672
          ],
          [
            -119.64869515991424,
            37.53431496847445
          ],
          [
            -119.64859428189844,
            37.53432114548218
          ],
          [
            -119.64849543188072,
            37.53430675548785
          ],
          [
            -119.64840926586389,
            37.53428164149162
          ],
          [
            -119.64835214784856,
            37.53422786349062
          ],
          [
            -119.64830841983603,
            37.534179577489134
          ],
          [
            -119.64819047281398,
            37.534154826495225
          ],
          [
            -119.64809838579777,
            37.53414358350069
          ],
          [
            -119.64801992578234,
            37.53411995050402
          ],
          [
            -119.6479586777677,
            37.53407860150446
          ],
          [
            -119.64791377175322,
            37.534014210501624
          ],
          [
            -119.64787057974236,
            37.53398011150148
          ],
          [
            -119.64778951772334,
            37.53392807250231
          ],
          [
            -119.64769365270271,
            37.53388353550491
          ],
          [
            -119.64759978468247,
            37.53383953250746
          ],
          [
            -119.64754027366838,
            37.53379992150797
          ],
          [
            -119.64747878265544,
            37.5337742145099
          ],
          [
            -119.6474036116411,
            37.53375541351344
          ],
          [
            -119.64732227962638,
            37.533742286518006
          ],
          [
            -119.64720813360537,
            37.53372062252404
          ],
          [
            -119.64705270557583,
            37.53368328853159
          ],
          [
            -119.64695576255511,
            37.53363880053427
          ],
          [
            -119.64684971253165,
            37.53358360853661
          ],
          [
            -119.64679659851633,
            37.53352428653478
          ],
          [
            -119.64677370750744,
            37.53347840653206
          ],
          [
            -119.64672438848854,
            37.5333807285264
          ],
          [
            -119.64667827047738,
            37.53334830352666
          ],
          [
            -119.6466098094624,
            37.5333143665283
          ],
          [
            -119.64649934743657,
            37.533244465529535
          ],
          [
            -119.64638620140725,
            37.53314704052842
          ],
          [
            -119.64632392538967,
            37.53308059152656
          ],
          [
            -119.64628703137858,
            37.533035261524944
          ],
          [
            -119.64628628837241,
            37.53298093551987
          ],
          [
            -119.64629717636672,
            37.53291456151283
          ],
          [
            -119.64630358635965,
            37.53284204650556
          ],
          [
            -119.64630983435183,
            37.53276309749769
          ],
          [
            -119.64628601133457,
            37.532643312488126
          ],
          [
            -119.6462510583175,
            37.53254195948107
          ],
          [
            -119.64621331030331,
            37.532470163477015
          ],
          [
            -119.6461422332843,
            37.532403458475734
          ],
          [
            -119.64606210026555,
            37.532352611476675
          ],
          [
            -119.6459932482505,
            37.53231863647836
          ],
          [
            -119.64592906923686,
            37.53229005548019
          ],
          [
            -119.64583926922126,
            37.53228152148579
          ],
          [
            -119.64574515920523,
            37.53227513749185
          ],
          [
            -119.64558451017774,
            37.532263305502156
          ],
          [
            -119.64545327215055,
            37.532211281506555
          ],
          [
            -119.64530354511993,
            37.53215611451196
          ],
          [
            -119.64513548108768,
            37.53211274351985
          ],
          [
            -119.6448235580287,
            37.53203990553508
          ],
          [
            -119.64457431098134,
            37.53197977354712
          ],
          [
            -119.64434326093694,
            37.53191956655785
          ],
          [
            -119.64391355485652,
            37.53182662557961
          ],
          [
            -119.64366547380894,
            37.53176255759114
          ],
          [
            -119.64350026377791,
            37.53172613259949
          ],
          [
            -119.64342494176327,
            37.531705028602794
          ],
          [
            -119.6432990837363,
            37.531647284606294
          ],
          [
            -119.64313973770454,
            37.53159539461276
          ],
          [
            -119.64286089064377,
            37.531458250619636
          ],
          [
            -119.64253877457206,
            37.53128654862635
          ],
          [
            -119.64244911555505,
            37.531265539630695
          ],
          [
            -119.64235927853649,
            37.531229986633754
          ],
          [
            -119.64228328151998,
            37.53119328563562
          ],
          [
            -119.64218178050017,
            37.531164094640125
          ],
          [
            -119.64198610846208,
            37.531109046648794
          ],
          [
            -119.64171325440945,
            37.53103620066133
          ],
          [
            -119.64156992838194,
            37.530998805667984
          ],
          [
            -119.6414445403609,
            37.530993101676295
          ],
          [
            -119.64124913832946,
            37.53099732769059
          ],
          [
            -119.64112340430832,
            37.53099142269893
          ],
          [
            -119.640974714282,
            37.53097265070775
          ],
          [
            -119.64091943927107,
            37.53095531371001
          ],
          [
            -119.64084069825648,
            37.530939992714174
          ],
          [
            -119.64075888424044,
            37.530915752717675
          ],
          [
            -119.64070342922778,
            37.53088329471854
          ],
          [
            -119.64066656621834,
            37.53085252971829
          ],
          [
            -119.64064066820413,
            37.53076301171167
          ],
          [
            -119.64061851219184,
            37.530685510705986
          ],
          [
            -119.64060016418172,
            37.5306221677013
          ],
          [
            -119.64056317216932,
            37.53056511769854
          ],
          [
            -119.64046861514747,
            37.53050741969984
          ],
          [
            -119.640391583127,
            37.53043671969867
          ],
          [
            -119.64031240910575,
            37.53036218169724
          ],
          [
            -119.6402246050854,
            37.53030773069837
          ],
          [
            -119.64016559207349,
            37.530287899700646
          ],
          [
            -119.64010271306286,
            37.53028432570483
          ],
          [
            -119.64003399705203,
            37.53028758470998
          ],
          [
            -119.6399435790373,
            37.53028754271639
          ],
          [
            -119.6398982390277,
            37.53026785471774
          ],
          [
            -119.63987828101916,
            37.530220647714756
          ],
          [
            -119.63985186800491,
            37.53013177170825
          ],
          [
            -119.63981929098878,
            37.53003501870142
          ],
          [
            -119.63978555497089,
            37.529924067693415
          ],
          [
            -119.6397352199556,
            37.52986068469102
          ],
          [
            -119.6396742989416,
            37.529824375691874
          ],
          [
            -119.63958336292637,
            37.52982075569801
          ],
          [
            -119.63950643891606,
            37.52984033170533
          ],
          [
            -119.63944192390774,
            37.5298603637118
          ],
          [
            -119.639406035902,
            37.529861366714385
          ],
          [
            -119.63935244289178,
            37.52984801771695
          ],
          [
            -119.63929786788133,
            37.5298341847195
          ],
          [
            -119.63926042687196,
            37.529804724719384
          ],
          [
            -119.63922848386284,
            37.52976994671839
          ],
          [
            -119.6392191428587,
            37.52974666571687
          ],
          [
            -119.63918250884619,
            37.52968838071397
          ],
          [
            -119.6391520228323,
            37.52960833570858
          ],
          [
            -119.63909475581713,
            37.52955638870779
          ],
          [
            -119.639038227801,
            37.529494232705936
          ],
          [
            -119.63897117778029,
            37.529407098702485
          ],
          [
            -119.63893979976922,
            37.52935348569967
          ],
          [
            -119.63887063174994,
            37.529282310697866
          ],
          [
            -119.63881217473758,
            37.52925658969961
          ],
          [
            -119.63872090372136,
            37.52924501470503
          ],
          [
            -119.63861861970375,
            37.52923631371144
          ],
          [
            -119.63854267869169,
            37.52923896271709
          ],
          [
            -119.63847356067818,
            37.52921901472007
          ],
          [
            -119.63844117267034,
            37.52919632872025
          ],
          [
            -119.63841555166131,
            37.529153067717985
          ],
          [
            -119.63841073065632,
            37.52911564171479
          ],
          [
            -119.63840318365412,
            37.52910679271452
          ],
          [
            -119.63838955264767,
            37.52906905071192
          ],
          [
            -119.63837340764077,
            37.529030397709434
          ],
          [
            -119.63835413463038,
            37.52896568870474
          ],
          [
            -119.6383247586182,
            37.5288995277006
          ],
          [
            -119.63828952960979,
            37.52887586970084
          ],
          [
            -119.63821384659305,
            37.52883680670254
          ],
          [
            -119.6381185645769,
            37.5288306987087
          ],
          [
            -119.63801034755963,
            37.528834446716765
          ],
          [
            -119.63794914954896,
            37.52882789472048
          ],
          [
            -119.63784459652915,
            37.528803718725605
          ],
          [
            -119.63777172251363,
            37.52877068172769
          ],
          [
            -119.63773727950324,
            37.52872788572611
          ],
          [
            -119.63772171849484,
            37.52867546372227
          ],
          [
            -119.63769156648614,
            37.52864197672127
          ],
          [
            -119.63762993247316,
            37.528615669723116
          ],
          [
            -119.63752543445166,
            37.52857561072679
          ],
          [
            -119.63740244042486,
            37.52851522872982
          ],
          [
            -119.63728658039939,
            37.52845616773247
          ],
          [
            -119.63722735738526,
            37.52841668673297
          ],
          [
            -119.63717839537243,
            37.528373308732384
          ],
          [
            -119.63716482936624,
            37.528338022730004
          ],
          [
            -119.63717292136282,
            37.528295162725385
          ],
          [
            -119.63720035536475,
            37.52827241372131
          ],
          [
            -119.6372527133728,
            37.52826805071717
          ],
          [
            -119.6374209553997,
            37.52826353370478
          ],
          [
            -119.63767506444049,
            37.528257496686194
          ],
          [
            -119.63775716644982,
            37.528221685677025
          ],
          [
            -119.63781517945338,
            37.528168890667956
          ],
          [
            -119.63781502044526,
            37.528096414661114
          ],
          [
            -119.63778388343272,
            37.52802951065705
          ],
          [
            -119.63771125141486,
            37.527975721657135
          ],
          [
            -119.6375762983866,
            37.527920024661476
          ],
          [
            -119.63746867736477,
            37.527881261665435
          ],
          [
            -119.63737872334688,
            37.5278525716691
          ],
          [
            -119.63730217233157,
            37.5278274796722
          ],
          [
            -119.63718808230496,
            37.527755488673535
          ],
          [
            -119.63713339928988,
            37.527700662672174
          ],
          [
            -119.63711089727899,
            37.52763577866769
          ],
          [
            -119.63709695726293,
            37.527512483657105
          ],
          [
            -119.63707888523845,
            37.52732006064027
          ],
          [
            -119.63705374622867,
            37.527269356637234
          ],
          [
            -119.63700353621446,
            37.52721529663573
          ],
          [
            -119.63695600420303,
            37.52718212363597
          ],
          [
            -119.6368467651802,
            37.527137875639546
          ],
          [
            -119.63673371115856,
            37.52710885764481
          ],
          [
            -119.63659174313347,
            37.52709144765324
          ],
          [
            -119.63646735511222,
            37.52708273466124
          ],
          [
            -119.63632058208755,
            37.52707608467106
          ],
          [
            -119.63614528505414,
            37.52703296667942
          ],
          [
            -119.63600552103235,
            37.52704163069015
          ],
          [
            -119.6358761880128,
            37.527055357700625
          ],
          [
            -119.6358039080013,
            37.52705771870596
          ],
          [
            -119.63567214897687,
            37.52703140171284
          ],
          [
            -119.63552469394682,
            37.52697757471824
          ],
          [
            -119.6354868669354,
            37.52693081771652
          ],
          [
            -119.63547764292645,
            37.52686418371089
          ],
          [
            -119.63550075592617,
            37.52682809970586
          ],
          [
            -119.63553738992886,
            37.526798252700445
          ],
          [
            -119.63558854193438,
            37.52677354069453
          ],
          [
            -119.63570571295067,
            37.52674834468381
          ],
          [
            -119.63583045996533,
            37.52669754767022
          ],
          [
            -119.6360092769799,
            37.52656738064526
          ],
          [
            -119.63608876998663,
            37.52651141463437
          ],
          [
            -119.6362511719992,
            37.52638700561111
          ],
          [
            -119.63631813500395,
            37.52633160660112
          ],
          [
            -119.63639425901094,
            37.526283580591205
          ],
          [
            -119.6364553620168,
            37.52624691658341
          ],
          [
            -119.63659051103312,
            37.526195656569044
          ],
          [
            -119.63672086804978,
            37.52615471155593
          ],
          [
            -119.63681574306094,
            37.526116078545535
          ],
          [
            -119.63686236206352,
            37.526071504538066
          ],
          [
            -119.63688664306027,
            37.52600652153021
          ],
          [
            -119.63687764705136,
            37.5259401665246
          ],
          [
            -119.6368487550356,
            37.525841078517324
          ],
          [
            -119.63681514502262,
            37.525774118513425
          ],
          [
            -119.63676355900812,
            37.52572013251198
          ],
          [
            -119.63668743599426,
            37.52570696751615
          ],
          [
            -119.63661242798136,
            37.5257010945209
          ],
          [
            -119.63654283796782,
            37.52568085952391
          ],
          [
            -119.63650827995822,
            37.52564572952309
          ],
          [
            -119.63646580994505,
            37.5255898275208
          ],
          [
            -119.6363413889141,
            37.52549434852066
          ],
          [
            -119.63630922890668,
            37.52547501552111
          ],
          [
            -119.63626605689616,
            37.52544382352123
          ],
          [
            -119.6361580548725,
            37.52538956952383
          ],
          [
            -119.63608578685646,
            37.52535136652532
          ],
          [
            -119.63598365983796,
            37.52533459853096
          ],
          [
            -119.63591047382455,
            37.52532176453498
          ],
          [
            -119.63583944381053,
            37.525299699537946
          ],
          [
            -119.63577070279592,
            37.52526951353998
          ],
          [
            -119.63573162778226,
            37.52520454053663
          ],
          [
            -119.63570002676727,
            37.52511653153056
          ],
          [
            -119.63565796374854,
            37.52500985552353
          ],
          [
            -119.63567055574273,
            37.524940177516065
          ],
          [
            -119.63570168974105,
            37.52487920350812
          ],
          [
            -119.6357390277333,
            37.524755472493794
          ],
          [
            -119.63580445671288,
            37.52447729146297
          ],
          [
            -119.63582182370575,
            37.52438823845334
          ],
          [
            -119.63583717570042,
            37.52431828844569
          ],
          [
            -119.63587760869953,
            37.52425161943652
          ],
          [
            -119.63591422770068,
            37.52420826742987
          ],
          [
            -119.63595902570235,
            37.52415767642196
          ],
          [
            -119.63599543070127,
            37.5240948834134
          ],
          [
            -119.63601118269779,
            37.52404122840725
          ],
          [
            -119.63601266269133,
            37.5239814694015
          ],
          [
            -119.63600411968162,
            37.5239066833951
          ],
          [
            -119.63596416366491,
            37.52381558038936
          ],
          [
            -119.63592302265171,
            37.523757484386785
          ],
          [
            -119.63589206364051,
            37.52370201838376
          ],
          [
            -119.6358795106319,
            37.523643729379174
          ],
          [
            -119.63589702062984,
            37.52359966537379
          ],
          [
            -119.6359549706317,
            37.523531834363254
          ],
          [
            -119.63602131463469,
            37.523461832351984
          ],
          [
            -119.63606940463733,
            37.5234151713442
          ],
          [
            -119.63612353063702,
            37.52333362633267
          ],
          [
            -119.63614743163254,
            37.52325893432394
          ],
          [
            -119.63614689762433,
            37.52318584031708
          ],
          [
            -119.63616028961992,
            37.5231270363106
          ],
          [
            -119.63616141961894,
            37.5231165633095
          ]
        ],
        "type": "LineString"
      },
      "id": "nps-trail-16770",
      "properties": {
        "feature_id": "nps-trail-16770",
        "nps_feature_id": "{8A8CA2AD-47BD-42E6-9FFF-A414E79A8121}",
        "nps_object_id": 16770,
        "nps_part": null,
        "route_id": "route-wawona-meadow-loop",
        "source_id": "source-nps-public-trails-feature-service",
        "surface": "Asphalt",
        "trail_name": "Wawona Meadow Loop Trail",
        "use": "Hiker/Pedestrian|Pack and Saddle|Bicycle"
      },
      "type": "Feature"
    },
    {
      "geometry": {
        "coordinates": [
          [
            -119.63616141961894,
            37.5231165633095
          ],
          [
            -119.63618316361708,
            37.523068277303445
          ],
          [
            -119.63622398062105,
            37.52304421229829
          ],
          [
            -119.63626353362282,
            37.523002062291496
          ],
          [
            -119.63628551862341,
            37.52297569728745
          ]
        ],
        "type": "LineString"
      },
      "id": "nps-trail-16837",
      "properties": {
        "feature_id": "nps-trail-16837",
        "nps_feature_id": "{B9FEBED4-1483-4372-A78A-C4D036CE1E6A}",
        "nps_object_id": 16837,
        "nps_part": null,
        "route_id": "route-wawona-meadow-loop",
        "source_id": "source-nps-public-trails-feature-service",
        "surface": "Unknown",
        "trail_name": "Wawona Meadow Loop Trail",
        "use": "Hiker/Pedestrian"
      },
      "type": "Feature"
    },
    {
      "geometry": {
        "coordinates": [
          [
            -119.59541270566106,
            37.51137817709127
          ],
          [
            -119.5953706636552,
            37.51138756009515
          ],
          [
            -119.59531279664738,
            37.511402069100605
          ],
          [
            -119.59526135264082,
            37.5114187121058
          ],
          [
            -119.595211085634,
            37.51143117411057
          ],
          [
            -119.59516271662662,
            37.51143526711435
          ],
          [
            -119.59511695261988,
            37.51144230911825
          ],
          [
            -119.59507995161452,
            37.5114480021214
          ],
          [
            -119.59503569860792,
            37.51145341612509
          ],
          [
            -119.59498015759988,
            37.511463033129935
          ],
          [
            -119.59482957658126,
            37.51151599014556
          ],
          [
            -119.59469292856342,
            37.51155613415906
          ],
          [
            -119.5943851935235,
            37.511648251189555
          ],
          [
            -119.59428252951098,
            37.51168624920041
          ],
          [
            -119.594217709505,
            37.51172780720894
          ],
          [
            -119.59416715350092,
            37.51176480921601
          ],
          [
            -119.59410777649893,
            37.511833805226715
          ],
          [
            -119.59403988349649,
            37.51191115123883
          ],
          [
            -119.59395876349313,
            37.511999627252905
          ],
          [
            -119.5939186854944,
            37.512069441262355
          ],
          [
            -119.59387108149663,
            37.51215927927422
          ],
          [
            -119.59384204249751,
            37.51220940428097
          ],
          [
            -119.59383126850138,
            37.51226008028651
          ],
          [
            -119.59382063350594,
            37.512316306292604
          ],
          [
            -119.59384846751338,
            37.51234226629305
          ],
          [
            -119.59392603453173,
            37.5123932932924
          ],
          [
            -119.59402241455224,
            37.5124361182896
          ],
          [
            -119.594151680582,
            37.51251358628772
          ],
          [
            -119.59428404361269,
            37.512595293286104
          ],
          [
            -119.59433778062497,
            37.51262643228521
          ],
          [
            -119.59440411563949,
            37.51265957128363
          ],
          [
            -119.5944248366446,
            37.51267525228362
          ],
          [
            -119.59445410665239,
            37.51270198428411
          ],
          [
            -119.594508201667,
            37.51275363128511
          ],
          [
            -119.59455827368103,
            37.51280650228659
          ],
          [
            -119.59459387069097,
            37.51284340728755
          ],
          [
            -119.5946073506951,
            37.51286054528819
          ],
          [
            -119.59462955070212,
            37.51289094628948
          ],
          [
            -119.59467829971727,
            37.51295584229218
          ],
          [
            -119.59475569274943,
            37.513130171303146
          ],
          [
            -119.59478052776184,
            37.51320536830848
          ],
          [
            -119.59481441078589,
            37.51337088232171
          ],
          [
            -119.59484353179958,
            37.51345120032718
          ],
          [
            -119.5949069718241,
            37.51357765033465
          ],
          [
            -119.59494550184105,
            37.513673242340936
          ],
          [
            -119.59494801185627,
            37.51380623335329
          ],
          [
            -119.59491867186588,
            37.513935282367555
          ],
          [
            -119.59486624087701,
            37.51411098338784
          ],
          [
            -119.59484314287795,
            37.51415335239349
          ],
          [
            -119.59486111288707,
            37.514208633397395
          ],
          [
            -119.59492079490522,
            37.51428439540036
          ],
          [
            -119.59496791292187,
            37.51436450040458
          ],
          [
            -119.59497738293189,
            37.514440423411074
          ],
          [
            -119.59496307793816,
            37.51451741541935
          ],
          [
            -119.59497233294391,
            37.514555063422236
          ],
          [
            -119.59499241895135,
            37.51459224042428
          ],
          [
            -119.59498940895995,
            37.51467362643221
          ],
          [
            -119.59491196296737,
            37.51485354645466
          ],
          [
            -119.59486346696818,
            37.51493144746545
          ],
          [
            -119.59482190296706,
            37.514982361473194
          ]
        ],
        "type": "LineString"
      },
      "id": "nps-trail-17198",
      "properties": {
        "feature_id": "nps-trail-17198",
        "nps_feature_id": "{4A418740-8B6D-40D1-8CDF-FD0F50821216}",
        "nps_object_id": 17198,
        "nps_part": null,
        "route_id": "route-mariposa-guardians-loop",
        "source_id": "source-nps-public-trails-feature-service",
        "surface": "Native",
        "trail_name": "Guardians of the Grove Loop Trail",
        "use": "Hiker/Pedestrian"
      },
      "type": "Feature"
    },
    {
      "geometry": {
        "coordinates": [
          [
            -119.60829764024594,
            37.506741764741115
          ],
          [
            -119.60824054523641,
            37.50673969474491
          ],
          [
            -119.6081975692277,
            37.506724374746526
          ],
          [
            -119.60815537522026,
            37.50671945774904
          ],
          [
            -119.6081012482115,
            37.50672005875295
          ],
          [
            -119.60804801520494,
            37.50673921175856
          ],
          [
            -119.6080244282059,
            37.506782102764234
          ],
          [
            -119.60799557320503,
            37.50681657676955
          ],
          [
            -119.60794142620063,
            37.50685637977713
          ],
          [
            -119.6078846971947,
            37.50688606378398
          ],
          [
            -119.60780920718513,
            37.50691098679163
          ],
          [
            -119.6076951651697,
            37.50693946080242
          ],
          [
            -119.60762668115991,
            37.50695171380839
          ],
          [
            -119.60755389614923,
            37.50696222981457
          ],
          [
            -119.60747295813766,
            37.50697702682171
          ],
          [
            -119.60742132213171,
            37.506999325827444
          ],
          [
            -119.60735938612291,
            37.50701068683293
          ],
          [
            -119.60729855011274,
            37.50700875183704
          ],
          [
            -119.60722134010149,
            37.507020536843655
          ],
          [
            -119.60714510409016,
            37.50703046984994
          ],
          [
            -119.6070951760849,
            37.50705630985595
          ],
          [
            -119.60704281108052,
            37.50709351586317
          ],
          [
            -119.60700027907595,
            37.50711493086819
          ],
          [
            -119.60695824407041,
            37.50712717987233
          ],
          [
            -119.60690304406255,
            37.50713677987714
          ],
          [
            -119.60684992305274,
            37.50712679887996
          ],
          [
            -119.6068106380442,
            37.50710783888097
          ],
          [
            -119.6067511380308,
            37.50707491088203
          ],
          [
            -119.60668290501151,
            37.50700148187994
          ],
          [
            -119.60666147100422,
            37.506967723878304
          ],
          [
            -119.6066377259917,
            37.50689004387266
          ],
          [
            -119.6066041669798,
            37.50683258286962
          ],
          [
            -119.60655357596947,
            37.50681408187147
          ],
          [
            -119.60649201795961,
            37.506815412875916
          ],
          [
            -119.60644152695026,
            37.5068057578786
          ],
          [
            -119.60638053793895,
            37.50679362188176
          ],
          [
            -119.60632511092857,
            37.50678142688452
          ],
          [
            -119.60628896491967,
            37.506754366884564
          ],
          [
            -119.6062638839129,
            37.506730345884066
          ],
          [
            -119.60624658690537,
            37.50668792988131
          ],
          [
            -119.60622943889801,
            37.50664773387873
          ],
          [
            -119.60617024088624,
            37.506628493881095
          ],
          [
            -119.60612997987701,
            37.50660502688173
          ],
          [
            -119.60607980786718,
            37.50659009788391
          ],
          [
            -119.60597923384282,
            37.506518721884305
          ],
          [
            -119.60587373281672,
            37.50643922688424
          ],
          [
            -119.60582251980613,
            37.50641909388595
          ],
          [
            -119.6057603337958,
            37.506417307890196
          ],
          [
            -119.6056972227862,
            37.50642390389529
          ],
          [
            -119.6056203907746,
            37.50643199590152
          ],
          [
            -119.60554494476283,
            37.506436951907325
          ],
          [
            -119.60548135075257,
            37.50643765591191
          ],
          [
            -119.60543927474478,
            37.5064293899141
          ],
          [
            -119.60537432573133,
            37.506404204916294
          ],
          [
            -119.60532678471542,
            37.50633136491281
          ],
          [
            -119.60528694169835,
            37.50623621090665
          ],
          [
            -119.60522796568095,
            37.50616644090427
          ],
          [
            -119.60517714666365,
            37.50608605190028
          ],
          [
            -119.60516206065536,
            37.50603406689642
          ],
          [
            -119.60514415864695,
            37.505984500893035
          ],
          [
            -119.60510603163598,
            37.505941733891675
          ],
          [
            -119.60503489762087,
            37.50591030989377
          ],
          [
            -119.60495782960552,
            37.505885844896895
          ],
          [
            -119.60484426058507,
            37.50586808790328
          ],
          [
            -119.6047630125713,
            37.505863717908646
          ],
          [
            -119.60469701056054,
            37.50586359391332
          ],
          [
            -119.60461526854776,
            37.50586902991959
          ],
          [
            -119.60452496953522,
            37.505888618927806
          ],
          [
            -119.60445460852526,
            37.505902216934075
          ],
          [
            -119.60438935351671,
            37.50592087994047
          ],
          [
            -119.60431679950752,
            37.505944940947906
          ],
          [
            -119.60424707849648,
            37.50594786795308
          ],
          [
            -119.60416556148515,
            37.505965612960566
          ],
          [
            -119.60406339246961,
            37.505975590968724
          ],
          [
            -119.60399560846032,
            37.505991286975
          ],
          [
            -119.60389833044458,
            37.50599229698198
          ],
          [
            -119.60382419543213,
            37.50598933998697
          ],
          [
            -119.60375867942057,
            37.50598175199087
          ],
          [
            -119.60369167040953,
            37.50598049799552
          ],
          [
            -119.60363498440088,
            37.50598593200006
          ],
          [
            -119.60353956638406,
            37.505974583005774
          ],
          [
            -119.6034924613744,
            37.505957101007404
          ],
          [
            -119.60344250036434,
            37.50593989700932
          ],
          [
            -119.60338168435138,
            37.50591291501112
          ],
          [
            -119.60331861133875,
            37.50589197701358
          ],
          [
            -119.60324033432177,
            37.505854078015545
          ],
          [
            -119.60318305730858,
            37.50581964301637
          ],
          [
            -119.60309319428711,
            37.50575843201696
          ],
          [
            -119.60301942627123,
            37.50572442801901
          ],
          [
            -119.60296623125807,
            37.50568393501892
          ],
          [
            -119.60294327825024,
            37.50564768301715
          ],
          [
            -119.60293048924403,
            37.505610751014586
          ],
          [
            -119.60291617723249,
            37.50552772400774
          ],
          [
            -119.60285966021554,
            37.505458722005265
          ],
          [
            -119.60280080120022,
            37.50540785700458
          ],
          [
            -119.60267781717371,
            37.505349844007796
          ],
          [
            -119.60253051714292,
            37.50528892201251
          ],
          [
            -119.602456202127,
            37.5052552950146
          ],
          [
            -119.60238066411148,
            37.50522668401725
          ],
          [
            -119.60226603608601,
            37.50516626801967
          ],
          [
            -119.60214642605916,
            37.505100239021935
          ],
          [
            -119.60205386203899,
            37.50505459402417
          ],
          [
            -119.60196149501942,
            37.50501466802696
          ],
          [
            -119.6018669340002,
            37.50498051203041
          ],
          [
            -119.60174333497521,
            37.50493745903509
          ],
          [
            -119.60170480196051,
            37.50486201303071
          ],
          [
            -119.60167743594505,
            37.50476343302337
          ],
          [
            -119.6016452199286,
            37.504663051016145
          ],
          [
            -119.60160442691397,
            37.504591470012286
          ],
          [
            -119.6015213318953,
            37.50454609101392
          ],
          [
            -119.60144359488002,
            37.5045226630172
          ]
        ],
        "type": "LineString"
      },
      "id": "nps-trail-17265",
      "properties": {
        "feature_id": "nps-trail-17265",
        "nps_feature_id": "{E64E1344-C6FA-4338-B1D4-9C004C338F1E}",
        "nps_object_id": 17265,
        "nps_part": null,
        "route_id": "route-mariposa-grizzly-giant-loop",
        "source_id": "source-nps-public-trails-feature-service",
        "surface": "Native",
        "trail_name": "Grizzly Giant Loop Trail",
        "use": "Hiker/Pedestrian"
      },
      "type": "Feature"
    },
    {
      "geometry": {
        "coordinates": [
          [
            -119.61201872725879,
            37.501417076975294
          ],
          [
            -119.61177469721976,
            37.50142366299323
          ],
          [
            -119.61153819718298,
            37.50144003601153
          ],
          [
            -119.61141093016471,
            37.5014623140226
          ],
          [
            -119.61127191514265,
            37.50146785403297
          ]
        ],
        "type": "LineString"
      },
      "id": "nps-trail-17380",
      "properties": {
        "feature_id": "nps-trail-17380",
        "nps_feature_id": "{B8501E6A-CC1F-4BD1-BD9C-14CA6208C1E5}",
        "nps_object_id": 17380,
        "nps_part": null,
        "route_id": "route-mariposa-grove-road-walking-access",
        "source_id": "source-nps-public-trails-feature-service",
        "surface": "Asphalt",
        "trail_name": "Mariposa Grove Road",
        "use": "Bicycle"
      },
      "type": "Feature"
    },
    {
      "geometry": {
        "coordinates": [
          [
            -119.59887066848812,
            37.513731310068266
          ],
          [
            -119.59887344948872,
            37.5137323340682
          ],
          [
            -119.59894462650409,
            37.51376626706635
          ],
          [
            -119.59902296652096,
            37.513803310064255
          ],
          [
            -119.59906640853582,
            37.51387279706776
          ],
          [
            -119.59910316054827,
            37.513930197070565
          ],
          [
            -119.59913195555953,
            37.51398926507408
          ],
          [
            -119.5991978905891,
            37.51415726108527
          ],
          [
            -119.59930580362193,
            37.51429366109048
          ],
          [
            -119.59942929665705,
            37.51442760709437
          ],
          [
            -119.59949271067134,
            37.514462973093224
          ],
          [
            -119.5995233236794,
            37.51449070409366
          ]
        ],
        "type": "LineString"
      },
      "id": "nps-trail-17942",
      "properties": {
        "feature_id": "nps-trail-17942",
        "nps_feature_id": "{CCC72982-4175-4D59-99BF-2C74652B2EBF}",
        "nps_object_id": 17942,
        "nps_part": null,
        "route_id": "route-mariposa-guardians-loop",
        "source_id": "source-nps-public-trails-feature-service",
        "surface": "Native",
        "trail_name": "Guardians of the Grove Loop Trail",
        "use": "Hiker/Pedestrian"
      },
      "type": "Feature"
    },
    {
      "geometry": {
        "coordinates": [
          [
            -119.61101764011426,
            37.50158513406203
          ],
          [
            -119.6109758491146,
            37.501649477071076
          ],
          [
            -119.61089064710282,
            37.50166849307892
          ],
          [
            -119.61081399809278,
            37.501690438086435
          ],
          [
            -119.6107678700908,
            37.50174004309433
          ],
          [
            -119.61073028009066,
            37.50179375610207
          ],
          [
            -119.6106905830888,
            37.501835036108766
          ],
          [
            -119.6106562570884,
            37.50188165211562
          ],
          [
            -119.61056888407929,
            37.50192785512617
          ],
          [
            -119.61053009807611,
            37.501955925131554
          ],
          [
            -119.61047189507013,
            37.5019878301387
          ],
          [
            -119.61041632106354,
            37.50200997414469
          ],
          [
            -119.61035812605661,
            37.50203300715103
          ],
          [
            -119.61030352405069,
            37.5020596791574
          ],
          [
            -119.61024329404381,
            37.5020856741641
          ],
          [
            -119.61019131003816,
            37.50211149417022
          ],
          [
            -119.6101385150321,
            37.502134091176096
          ],
          [
            -119.61009507502907,
            37.50217072418262
          ],
          [
            -119.61005165902554,
            37.50220234418869
          ],
          [
            -119.61001896802458,
            37.50224135819467
          ],
          [
            -119.6099627760263,
            37.50233894220785
          ],
          [
            -119.60992631602666,
            37.50239542721578
          ],
          [
            -119.60989565802764,
            37.50244911022298
          ],
          [
            -119.60984844202437,
            37.502488808230105
          ]
        ],
        "type": "LineString"
      },
      "id": "nps-trail-18212",
      "properties": {
        "feature_id": "nps-trail-18212",
        "nps_feature_id": "{7628712B-AE58-495A-A319-FEFFDC2DDCB5}",
        "nps_object_id": 18212,
        "nps_part": null,
        "route_id": "route-mariposa-big-trees-loop",
        "source_id": "source-nps-public-trails-feature-service",
        "surface": "Asphalt",
        "trail_name": "Big Trees Loop Trail",
        "use": "Hiker/Pedestrian"
      },
      "type": "Feature"
    },
    {
      "geometry": {
        "coordinates": [
          [
            -119.60984844202437,
            37.502488808230105
          ],
          [
            -119.60987418903703,
            37.50256479623545
          ],
          [
            -119.60989331904355,
            37.50259506123697
          ],
          [
            -119.6099269550522,
            37.502623894237296
          ],
          [
            -119.60995122606026,
            37.502660554239
          ]
        ],
        "type": "LineString"
      },
      "id": "nps-trail-18351",
      "properties": {
        "feature_id": "nps-trail-18351",
        "nps_feature_id": "{C6FFE196-0965-4B2F-BD26-6819B0270F4A}",
        "nps_object_id": 18351,
        "nps_part": null,
        "route_id": "route-mariposa-grizzly-giant-loop",
        "source_id": "source-nps-public-trails-feature-service",
        "surface": "Asphalt",
        "trail_name": "Grizzly Giant Loop Trail",
        "use": "Hiker/Pedestrian"
      },
      "type": "Feature"
    },
    {
      "geometry": {
        "coordinates": [
          [
            -119.6090130249151,
            37.5027309703121
          ],
          [
            -119.6089860429063,
            37.50269163831028
          ],
          [
            -119.60897234890018,
            37.502657130308
          ],
          [
            -119.60896335089494,
            37.50262316230547
          ],
          [
            -119.60892409888442,
            37.50258599430474
          ],
          [
            -119.60886737687177,
            37.502555660305866
          ]
        ],
        "type": "LineString"
      },
      "id": "nps-trail-18911",
      "properties": {
        "feature_id": "nps-trail-18911",
        "nps_feature_id": "{651B94ED-956D-4764-A484-58075DF6D17A}",
        "nps_object_id": 18911,
        "nps_part": null,
        "route_id": "route-mariposa-big-trees-loop",
        "source_id": "source-nps-public-trails-feature-service",
        "surface": "Asphalt",
        "trail_name": "Big Trees Loop Trail",
        "use": "Hiker/Pedestrian"
      },
      "type": "Feature"
    },
    {
      "geometry": {
        "coordinates": [
          [
            -119.59482190296706,
            37.514982361473194
          ],
          [
            -119.59481945097369,
            37.51504534547931
          ],
          [
            -119.59480776597707,
            37.5150926244846
          ],
          [
            -119.59480475098273,
            37.515147582490016
          ],
          [
            -119.59478188298473,
            37.515198821496426
          ],
          [
            -119.59477667899014,
            37.51525546250216
          ],
          [
            -119.59477940799657,
            37.51530904850706
          ],
          [
            -119.5947817270007,
            37.51534184550995
          ],
          [
            -119.59477363600247,
            37.51537023451322
          ],
          [
            -119.59477553301042,
            37.51543866951955
          ],
          [
            -119.59477680502167,
            37.51553706152871
          ],
          [
            -119.59477391303082,
            37.51562346653707
          ],
          [
            -119.59478366503905,
            37.51568285554199
          ],
          [
            -119.59478601204665,
            37.515747383547904
          ],
          [
            -119.59476912104913,
            37.51579471555358
          ],
          [
            -119.59475943505396,
            37.51585185355964
          ],
          [
            -119.59475598305961,
            37.515907443565176
          ],
          [
            -119.59477416506805,
            37.515956323568446
          ],
          [
            -119.594799416078,
            37.51600889657162
          ],
          [
            -119.59483111408692,
            37.51604187557251
          ],
          [
            -119.59487674209852,
            37.51607910457277
          ],
          [
            -119.59492387110996,
            37.51611260557262
          ]
        ],
        "type": "LineString"
      },
      "id": "nps-trail-18921",
      "properties": {
        "feature_id": "nps-trail-18921",
        "nps_feature_id": "{85873B32-4533-41C1-8508-37B20DD66E23}",
        "nps_object_id": 18921,
        "nps_part": null,
        "route_id": "route-mariposa-guardians-loop",
        "source_id": "source-nps-public-trails-feature-service",
        "surface": "Native",
        "trail_name": "Guardians of the Grove Loop Trail",
        "use": "Hiker/Pedestrian"
      },
      "type": "Feature"
    },
    {
      "geometry": {
        "coordinates": [
          [
            -119.61067085702454,
            37.501288387058615
          ],
          [
            -119.61064786901876,
            37.50127028705855
          ],
          [
            -119.61062436401276,
            37.50125079905836
          ],
          [
            -119.61059150800659,
            37.50124315305999
          ],
          [
            -119.61058251200417,
            37.50123453705981
          ],
          [
            -119.61055181899789,
            37.50122331806087
          ],
          [
            -119.61051315898794,
            37.50119079306055
          ],
          [
            -119.61048946497985,
            37.5011529980587
          ],
          [
            -119.610468488964,
            37.50104107704964
          ],
          [
            -119.610467129953,
            37.500944709040645
          ],
          [
            -119.61046367794278,
            37.50085807103268
          ],
          [
            -119.61044996692907,
            37.50075507902393
          ],
          [
            -119.61044792492464,
            37.50071857902068
          ],
          [
            -119.61045840792349,
            37.50069313001751
          ],
          [
            -119.61048249392368,
            37.500659698012655
          ],
          [
            -119.6105075659247,
            37.500631866008234
          ],
          [
            -119.61053433692332,
            37.50058072800151
          ],
          [
            -119.61055513692384,
            37.5005548349976
          ],
          [
            -119.61056637192112,
            37.500513951992964
          ],
          [
            -119.61057735691925,
            37.5004810339891
          ],
          [
            -119.61058341091464,
            37.50043114698391
          ],
          [
            -119.61059909391314,
            37.50039438097934
          ],
          [
            -119.61061294091,
            37.50034612797382
          ],
          [
            -119.61062608490887,
            37.50031657197008
          ],
          [
            -119.6106401129075,
            37.500284158966046
          ],
          [
            -119.61063962790456,
            37.50025826796364
          ],
          [
            -119.61063136689786,
            37.50021057895974
          ],
          [
            -119.61064494489266,
            37.50014401895251
          ],
          [
            -119.61065667088985,
            37.500101604947666
          ],
          [
            -119.6106747488896,
            37.50007284794369
          ],
          [
            -119.61068478188837,
            37.500047085940516
          ],
          [
            -119.61069262488571,
            37.50001187493664
          ],
          [
            -119.61070974788588,
            37.499988043933214
          ],
          [
            -119.61074730989074,
            37.49997682792949
          ],
          [
            -119.610786147896,
            37.49996757592587
          ],
          [
            -119.61083058490223,
            37.49995807992181
          ],
          [
            -119.61086963490824,
            37.49995479491875
          ],
          [
            -119.61096857992077,
            37.49992243090871
          ],
          [
            -119.61100730792512,
            37.49990497090427
          ],
          [
            -119.61107461493525,
            37.499897332898776
          ],
          [
            -119.6111263669421,
            37.4998831618938
          ],
          [
            -119.61119602795057,
            37.49985742588645
          ],
          [
            -119.6112497449578,
            37.49984348888132
          ],
          [
            -119.61130850196692,
            37.499838846876706
          ],
          [
            -119.61135260297374,
            37.49983587087333
          ],
          [
            -119.61139967798037,
            37.49982670686914
          ],
          [
            -119.6114498079875,
            37.499816681864644
          ],
          [
            -119.61150943199652,
            37.49981094585989
          ],
          [
            -119.61156010700383,
            37.49980245685546
          ],
          [
            -119.61164382901701,
            37.499798068849145
          ],
          [
            -119.61168091102219,
            37.49979005284578
          ],
          [
            -119.61171946802665,
            37.499773962841495
          ],
          [
            -119.61176389303307,
            37.499766618837675
          ],
          [
            -119.61179352603904,
            37.499776159836486
          ],
          [
            -119.6118542390513,
            37.49979732083417
          ],
          [
            -119.61191967906456,
            37.49982038483172
          ],
          [
            -119.61195363007386,
            37.499854362832515
          ],
          [
            -119.61198418108192,
            37.49988198583294
          ],
          [
            -119.61202750509179,
            37.49990721583227
          ],
          [
            -119.61206262910726,
            37.499994390837976
          ],
          [
            -119.61208645811716,
            37.50004843984141
          ],
          [
            -119.6121251001278,
            37.50008726184236
          ],
          [
            -119.61215296713446,
            37.500105984842136
          ],
          [
            -119.61221686414738,
            37.50012906483979
          ],
          [
            -119.61230127216518,
            37.50016463483714
          ],
          [
            -119.61235532217657,
            37.50018748483552
          ],
          [
            -119.61242048319055,
            37.50021808783376
          ],
          [
            -119.6124572621968,
            37.50022002683135
          ],
          [
            -119.61249663220228,
            37.50021178682779
          ],
          [
            -119.61251753520519,
            37.50020731582588
          ],
          [
            -119.61252966820615,
            37.5001979598241
          ],
          [
            -119.61255442020976,
            37.500193856822
          ],
          [
            -119.61258286221326,
            37.50018397581907
          ],
          [
            -119.61265014322059,
            37.50015172981127
          ],
          [
            -119.61268796722216,
            37.500110133804654
          ],
          [
            -119.61273215422469,
            37.50006821879756
          ],
          [
            -119.61276389122516,
            37.50002582279129
          ],
          [
            -119.61279236522817,
            37.50001146678792
          ],
          [
            -119.61283213123468,
            37.50001156678514
          ],
          [
            -119.61287290824026,
            37.5000018027813
          ],
          [
            -119.6129284082469,
            37.49998020677538
          ],
          [
            -119.6129869982532,
            37.499951371768496
          ],
          [
            -119.61302845525871,
            37.49994012376446
          ],
          [
            -119.61306401726367,
            37.499932393761235
          ],
          [
            -119.61310186726854,
            37.499920832757454
          ],
          [
            -119.61315780927649,
            37.499910257752525
          ],
          [
            -119.61321447728243,
            37.499880234745646
          ],
          [
            -119.6132579872874,
            37.499861510740836
          ],
          [
            -119.61330012729225,
            37.49984339673614
          ],
          [
            -119.61334090829708,
            37.499826837731675
          ],
          [
            -119.61339016630274,
            37.49980597272619
          ],
          [
            -119.6134403663083,
            37.49978206172042
          ],
          [
            -119.61350563531755,
            37.49976967571465
          ],
          [
            -119.61355084332462,
            37.49976669571113
          ],
          [
            -119.6136191573357,
            37.49976637970627
          ],
          [
            -119.61367916134469,
            37.49975931470137
          ],
          [
            -119.61372214535041,
            37.49974784969724
          ],
          [
            -119.61376439935687,
            37.49974398069387
          ],
          [
            -119.61381835136557,
            37.49974284168994
          ],
          [
            -119.61387005737474,
            37.499749279686895
          ],
          [
            -119.61391529138302,
            37.49975756168449
          ],
          [
            -119.61396865539368,
            37.499775057682356
          ],
          [
            -119.6140457874083,
            37.49979331067863
          ],
          [
            -119.61409007141616,
            37.49979899567599
          ],
          [
            -119.61412931542414,
            37.49981325667461
          ],
          [
            -119.61415670243167,
            37.49984072867525
          ],
          [
            -119.6142227824479,
            37.49988934767514
          ],
          [
            -119.61428263646206,
            37.4999286406746
          ],
          [
            -119.61435608047785,
            37.499963155672624
          ],
          [
            -119.61442204949022,
            37.49997702866927
          ],
          [
            -119.61447930950075,
            37.499988550666316
          ],
          [
            -119.61453815351254,
            37.500008027664016
          ],
          [
            -119.6145785865195,
            37.50001134566145
          ],
          [
            -119.61461598852438,
            37.50000029365778
          ],
          [
            -119.61466136853076,
            37.499990930653674
          ],
          [
            -119.61474004854254,
            37.49998173964723
          ],
          [
            -119.61479572255102,
            37.49997634664274
          ],
          [
            -119.6148657405622,
            37.499974006637586
          ],
          [
            -119.61493092257247,
            37.49997048563262
          ],
          [
            -119.61502465358707,
            37.49996451462544
          ],
          [
            -119.61509745059855,
            37.49996118561997
          ],
          [
            -119.61516744760942,
            37.49995620961454
          ],
          [
            -119.61525465262376,
            37.4999572276085
          ],
          [
            -119.61534867064157,
            37.499979722603946
          ],
          [
            -119.61546366466327,
            37.50000593759828
          ],
          [
            -119.61553377467621,
            37.500019319594536
          ],
          [
            -119.61559927268617,
            37.50001303158937
          ],
          [
            -119.61567903569824,
            37.50000447858286
          ],
          [
            -119.61574082170772,
            37.49999894957799
          ],
          [
            -119.61578736571433,
            37.49999016457385
          ],
          [
            -119.61587403472734,
            37.49998028056677
          ],
          [
            -119.61594488973854,
            37.49997725756149
          ],
          [
            -119.61599938574678,
            37.499971206557035
          ],
          [
            -119.61603358175032,
            37.49995296655293
          ],
          [
            -119.6160749427537,
            37.49992268854715
          ],
          [
            -119.61612688576032,
            37.499906178541885
          ],
          [
            -119.61617237076595,
            37.499890030537145
          ],
          [
            -119.61620982076894,
            37.499862521531895
          ],
          [
            -119.61625682177599,
            37.49985657152801
          ],
          [
            -119.6163055527821,
            37.499840050522984
          ],
          [
            -119.61637031178968,
            37.49981343251589
          ],
          [
            -119.61642605179702,
            37.49979773051048
          ],
          [
            -119.61648943280464,
            37.499773279503685
          ],
          [
            -119.61653420381073,
            37.499762415499504
          ],
          [
            -119.6165704398121,
            37.49972163049308
          ],
          [
            -119.61664692281708,
            37.49965458148134
          ],
          [
            -119.61670020682311,
            37.499630953475325
          ],
          [
            -119.61680364583546,
            37.499590517464185
          ],
          [
            -119.61685174484106,
            37.49956998845887
          ],
          [
            -119.61693189385166,
            37.49954808945114
          ],
          [
            -119.61698944086059,
            37.49954424944666
          ],
          [
            -119.61704308186778,
            37.49952980344154
          ],
          [
            -119.61708885587574,
            37.49953428143872
          ],
          [
            -119.61714514388666,
            37.49954987543619
          ],
          [
            -119.61721610090228,
            37.499586332434625
          ],
          [
            -119.61727189691268,
            37.49959785043171
          ],
          [
            -119.61732081991995,
            37.49959149342769
          ],
          [
            -119.61737643193037,
            37.499603620424885
          ],
          [
            -119.61743620993946,
            37.499597920420086
          ],
          [
            -119.61747400594598,
            37.499601053417706
          ],
          [
            -119.61750411195386,
            37.49962760141807
          ],
          [
            -119.61754811396254,
            37.49964111141625
          ],
          [
            -119.61758583596881,
            37.49964222741372
          ],
          [
            -119.61762992097711,
            37.49965210241152
          ],
          [
            -119.61765402498048,
            37.49964742840935
          ],
          [
            -119.61768584698456,
            37.49963702540613
          ],
          [
            -119.61772142899261,
            37.4996571994055
          ],
          [
            -119.61774925000051,
            37.49968713240636
          ],
          [
            -119.61777908700721,
            37.49970362240582
          ],
          [
            -119.61782722201727,
            37.49972342640425
          ],
          [
            -119.61787879202927,
            37.499755891403666
          ],
          [
            -119.61792281803909,
            37.499779373402774
          ],
          [
            -119.61795530704455,
            37.49978119640064
          ],
          [
            -119.61799207704948,
            37.49977148639708
          ],
          [
            -119.61805418705781,
            37.49975551839122
          ],
          [
            -119.6181171730669,
            37.49974442338572
          ],
          [
            -119.61818284807713,
            37.499740251380636
          ],
          [
            -119.61821047108079,
            37.49973275537801
          ],
          [
            -119.6182373300827,
            37.49971083337402
          ],
          [
            -119.61827345008582,
            37.49968568436907
          ],
          [
            -119.61832242209216,
            37.49967114636428
          ],
          [
            -119.61836364709602,
            37.49964537735893
          ],
          [
            -119.61839757109749,
            37.49960882735308
          ],
          [
            -119.61842592510064,
            37.49959559834977
          ],
          [
            -119.6184593721053,
            37.499588507346765
          ],
          [
            -119.61851019611163,
            37.49957116734152
          ],
          [
            -119.61855595511688,
            37.49955098833639
          ],
          [
            -119.61861471012341,
            37.49952368332966
          ],
          [
            -119.61866221812879,
            37.4995027333243
          ],
          [
            -119.61870550913417,
            37.49948759731979
          ],
          [
            -119.6187501631406,
            37.499479680315936
          ],
          [
            -119.6187901441457,
            37.499467203311895
          ],
          [
            -119.61881742015039,
            37.49946929931017
          ],
          [
            -119.61886421015922,
            37.49947989530788
          ],
          [
            -119.61894536717485,
            37.49950186930421
          ],
          [
            -119.61899970018627,
            37.49952438330244
          ],
          [
            -119.61905275819628,
            37.499536653299856
          ],
          [
            -119.61912403421142,
            37.49956840629784
          ],
          [
            -119.61918036722292,
            37.49958898629574
          ],
          [
            -119.61922763023425,
            37.4996213612955
          ],
          [
            -119.61924828724067,
            37.49964850129659
          ],
          [
            -119.61928653225037,
            37.499679954296795
          ],
          [
            -119.61932831125964,
            37.4997017272959
          ],
          [
            -119.61937714426911,
            37.49971537929374
          ],
          [
            -119.61945083228586,
            37.49975807229256
          ],
          [
            -119.61946939329208,
            37.49978606829386
          ],
          [
            -119.61947299729728,
            37.49982769929759
          ],
          [
            -119.61947058030012,
            37.4998568913005
          ],
          [
            -119.61947284030477,
            37.499894991303925
          ],
          [
            -119.61949084431183,
            37.49993230830612
          ],
          [
            -119.61953602932651,
            37.49999728430908
          ],
          [
            -119.6195675853376,
            37.500050659311874
          ],
          [
            -119.61962466835553,
            37.500127930315124
          ],
          [
            -119.61969018137324,
            37.500191109316454
          ],
          [
            -119.6197450043879,
            37.5002424483174
          ],
          [
            -119.61975308739524,
            37.500296283321894
          ],
          [
            -119.61975528740078,
            37.500342641326135
          ],
          [
            -119.61974361640246,
            37.50037485032999
          ],
          [
            -119.61974825140739,
            37.500412093333175
          ],
          [
            -119.61975698641268,
            37.50044677933582
          ],
          [
            -119.61976518041844,
            37.500486487338975
          ],
          [
            -119.61977144142705,
            37.50055447734498
          ],
          [
            -119.61976626943303,
            37.50061573135107
          ],
          [
            -119.61977192643879,
            37.50065922735482
          ],
          [
            -119.61977922144365,
            37.50069236835738
          ],
          [
            -119.61978459844744,
            37.50071810535947
          ],
          [
            -119.61981019145321,
            37.500732557358994
          ],
          [
            -119.61984373045904,
            37.50073568235693
          ],
          [
            -119.61990025246966,
            37.50074855035415
          ],
          [
            -119.6199668584799,
            37.50074280534888
          ],
          [
            -119.62000910148559,
            37.50073210434486
          ],
          [
            -119.62005547149326,
            37.50073312234166
          ],
          [
            -119.62009901549874,
            37.50071832333719
          ],
          [
            -119.62014347250134,
            37.50067660233012
          ],
          [
            -119.62019913650316,
            37.500611587320066
          ],
          [
            -119.62023148650407,
            37.500572307314066
          ],
          [
            -119.62027257250683,
            37.50053700030781
          ],
          [
            -119.62031102151016,
            37.50051056630259
          ],
          [
            -119.62034717951248,
            37.50047856129704
          ],
          [
            -119.6203845615149,
            37.50044605329131
          ],
          [
            -119.62042290051635,
            37.500402893284516
          ],
          [
            -119.62045280651662,
            37.5003615362785
          ],
          [
            -119.62047860651758,
            37.50033217427391
          ],
          [
            -119.62051748052062,
            37.50030287126842
          ],
          [
            -119.62055124052247,
            37.500270253262904
          ],
          [
            -119.62059805952636,
            37.50023616625643
          ],
          [
            -119.62064954253131,
            37.50020568324985
          ],
          [
            -119.62072872754126,
            37.500178859241736
          ],
          [
            -119.62080306355128,
            37.500160540234766
          ],
          [
            -119.62088949456299,
            37.500139174226625
          ],
          [
            -119.62096757257339,
            37.50011813721911
          ],
          [
            -119.62104321158311,
            37.50009435121153
          ],
          [
            -119.62109116358847,
            37.50007228720603
          ],
          [
            -119.62111387758749,
            37.50003022920045
          ],
          [
            -119.62115046158652,
            37.49996822719201
          ],
          [
            -119.62118588658721,
            37.49992307218523
          ],
          [
            -119.62122129958877,
            37.499884839179124
          ],
          [
            -119.62126450759342,
            37.4998636861741
          ]
        ],
        "type": "LineString"
      },
      "id": "nps-trail-19395",
      "properties": {
        "feature_id": "nps-trail-19395",
        "nps_feature_id": "{90F5017E-2DE2-4689-BCC6-C3C37B2D7270}",
        "nps_object_id": 19395,
        "nps_part": null,
        "route_id": "route-washburn-trail-mariposa-access",
        "source_id": "source-nps-public-trails-feature-service",
        "surface": "Native",
        "trail_name": "Washburn Trail",
        "use": "Hiker/Pedestrian"
      },
      "type": "Feature"
    },
    {
      "geometry": {
        "coordinates": [
          [
            -119.60037031165979,
            37.51307739090031
          ],
          [
            -119.60030388665021,
            37.51308859590611
          ],
          [
            -119.60022342863805,
            37.513096819912576
          ],
          [
            -119.60017204463041,
            37.51310390891689
          ],
          [
            -119.60007854461571,
            37.51310873692397
          ],
          [
            -119.5999861155996,
            37.51309955492967
          ],
          [
            -119.59986303757675,
            37.51307484793603
          ],
          [
            -119.59974609655434,
            37.51304495294146
          ],
          [
            -119.59964097653577,
            37.51303235194775
          ],
          [
            -119.59956618952349,
            37.51303141895295
          ],
          [
            -119.59943948150487,
            37.51304985396367
          ],
          [
            -119.5993068884844,
            37.51306098397415
          ],
          [
            -119.59904256744224,
            37.513069273993636
          ],
          [
            -119.59891317042187,
            37.51307628800349
          ],
          [
            -119.59874002139442,
            37.51308319201637
          ],
          [
            -119.59860255737325,
            37.513094443027214
          ],
          [
            -119.59853322736456,
            37.513118064034316
          ],
          [
            -119.59848224936003,
            37.513152036041134
          ],
          [
            -119.59845025135884,
            37.513188086046796
          ],
          [
            -119.59843446736082,
            37.513228860051775
          ],
          [
            -119.59842622136523,
            37.51328069705725
          ],
          [
            -119.5984313103717,
            37.51333109006163
          ]
        ],
        "type": "LineString"
      },
      "id": "nps-trail-19890",
      "properties": {
        "feature_id": "nps-trail-19890",
        "nps_feature_id": "{E8968729-7377-4D0E-A117-EDBCE664716D}",
        "nps_object_id": 19890,
        "nps_part": null,
        "route_id": "route-mariposa-guardians-loop",
        "source_id": "source-nps-public-trails-feature-service",
        "surface": "Native",
        "trail_name": "Guardians of the Grove Loop Trail",
        "use": "Hiker/Pedestrian"
      },
      "type": "Feature"
    },
    {
      "geometry": {
        "coordinates": [
          [
            -119.68183456409623,
            37.568081642293215
          ],
          [
            -119.68182845409414,
            37.56807189429277
          ],
          [
            -119.68183126809333,
            37.568060086291446
          ],
          [
            -119.68184430509318,
            37.56804016728865
          ],
          [
            -119.68185941009335,
            37.568019857285655
          ],
          [
            -119.68188447409565,
            37.5680039762824
          ],
          [
            -119.6819085050971,
            37.56798182627862
          ],
          [
            -119.68193926609881,
            37.567952440273665
          ],
          [
            -119.68197012810045,
            37.56792224226866
          ],
          [
            -119.68200030210049,
            37.56787872126241
          ],
          [
            -119.6820198460993,
            37.567839835257345
          ],
          [
            -119.6820931200986,
            37.56772719524157
          ],
          [
            -119.68212390909724,
            37.5676706412341
          ],
          [
            -119.6821456160937,
            37.56760809822667
          ],
          [
            -119.68214911408788,
            37.56755082922102
          ],
          [
            -119.682157505085,
            37.567513037216884
          ],
          [
            -119.68217763808188,
            37.5674559542101
          ],
          [
            -119.68217541607673,
            37.567412864206254
          ],
          [
            -119.68216285506995,
            37.567370801203175
          ],
          [
            -119.68217507306746,
            37.567330727198566
          ],
          [
            -119.68218811806477,
            37.567287945193605
          ],
          [
            -119.6821875990614,
            37.567258856190904
          ],
          [
            -119.68219755505434,
            37.56718169618295
          ],
          [
            -119.68220928204903,
            37.56711713417609
          ],
          [
            -119.68223011404575,
            37.56705789116903
          ],
          [
            -119.68223929604339,
            37.567023315165116
          ],
          [
            -119.6822436060394,
            37.56698149716088
          ],
          [
            -119.68225775803784,
            37.56694692115668
          ],
          [
            -119.68227170503664,
            37.56691604315276
          ],
          [
            -119.68227353303261,
            37.56687753414903
          ],
          [
            -119.68226592502594,
            37.566829384145066
          ],
          [
            -119.68225837701833,
            37.56677243914023
          ],
          [
            -119.68224805601058,
            37.5667181911359
          ],
          [
            -119.68221351799728,
            37.566649848131924
          ],
          [
            -119.68221228699086,
            37.56659460712685
          ],
          [
            -119.68221741498684,
            37.56655133512239
          ],
          [
            -119.68220088097884,
            37.566504058119094
          ],
          [
            -119.68218542197299,
            37.566474148117436
          ],
          [
            -119.68213971995996,
            37.566423995115954
          ],
          [
            -119.68208021294019,
            37.566334261111805
          ],
          [
            -119.68204198892184,
            37.56622639310435
          ],
          [
            -119.68200988690407,
            37.566114546096166
          ],
          [
            -119.68199798089496,
            37.566050523091
          ],
          [
            -119.68198616988686,
            37.56599577608667
          ],
          [
            -119.68196499887601,
            37.56592951608198
          ],
          [
            -119.68188829184986,
            37.565807667076015
          ],
          [
            -119.68186200483935,
            37.56575252207267
          ],
          [
            -119.68185639783273,
            37.565701497068275
          ],
          [
            -119.68185586082546,
            37.565637394062314
          ],
          [
            -119.68186575482173,
            37.56558980705715
          ],
          [
            -119.68188468581592,
            37.56551054404839
          ],
          [
            -119.68190960681251,
            37.565444356040395
          ],
          [
            -119.68193248980836,
            37.565373799032145
          ],
          [
            -119.68195526580395,
            37.56530139802371
          ],
          [
            -119.68197173579925,
            37.56523586101637
          ],
          [
            -119.68198461579634,
            37.56519125301128
          ],
          [
            -119.68200322279678,
            37.56516821900781
          ],
          [
            -119.68202603179672,
            37.56513439400302
          ],
          [
            -119.68204725979619,
            37.5650988839982
          ],
          [
            -119.68205685279358,
            37.56506142299397
          ],
          [
            -119.68206062979024,
            37.56502678499045
          ],
          [
            -119.68205082878507,
            37.56499447898815
          ],
          [
            -119.68203327877794,
            37.564956500985815
          ],
          [
            -119.68203320577481,
            37.564928933983225
          ],
          [
            -119.68203761977244,
            37.56490151898034
          ],
          [
            -119.6820256277659,
            37.56486055997736
          ],
          [
            -119.68199927975981,
            37.56484411397767
          ],
          [
            -119.68196889875328,
            37.564830295978524
          ],
          [
            -119.68194860574651,
            37.5647992189771
          ],
          [
            -119.68194709674174,
            37.56475915197339
          ],
          [
            -119.68194195273432,
            37.564700266968245
          ],
          [
            -119.68194725172971,
            37.56465154596331
          ],
          [
            -119.68195375172516,
            37.56460173595818
          ],
          [
            -119.68195455071945,
            37.564549693953225
          ],
          [
            -119.68194822371287,
            37.564499708949015
          ],
          [
            -119.68193146170572,
            37.56446091494652
          ],
          [
            -119.68190477069736,
            37.56442464894503
          ],
          [
            -119.68188725769082,
            37.56439208294321
          ],
          [
            -119.68186412668183,
            37.564345366940486
          ],
          [
            -119.68183048467006,
            37.5642894569376
          ],
          [
            -119.6818039316583,
            37.56422287593324
          ],
          [
            -119.6817890306507,
            37.56417695093
          ],
          [
            -119.68175173764283,
            37.56416074693116
          ],
          [
            -119.68169969463212,
            37.564141015933004
          ],
          [
            -119.68164561662182,
            37.56412796193562
          ],
          [
            -119.68162607561565,
            37.56410085093445
          ],
          [
            -119.68160316760759,
            37.564062280932426
          ],
          [
            -119.68156816859619,
            37.5640115089302
          ],
          [
            -119.68154289658645,
            37.56396156892731
          ],
          [
            -119.68153833658094,
            37.5639186069236
          ],
          [
            -119.68153229957274,
            37.56385496791804
          ],
          [
            -119.68152252956587,
            37.56380739991425
          ],
          [
            -119.68149303955838,
            37.56378368291416
          ],
          [
            -119.68148192855338,
            37.56375531991228
          ],
          [
            -119.68147577154879,
            37.56372305390967
          ],
          [
            -119.68146987054368,
            37.563686210906646
          ],
          [
            -119.68146566853949,
            37.56365488490402
          ],
          [
            -119.68146498853598,
            37.56362444490122
          ],
          [
            -119.6814528895312,
            37.56359938189972
          ],
          [
            -119.68143494652242,
            37.56354774389614
          ],
          [
            -119.68143421551584,
            37.56349021289075
          ],
          [
            -119.68143188551169,
            37.563456164887754
          ],
          [
            -119.68141209250413,
            37.563417430885536
          ],
          [
            -119.68139526149689,
            37.56337742188295
          ],
          [
            -119.6813875364902,
            37.563329106878996
          ],
          [
            -119.6813949604858,
            37.56327921087379
          ],
          [
            -119.68139546948095,
            37.563234869869554
          ],
          [
            -119.68139414147578,
            37.56319085386551
          ],
          [
            -119.6813817744708,
            37.56316427586394
          ],
          [
            -119.6813693474678,
            37.56315549486397
          ],
          [
            -119.6813390014615,
            37.56314359086499
          ],
          [
            -119.68134939645985,
            37.5631139018615
          ],
          [
            -119.68136527345919,
            37.56308517485765
          ],
          [
            -119.68139217646103,
            37.56306233185365
          ],
          [
            -119.68140139545882,
            37.56302895484982
          ],
          [
            -119.68140956645675,
            37.562998464846345
          ],
          [
            -119.68143535545556,
            37.56295066884004
          ],
          [
            -119.6814703284568,
            37.56291099783387
          ],
          [
            -119.68148475745679,
            37.56288950783084
          ],
          [
            -119.68149621845461,
            37.56285389382664
          ],
          [
            -119.68151023945202,
            37.56281076882162
          ],
          [
            -119.68151826544765,
            37.56275963981621
          ],
          [
            -119.68152766244447,
            37.562717854811666
          ],
          [
            -119.68154339044321,
            37.56268388780732
          ],
          [
            -119.68157244644496,
            37.56265715980279
          ],
          [
            -119.68158550244308,
            37.56262152279846
          ],
          [
            -119.68160106444127,
            37.56258271279373
          ],
          [
            -119.68161080743963,
            37.562554387790364
          ],
          [
            -119.68161469943428,
            37.56250042678502
          ],
          [
            -119.68161969643053,
            37.562460136780935
          ],
          [
            -119.68165736343373,
            37.56243389077579
          ],
          [
            -119.68169989443736,
            37.56240425676995
          ],
          [
            -119.68173989244048,
            37.56237449376432
          ],
          [
            -119.68177494844235,
            37.56234017375862
          ],
          [
            -119.68180566944261,
            37.56229797175249
          ],
          [
            -119.68184741144374,
            37.56224730174476
          ],
          [
            -119.68185955944125,
            37.56220750674015
          ],
          [
            -119.6818650384354,
            37.56214727573407
          ],
          [
            -119.68187070642986,
            37.56208989172834
          ],
          [
            -119.68187667242348,
            37.56202441672173
          ],
          [
            -119.68187886141709,
            37.561964077715956
          ],
          [
            -119.6818500534053,
            37.561900736712005
          ],
          [
            -119.68182698839989,
            37.56188591671227
          ],
          [
            -119.68181653939578,
            37.561864214711015
          ],
          [
            -119.6818104413895,
            37.56181755170702
          ],
          [
            -119.68179448838211,
            37.56177483270419
          ],
          [
            -119.68175301736623,
            37.56169309569945
          ],
          [
            -119.68171548035406,
            37.56163951169709
          ],
          [
            -119.68164741933421,
            37.56156112069458
          ],
          [
            -119.681617613326,
            37.561530826693854
          ],
          [
            -119.68157070631565,
            37.56150711169497
          ],
          [
            -119.68152715230724,
            37.56149522469691
          ],
          [
            -119.68146490529517,
            37.561478009699705
          ],
          [
            -119.68142503028444,
            37.56144021469902
          ],
          [
            -119.68141910827897,
            37.561399903695644
          ],
          [
            -119.68139691227177,
            37.561368331694254
          ],
          [
            -119.6813675092636,
            37.56133787269352
          ],
          [
            -119.6813201772536,
            37.56131765369497
          ],
          [
            -119.68126695324382,
            37.561307716697804
          ],
          [
            -119.68121021923454,
            37.561307388701806
          ],
          [
            -119.68115643022693,
            37.56131770370659
          ],
          [
            -119.68111294221897,
            37.56130978870896
          ],
          [
            -119.68107344720978,
            37.561284773709424
          ],
          [
            -119.68105236220184,
            37.561244795707154
          ],
          [
            -119.68105041019724,
            37.56120660570371
          ],
          [
            -119.68094444717042,
            37.56112131470324
          ],
          [
            -119.68090480816129,
            37.56109748070382
          ],
          [
            -119.6808704821551,
            37.561092077705766
          ],
          [
            -119.68081672214446,
            37.561075485708024
          ],
          [
            -119.68075762213306,
            37.56105948871074
          ],
          [
            -119.68071900212475,
            37.561041396711765
          ],
          [
            -119.68068905911802,
            37.56102528071241
          ],
          [
            -119.68067821811421,
            37.56100699171144
          ],
          [
            -119.68064225510474,
            37.56097432771092
          ],
          [
            -119.6806048350951,
            37.56094279471065
          ],
          [
            -119.6805553030822,
            37.56089948671006
          ],
          [
            -119.68048959506609,
            37.56085155671023
          ],
          [
            -119.68042751904954,
            37.56079416870926
          ],
          [
            -119.6803857470378,
            37.56074980170806
          ],
          [
            -119.68031312002246,
            37.5607185597103
          ],
          [
            -119.68022866700595,
            37.560693936713996
          ],
          [
            -119.68015372299222,
            37.56068052871804
          ],
          [
            -119.68009951398356,
            37.560681852722055
          ],
          [
            -119.68003471797279,
            37.56067974872643
          ],
          [
            -119.67996336396149,
            37.56068302473184
          ],
          [
            -119.67990478295184,
            37.56068191373589
          ],
          [
            -119.67984221993912,
            37.56065890673819
          ],
          [
            -119.67979323592836,
            37.560634106739336
          ],
          [
            -119.67972488591309,
            37.56059752674073
          ],
          [
            -119.67959861188852,
            37.56056143774633
          ],
          [
            -119.67956082188061,
            37.560546197747605
          ],
          [
            -119.6795430788763,
            37.56053370774767
          ],
          [
            -119.679498311868,
            37.56052391774996
          ],
          [
            -119.67947490586064,
            37.56049258674868
          ],
          [
            -119.67948431685917,
            37.5604658447455
          ],
          [
            -119.67952191886206,
            37.560436855740086
          ],
          [
            -119.67954885386276,
            37.560404046735066
          ],
          [
            -119.67954894585874,
            37.560368181731725
          ],
          [
            -119.67954788885456,
            37.560332555728465
          ],
          [
            -119.67956957685456,
            37.56030136072397
          ],
          [
            -119.67958127485232,
            37.560264282719665
          ],
          [
            -119.6795822948477,
            37.560221353715555
          ],
          [
            -119.67957900583944,
            37.56015281770939
          ],
          [
            -119.67957692983428,
            37.56010955770543
          ],
          [
            -119.67955329982394,
            37.56005159270168
          ],
          [
            -119.67950069380896,
            37.55999455670007
          ],
          [
            -119.67940870778523,
            37.5599164606993
          ],
          [
            -119.67934834776943,
            37.55986299969857
          ],
          [
            -119.67930781775861,
            37.55982565869795
          ],
          [
            -119.67928686675185,
            37.55979591169661
          ],
          [
            -119.67926321274483,
            37.55976725269559
          ],
          [
            -119.67924787073751,
            37.559724688692725
          ],
          [
            -119.67924749573241,
            37.5596793996885
          ],
          [
            -119.67923671172576,
            37.55963604868521
          ],
          [
            -119.67920588471581,
            37.55959203168326
          ],
          [
            -119.67918067770603,
            37.559541219680256
          ],
          [
            -119.6791314876909,
            37.559477740677785
          ],
          [
            -119.67909231968005,
            37.55943794967688
          ],
          [
            -119.67907027967273,
            37.55940443367526
          ],
          [
            -119.67905049266489,
            37.55936377267285
          ],
          [
            -119.6790092916509,
            37.559298689669674
          ],
          [
            -119.67897015863785,
            37.55923891966684
          ],
          [
            -119.67893120862506,
            37.55918166566423
          ],
          [
            -119.6789005596136,
            37.55912389066102
          ],
          [
            -119.67889224760796,
            37.55908545965799
          ],
          [
            -119.67888249760283,
            37.559053908655734
          ],
          [
            -119.67884974959404,
            37.55902321465514
          ],
          [
            -119.67879774558129,
            37.55898515065529
          ],
          [
            -119.67875279457014,
            37.55895103665527
          ],
          [
            -119.67868342055472,
            37.55891382765673
          ],
          [
            -119.67855911452627,
            37.55884087965869
          ],
          [
            -119.67849395050911,
            37.55878227265781
          ],
          [
            -119.67843881449707,
            37.55875529665922
          ],
          [
            -119.67839822848572,
            37.55871319765812
          ],
          [
            -119.6783536804718,
            37.5586535536557
          ],
          [
            -119.67831793546135,
            37.55861228965436
          ],
          [
            -119.67827870845267,
            37.55859182965526
          ],
          [
            -119.67822858244261,
            37.558574509657156
          ],
          [
            -119.67819880543665,
            37.55856472465838
          ],
          [
            -119.678193635432,
            37.55853077665554
          ],
          [
            -119.67817175742493,
            37.55849943665414
          ],
          [
            -119.67813492641574,
            37.55847136165414
          ],
          [
            -119.6781014064083,
            37.558453564654855
          ],
          [
            -119.67806371540102,
            37.5584434616566
          ],
          [
            -119.67800928738943,
            37.55841898265814
          ],
          [
            -119.67796937137926,
            37.558386170657926
          ],
          [
            -119.67792867036913,
            37.558354657657844
          ],
          [
            -119.67787820236059,
            37.55835235566123
          ],
          [
            -119.67783021835162,
            37.55834188166362
          ],
          [
            -119.67779443234355,
            37.55832216166432
          ],
          [
            -119.67778615933895,
            37.55829294766216
          ],
          [
            -119.6777650023317,
            37.55825908566048
          ],
          [
            -119.67772388531965,
            37.558210718658884
          ],
          [
            -119.67766144130204,
            37.558144969657164
          ],
          [
            -119.677543862274,
            37.558065664658095
          ],
          [
            -119.67733880821379,
            37.557826581650154
          ],
          [
            -119.67726512019243,
            37.557742747647566
          ],
          [
            -119.67723030118394,
            37.55771774864769
          ],
          [
            -119.67719258917298,
            37.55767471364629
          ],
          [
            -119.67711569415492,
            37.55762517864715
          ],
          [
            -119.67702395113423,
            37.55757379164881
          ],
          [
            -119.67693004211493,
            37.557538503652175
          ],
          [
            -119.67685385609936,
            37.55751045265494
          ],
          [
            -119.67681389108789,
            37.557465997653644
          ],
          [
            -119.67676415307223,
            37.55739831965082
          ],
          [
            -119.67671867305408,
            37.55730267064507
          ],
          [
            -119.67671163004805,
            37.55725898564143
          ],
          [
            -119.67667977204003,
            37.55723391164139
          ],
          [
            -119.67660091202036,
            37.55717276464121
          ],
          [
            -119.67653190600358,
            37.55712372864155
          ],
          [
            -119.67649301299288,
            37.557084190640595
          ],
          [
            -119.676419896977,
            37.55704892164245
          ],
          [
            -119.67633758996007,
            37.55701773064537
          ],
          [
            -119.67627383194603,
            37.55698504864686
          ],
          [
            -119.67621341393351,
            37.55696118764891
          ],
          [
            -119.67613676391694,
            37.55692434365088
          ],
          [
            -119.67608790090749,
            37.556911312653135
          ],
          [
            -119.67607958090322,
            37.55688518765125
          ],
          [
            -119.67606470489609,
            37.55684331464838
          ],
          [
            -119.67604797988953,
            37.556808981646384
          ],
          [
            -119.67605209888497,
            37.55676241264171
          ],
          [
            -119.67607701188453,
            37.55672222263618
          ],
          [
            -119.67610851488517,
            37.55668231663015
          ],
          [
            -119.67611762488221,
            37.556642343625796
          ],
          [
            -119.67611634187621,
            37.556591011621066
          ],
          [
            -119.67612237887238,
            37.55654807661658
          ],
          [
            -119.67613225386657,
            37.55648205760966
          ],
          [
            -119.67611223585767,
            37.556431728606384
          ],
          [
            -119.67601463583418,
            37.55636378060696
          ],
          [
            -119.67593891181627,
            37.55631418260765
          ],
          [
            -119.67591002580907,
            37.55629185560759
          ],
          [
            -119.67588688280357,
            37.55627610160774
          ],
          [
            -119.6758299317893,
            37.55623181160764
          ],
          [
            -119.67581901378401,
            37.55620024760546
          ],
          [
            -119.6758071817764,
            37.55614957360158
          ],
          [
            -119.67576964576236,
            37.55607923859761
          ],
          [
            -119.67572185274537,
            37.55599685159325
          ],
          [
            -119.67559043371132,
            37.55588397159204
          ],
          [
            -119.67545422667793,
            37.555784322592366
          ],
          [
            -119.67536842965684,
            37.55572069859247
          ],
          [
            -119.67530630164144,
            37.55567319359243
          ],
          [
            -119.67523202262302,
            37.55561740159244
          ],
          [
            -119.67513990460074,
            37.55555240159289
          ],
          [
            -119.67508581358865,
            37.555523035593986
          ],
          [
            -119.67504030857901,
            37.55550308459533
          ],
          [
            -119.67499508557057,
            37.55549327959765
          ],
          [
            -119.67494874056298,
            37.5554931796009
          ],
          [
            -119.67490556555524,
            37.55548659160334
          ],
          [
            -119.67489926355138,
            37.55546134960142
          ],
          [
            -119.67490163754806,
            37.555428596598205
          ],
          [
            -119.67491266054598,
            37.55539368359411
          ],
          [
            -119.67492873154414,
            37.55535390958927
          ],
          [
            -119.67492991853901,
            37.555306413584695
          ],
          [
            -119.67491958853111,
            37.55525076758024
          ],
          [
            -119.67488331851989,
            37.55520356757835
          ],
          [
            -119.67483236750668,
            37.555160007577875
          ],
          [
            -119.67480260949844,
            37.555129413577106
          ],
          [
            -119.67480192549257,
            37.555078545572414
          ],
          [
            -119.67479036848438,
            37.55502199456792
          ],
          [
            -119.67480265448214,
            37.55498390256347
          ],
          [
            -119.67477723947535,
            37.55496017556306
          ],
          [
            -119.67475341646923,
            37.55494021056283
          ],
          [
            -119.67468845345539,
            37.554911028564725
          ],
          [
            -119.67463960844569,
            37.55489578556675
          ],
          [
            -119.67457738943475,
            37.55488832957048
          ],
          [
            -119.67453749342793,
            37.55488573457306
          ],
          [
            -119.67453130942295,
            37.55485010957015
          ],
          [
            -119.67453461441605,
            37.5547837185637
          ],
          [
            -119.6745416734125,
            37.5547421285593
          ],
          [
            -119.67452644440088,
            37.554660445552734
          ],
          [
            -119.67449793438931,
            37.55459835654889
          ],
          [
            -119.67447785638153,
            37.55455844154656
          ],
          [
            -119.67445843137378,
            37.55451752654411
          ],
          [
            -119.67443919436698,
            37.55448484154239
          ],
          [
            -119.67440248735647,
            37.55444447854123
          ],
          [
            -119.6743672013484,
            37.55442383054182
          ],
          [
            -119.6743124363381,
            37.554411008544484
          ],
          [
            -119.6742596203284,
            37.55440130054733
          ],
          [
            -119.67422745932203,
            37.554391319548664
          ],
          [
            -119.67420563031729,
            37.554380563549216
          ],
          [
            -119.67418624231036,
            37.55434719054745
          ],
          [
            -119.67417312430342,
            37.554304659544414
          ],
          [
            -119.67413103629033,
            37.55424905154217
          ],
          [
            -119.67412562528617,
            37.55421905253973
          ],
          [
            -119.67410025027964,
            37.55419789953954
          ],
          [
            -119.67406417127066,
            37.554170433539554
          ],
          [
            -119.674046334266,
            37.55415444953931
          ],
          [
            -119.67404011626154,
            37.55412400353691
          ],
          [
            -119.67404402225759,
            37.55408297553274
          ],
          [
            -119.67406480925672,
            37.554045027527685
          ],
          [
            -119.67406444925182,
            37.55400212352369
          ],
          [
            -119.67405321324485,
            37.55395587252018
          ],
          [
            -119.67404725923961,
            37.55391813551706
          ],
          [
            -119.67401969623255,
            37.553894990516824
          ],
          [
            -119.67399794522692,
            37.55387672451668
          ],
          [
            -119.67396888621853,
            37.55384405451567
          ],
          [
            -119.67396189721214,
            37.553796578511694
          ],
          [
            -119.67395807320486,
            37.55373784950647
          ],
          [
            -119.67394251019867,
            37.553704806504435
          ],
          [
            -119.67390558018893,
            37.55367195550401
          ],
          [
            -119.6738945561829,
            37.55363400750123
          ],
          [
            -119.67388844917754,
            37.55359518449802
          ],
          [
            -119.67389464917336,
            37.55354841049318
          ],
          [
            -119.6738948271657,
            37.553479784486704
          ],
          [
            -119.67388855915812,
            37.55342115948163
          ],
          [
            -119.67389454215314,
            37.553368408476246
          ],
          [
            -119.67390677014671,
            37.553293144468334
          ],
          [
            -119.67390542213923,
            37.55322826546229
          ],
          [
            -119.67390407113173,
            37.55316331045634
          ],
          [
            -119.67386369411335,
            37.55305810144929
          ],
          [
            -119.67380697809847,
            37.553007900448634
          ],
          [
            -119.67375695008435,
            37.55295449644715
          ],
          [
            -119.67369918106759,
            37.55288895544513
          ],
          [
            -119.67364432504978,
            37.552809820441574
          ],
          [
            -119.67355472602172,
            37.552689611436655
          ],
          [
            -119.67349059900332,
            37.55261888243455
          ],
          [
            -119.67344808498865,
            37.55254930643105
          ],
          [
            -119.67339721997473,
            37.552499046429936
          ],
          [
            -119.67333387895886,
            37.552449425429806
          ],
          [
            -119.67327375294425,
            37.55240694943004
          ],
          [
            -119.67322066293163,
            37.5523714564305
          ],
          [
            -119.67317855991979,
            37.55232695342928
          ],
          [
            -119.6731430259081,
            37.552274375426926
          ],
          [
            -119.67313206590221,
            37.552237604424256
          ],
          [
            -119.67313445489836,
            37.55219970542051
          ],
          [
            -119.67314703789434,
            37.55214554541448
          ],
          [
            -119.67315529289063,
            37.55210002940962
          ],
          [
            -119.67315316488421,
            37.55204588740474
          ],
          [
            -119.67313904787328,
            37.55196922039851
          ],
          [
            -119.67308754785952,
            37.55192125439765
          ],
          [
            -119.67303455884615,
            37.55187884739746
          ],
          [
            -119.67299492183672,
            37.55185193939775
          ],
          [
            -119.67295053982724,
            37.55183197839901
          ],
          [
            -119.67285290980544,
            37.55177955940104
          ],
          [
            -119.67273965178097,
            37.55172580940404
          ],
          [
            -119.67270580577274,
            37.55170154440418
          ],
          [
            -119.67267854976603,
            37.55168140340416
          ],
          [
            -119.6726749657626,
            37.55165563240204
          ],
          [
            -119.67265808875746,
            37.55163452540124
          ],
          [
            -119.67261768074763,
            37.55160561640141
          ],
          [
            -119.67256126873573,
            37.551581237403106
          ],
          [
            -119.67250506572427,
            37.551560533405144
          ],
          [
            -119.67246508471446,
            37.55153140140524
          ],
          [
            -119.67244970770881,
            37.55150298940372
          ],
          [
            -119.6724170026996,
            37.551468360402765
          ],
          [
            -119.67238257969318,
            37.5514610044045
          ],
          [
            -119.67231502767972,
            37.551439432407285
          ],
          [
            -119.67226000266743,
            37.5514097124084
          ],
          [
            -119.6722350716588,
            37.551368579406294
          ],
          [
            -119.67219021964517,
            37.55131258340426
          ],
          [
            -119.67212762163211,
            37.551287053406305
          ],
          [
            -119.67207430962023,
            37.55125803540734
          ],
          [
            -119.67201049860809,
            37.551243067410454
          ],
          [
            -119.6719354015943,
            37.55122854241445
          ],
          [
            -119.67183537357919,
            37.55123924042253
          ],
          [
            -119.6717806015729,
            37.551263065428685
          ],
          [
            -119.67174069256797,
            37.551277019432824
          ],
          [
            -119.67167166455589,
            37.551269210436985
          ],
          [
            -119.67165854354985,
            37.55123468043469
          ],
          [
            -119.67165556254447,
            37.551191104430806
          ],
          [
            -119.67163024453534,
            37.551146295428424
          ],
          [
            -119.6716288605291,
            37.55109247342343
          ],
          [
            -119.67163713752491,
            37.55104332941822
          ],
          [
            -119.67162952151983,
            37.55100931541556
          ],
          [
            -119.67161287051367,
            37.550977948413845
          ],
          [
            -119.67160398950848,
            37.550944936411355
          ],
          [
            -119.67156028350024,
            37.550934767413494
          ],
          [
            -119.67149951149001,
            37.55093169641756
          ],
          [
            -119.67147323748388,
            37.550915059417804
          ],
          [
            -119.67144840447563,
            37.550877376416075
          ],
          [
            -119.67143244646616,
            37.55081626641149
          ],
          [
            -119.67137471244872,
            37.550744610408785
          ],
          [
            -119.67132501043605,
            37.55070358040851
          ],
          [
            -119.67131376543014,
            37.5506674604059
          ],
          [
            -119.67128890042326,
            37.55064220440527
          ],
          [
            -119.67126063141738,
            37.55063058540623
          ],
          [
            -119.67123194440858,
            37.550593604404796
          ],
          [
            -119.67118086639724,
            37.55056689140589
          ],
          [
            -119.67113175638606,
            37.550538621406716
          ],
          [
            -119.6710920853766,
            37.550511468407024
          ],
          [
            -119.67105673536537,
            37.55046309640495
          ],
          [
            -119.67100609335034,
            37.550402692402855
          ],
          [
            -119.67097546033966,
            37.550351884400285
          ],
          [
            -119.67094637833056,
            37.550312387398655
          ],
          [
            -119.67093494032326,
            37.550264083394914
          ],
          [
            -119.67092770531804,
            37.55022764639199
          ],
          [
            -119.67093168931505,
            37.55019569738872
          ],
          [
            -119.67094214330996,
            37.550134775382276
          ],
          [
            -119.67095402530596,
            37.55008212737646
          ],
          [
            -119.67094691329977,
            37.55003730637275
          ],
          [
            -119.67092519028793,
            37.54996300036732
          ],
          [
            -119.67089603227804,
            37.54991717536511
          ],
          [
            -119.67086774726893,
            37.54987685136333
          ],
          [
            -119.6708244802583,
            37.54984511436341
          ],
          [
            -119.67075666524484,
            37.54982314036615
          ],
          [
            -119.67071881523734,
            37.54981126936771
          ],
          [
            -119.6706805572315,
            37.54981519837077
          ],
          [
            -119.67063061622467,
            37.54982645137542
          ],
          [
            -119.67059251421988,
            37.54983929937932
          ],
          [
            -119.67056003121435,
            37.54983708238145
          ],
          [
            -119.67054541720987,
            37.549818654380715
          ],
          [
            -119.67055155020782,
            37.54979118037771
          ],
          [
            -119.67054990420469,
            37.54976536237542
          ],
          [
            -119.67052548319813,
            37.54974277537505
          ],
          [
            -119.67048320119164,
            37.54974607337834
          ],
          [
            -119.67043813418518,
            37.54975379438229
          ],
          [
            -119.67039889417843,
            37.549750829384784
          ],
          [
            -119.67038314617305,
            37.549725928383545
          ],
          [
            -119.67036301616693,
            37.54970059238263
          ],
          [
            -119.6703325651547,
            37.549635329378646
          ],
          [
            -119.6703060741454,
            37.54959047237628
          ],
          [
            -119.67024473712432,
            37.549492017371385
          ],
          [
            -119.67021687011353,
            37.54943594036814
          ],
          [
            -119.67020691910864,
            37.549407123366095
          ],
          [
            -119.67017525009948,
            37.549371459365005
          ],
          [
            -119.67011741708853,
            37.54935780236782
          ],
          [
            -119.67004523407434,
            37.54933574237087
          ],
          [
            -119.66998850206039,
            37.54929377537101
          ],
          [
            -119.66991029504274,
            37.54925007737244
          ],
          [
            -119.66983785002752,
            37.54921955437471
          ],
          [
            -119.66974909200951,
            37.54918783037804
          ],
          [
            -119.6696881029964,
            37.549159207379695
          ],
          [
            -119.66962542597925,
            37.549097309378304
          ],
          [
            -119.66956542596321,
            37.54904167937738
          ],
          [
            -119.669481184948,
            37.54902810438207
          ],
          [
            -119.66942637993922,
            37.54902966438609
          ],
          [
            -119.66937551893061,
            37.5490265213894
          ],
          [
            -119.66931436492071,
            37.54902694139383
          ],
          [
            -119.669224123905,
            37.54901790739937
          ],
          [
            -119.66914246488717,
            37.54897757540135
          ],
          [
            -119.66908536287639,
            37.5489643334042
          ],
          [
            -119.66902461586622,
            37.548962252408316
          ],
          [
            -119.66898566685954,
            37.54895904241075
          ],
          [
            -119.6689567908533,
            37.54894541941154
          ],
          [
            -119.66893967184596,
            37.548904666408916
          ],
          [
            -119.66891398283828,
            37.54887349640783
          ],
          [
            -119.66888536482993,
            37.54884020940671
          ],
          [
            -119.6688530048208,
            37.548806252405846
          ],
          [
            -119.66879929680849,
            37.54877434440664
          ],
          [
            -119.66871451079412,
            37.5487692794122
          ],
          [
            -119.66865108578406,
            37.54877183941693
          ],
          [
            -119.66858273177421,
            37.54878325342286
          ],
          [
            -119.66853659276728,
            37.548788036426615
          ],
          [
            -119.66848089075823,
            37.54878885643061
          ],
          [
            -119.66843327574983,
            37.548782762433405
          ],
          [
            -119.66837110673825,
            37.54876978443664
          ],
          [
            -119.66832337873106,
            37.548775094440515
          ],
          [
            -119.66824724072023,
            37.54878915244722
          ],
          [
            -119.66815583770723,
            37.54880602845532
          ],
          [
            -119.66807041969436,
            37.54881490846223
          ],
          [
            -119.6679996526831,
            37.54881750446749
          ],
          [
            -119.66793936667236,
            37.54880950947104
          ],
          [
            -119.66786932966163,
            37.54881539047657
          ],
          [
            -119.66779958165168,
            37.54882785148269
          ],
          [
            -119.667749845645,
            37.548840689487385
          ],
          [
            -119.66769797763804,
            37.548854019492325
          ],
          [
            -119.66763712263021,
            37.54887254949843
          ],
          [
            -119.66755006861652,
            37.54887690650499
          ],
          [
            -119.66744504659864,
            37.54887038651184
          ],
          [
            -119.66736407958643,
            37.548878678518385
          ],
          [
            -119.66729233157473,
            37.548878412523486
          ],
          [
            -119.66721506656131,
            37.548871074528236
          ],
          [
            -119.66714105054892,
            37.54886793153323
          ],
          [
            -119.667083196541,
            37.548881943538674
          ],
          [
            -119.66703675453654,
            37.5489094525445
          ],
          [
            -119.6669942795317,
            37.54892783454927
          ],
          [
            -119.66693402552171,
            37.54892637355338
          ],
          [
            -119.66688119751122,
            37.54890912455552
          ],
          [
            -119.66682949550005,
            37.54888480055692
          ],
          [
            -119.66675515348697,
            37.5488762875614
          ],
          [
            -119.66667479047342,
            37.54887183856673
          ],
          [
            -119.66657036245653,
            37.54887335357425
          ],
          [
            -119.66651858344984,
            37.548889059579395
          ],
          [
            -119.66643652843925,
            37.54891374158754
          ],
          [
            -119.66636759942881,
            37.54892079659313
          ],
          [
            -119.66630531041861,
            37.54892018759751
          ],
          [
            -119.66622792440741,
            37.548932509604136
          ],
          [
            -119.6661711364012,
            37.548959772610736
          ],
          [
            -119.6661233533941,
            37.54896575561467
          ],
          [
            -119.66607081738522,
            37.54896301261815
          ],
          [
            -119.66600816537556,
            37.54896808662309
          ],
          [
            -119.6659609393702,
            37.54898848562836
          ],
          [
            -119.66590001036195,
            37.5490036496341
          ],
          [
            -119.66578866334618,
            37.54902471064403
          ],
          [
            -119.66573364233885,
            37.54903968164932
          ],
          [
            -119.66561182132314,
            37.54907635866141
          ],
          [
            -119.66555320631562,
            37.54909446066728
          ],
          [
            -119.66549546730712,
            37.54910267767217
          ],
          [
            -119.66541698529538,
            37.549111781678604
          ],
          [
            -119.66535749528671,
            37.549121191683675
          ],
          [
            -119.66530111527888,
            37.5491328856888
          ],
          [
            -119.66525546627273,
            37.54914451669315
          ],
          [
            -119.66521826926959,
            37.5491706156982
          ],
          [
            -119.66516581426215,
            37.5491804267029
          ],
          [
            -119.66508235624926,
            37.54918658370937
          ],
          [
            -119.66501010823603,
            37.549173534713255
          ],
          [
            -119.6649491972246,
            37.54916010471637
          ],
          [
            -119.66489875021584,
            37.54915554071951
          ],
          [
            -119.66486231021005,
            37.54915663172221
          ],
          [
            -119.6647922971982,
            37.54915272272676
          ],
          [
            -119.66472527718635,
            37.54914420873073
          ],
          [
            -119.66467030317732,
            37.54914375473462
          ],
          [
            -119.66464592617425,
            37.54915171373711
          ],
          [
            -119.66462628317278,
            37.54916725273997
          ],
          [
            -119.66460280217022,
            37.54917835774268
          ],
          [
            -119.66455655416362,
            37.54918666474673
          ],
          [
            -119.66450793915665,
            37.54919544575101
          ],
          [
            -119.66444995714836,
            37.54920526175604
          ],
          [
            -119.66440447514267,
            37.549220989760755
          ],
          [
            -119.66437244414163,
            37.54925791876652
          ],
          [
            -119.66435706314236,
            37.549287197770354
          ],
          [
            -119.66431858813745,
            37.549299457774254
          ],
          [
            -119.6642910311323,
            37.54929272177553
          ],
          [
            -119.6642683431272,
            37.549280589776
          ],
          [
            -119.6642239801155,
            37.54924065977544
          ],
          [
            -119.66416052210113,
            37.54920497377654
          ],
          [
            -119.66412184609285,
            37.54918704277767
          ],
          [
            -119.66409372708408,
            37.549149901776175
          ],
          [
            -119.66405522307244,
            37.54910186177436
          ],
          [
            -119.66400435105875,
            37.549053964773485
          ],
          [
            -119.66394359204537,
            37.549022288774815
          ],
          [
            -119.66390193303454,
            37.54898628777438
          ],
          [
            -119.66385763102159,
            37.54893521477272
          ],
          [
            -119.6638045880088,
            37.548897924773016
          ],
          [
            -119.66374106199723,
            37.54888734977649
          ],
          [
            -119.66368203998648,
            37.54887738377977
          ],
          [
            -119.66363224397558,
            37.548852137780926
          ],
          [
            -119.6635845799646,
            37.5488239737817
          ],
          [
            -119.66356268995966,
            37.54881120578203
          ],
          [
            -119.66352864895357,
            37.548806378784
          ],
          [
            -119.66345615994008,
            37.5487911357877
          ],
          [
            -119.66339071792386,
            37.548742268787784
          ],
          [
            -119.6633359469099,
            37.54869655078736
          ],
          [
            -119.66328757689881,
            37.5486680207881
          ],
          [
            -119.66323860488747,
            37.54863801778875
          ],
          [
            -119.66316166887094,
            37.548602750790906
          ],
          [
            -119.66311041386204,
            37.54859781379413
          ],
          [
            -119.6630620048516,
            37.548574853795365
          ],
          [
            -119.66300484683964,
            37.548551281797245
          ],
          [
            -119.66292113182382,
            37.54853152180129
          ],
          [
            -119.662828035806,
            37.5485076698057
          ],
          [
            -119.66277657579718,
            37.54850388380902
          ],
          [
            -119.66270717978625,
            37.548507402814224
          ],
          [
            -119.66263301477397,
            37.54850567581935
          ],
          [
            -119.66256356775963,
            37.54847867682174
          ],
          [
            -119.6625165257506,
            37.54846639782396
          ],
          [
            -119.66246877974099,
            37.548450090825796
          ],
          [
            -119.66240739572612,
            37.548406635826055
          ],
          [
            -119.66234797271194,
            37.54836663582651
          ],
          [
            -119.66229595870055,
            37.54834012982773
          ],
          [
            -119.6622793886951,
            37.54831572582662
          ],
          [
            -119.6622699246892,
            37.548276934823626
          ],
          [
            -119.6622659056836,
            37.548233030819816
          ],
          [
            -119.66225518367774,
            37.5481959748171
          ],
          [
            -119.66220906866613,
            37.548159629816936
          ],
          [
            -119.662175422658,
            37.54813573781708
          ],
          [
            -119.66212639564998,
            37.54813566882054
          ],
          [
            -119.66204583163727,
            37.54813922982663
          ],
          [
            -119.66197449662467,
            37.54813060783087
          ],
          [
            -119.66189155861058,
            37.54812521183626
          ],
          [
            -119.6617912315911,
            37.54809725284074
          ],
          [
            -119.66171090457337,
            37.54805576784255
          ],
          [
            -119.66166807556391,
            37.54803407384356
          ],
          [
            -119.66160509954825,
            37.54798559984351
          ],
          [
            -119.6615391685328,
            37.54794346184417
          ],
          [
            -119.6614774335192,
            37.547911658845564
          ],
          [
            -119.661423842506,
            37.547872099845705
          ],
          [
            -119.66137174149212,
            37.54782382584487
          ],
          [
            -119.66128167647022,
            37.547759344845154
          ],
          [
            -119.66120663445457,
            37.5477287028476
          ],
          [
            -119.66115887844092,
            37.54767654584611
          ],
          [
            -119.66110935942893,
            37.547641475846305
          ],
          [
            -119.66108514242121,
            37.54760760284489
          ],
          [
            -119.66103836640498,
            37.54753058384098
          ],
          [
            -119.66097372138411,
            37.54743840583686
          ],
          [
            -119.66088790835263,
            37.5472821878283
          ],
          [
            -119.66079274432316,
            37.54715746482334
          ],
          [
            -119.66071329830072,
            37.547072543820995
          ],
          [
            -119.66061061927347,
            37.546978824819476
          ],
          [
            -119.66049130824113,
            37.54686347281708
          ],
          [
            -119.66039971821394,
            37.54675400881331
          ],
          [
            -119.66035799720203,
            37.54670835781199
          ],
          [
            -119.66029761918826,
            37.546673401813
          ],
          [
            -119.66027065617813,
            37.54662250181013
          ],
          [
            -119.66024566516839,
            37.54657177980711
          ],
          [
            -119.66022913415857,
            37.5465077268023
          ],
          [
            -119.66019635514763,
            37.546458156799915
          ],
          [
            -119.66011282312729,
            37.5463976348002
          ],
          [
            -119.6600135021044,
            37.546338249801636
          ],
          [
            -119.65998715309614,
            37.54630286180023
          ],
          [
            -119.65992131507896,
            37.54624478979944
          ],
          [
            -119.65988056806762,
            37.54620277979837
          ],
          [
            -119.65985935505988,
            37.54616487379632
          ],
          [
            -119.65985563105545,
            37.54613091179335
          ],
          [
            -119.65985561705267,
            37.54610576079101
          ],
          [
            -119.65984091404779,
            37.54608387478998
          ],
          [
            -119.65981493404124,
            37.54606279378985
          ],
          [
            -119.6597756580328,
            37.54604489179098
          ],
          [
            -119.65974110402516,
            37.54602691179174
          ],
          [
            -119.65970106201766,
            37.54601790779376
          ],
          [
            -119.65965807301104,
            37.54602133079709
          ],
          [
            -119.6596074770048,
            37.546039066802365
          ],
          [
            -119.65954985599821,
            37.54606423480886
          ],
          [
            -119.65948528799018,
            37.546086550815495
          ],
          [
            -119.65941439998181,
            37.54611465782317
          ],
          [
            -119.65933752397248,
            37.54614371983135
          ],
          [
            -119.65928540596516,
            37.546154006836055
          ],
          [
            -119.6592495659606,
            37.546165412839656
          ],
          [
            -119.65921999095916,
            37.546195505844615
          ],
          [
            -119.65919784195994,
            37.54623484784985
          ],
          [
            -119.65916761396107,
            37.54628859885705
          ],
          [
            -119.65913329595905,
            37.5463204888625
          ],
          [
            -119.65908366695537,
            37.54635976986971
          ],
          [
            -119.65903471294796,
            37.5463650028737
          ],
          [
            -119.65897158093556,
            37.546345973876356
          ],
          [
            -119.65890510792237,
            37.54632499287912
          ],
          [
            -119.65882435290101,
            37.54625170487797
          ],
          [
            -119.6587614498862,
            37.54621091587863
          ],
          [
            -119.65872766887435,
            37.54615459987568
          ],
          [
            -119.65870085586127,
            37.54607663487026
          ],
          [
            -119.65868613585295,
            37.546023900866395
          ],
          [
            -119.6586621458436,
            37.5459755298635
          ],
          [
            -119.65862580883126,
            37.545917662860695
          ],
          [
            -119.65857728781715,
            37.545862312858894
          ],
          [
            -119.6585237008038,
            37.54582126085887
          ],
          [
            -119.65849003879656,
            37.54580524985976
          ],
          [
            -119.65844074379152,
            37.54583206586577
          ],
          [
            -119.658395270784,
            37.54583116086888
          ],
          [
            -119.6583369717716,
            37.54580558187065
          ],
          [
            -119.6582892297583,
            37.54575605786939
          ],
          [
            -119.65825678774844,
            37.54571503586783
          ],
          [
            -119.65823369273939,
            37.54566799886504
          ],
          [
            -119.65821213472955,
            37.54561147886128
          ],
          [
            -119.65819356171656,
            37.54552239785423
          ],
          [
            -119.65814680170222,
            37.545462775851895
          ],
          [
            -119.65810642568995,
            37.54541133984994
          ],
          [
            -119.65805468667638,
            37.54536578984937
          ],
          [
            -119.6579786986582,
            37.54531399484989
          ],
          [
            -119.6578947166376,
            37.54525223285001
          ],
          [
            -119.65784257862455,
            37.545211881849944
          ],
          [
            -119.65782118561697,
            37.545175013847995
          ],
          [
            -119.65780640560976,
            37.545132149844996
          ],
          [
            -119.65780853860497,
            37.54508628184056
          ],
          [
            -119.65779239859687,
            37.54503720583711
          ],
          [
            -119.65775602958179,
            37.54495589883202
          ],
          [
            -119.65770418956271,
            37.54486065682676
          ],
          [
            -119.6576501575459,
            37.544789443823895
          ],
          [
            -119.65756549752241,
            37.54470271382173
          ],
          [
            -119.65754754051252,
            37.54464054381719
          ],
          [
            -119.6575188155034,
            37.544600968815494
          ],
          [
            -119.65745914949272,
            37.54459258481893
          ],
          [
            -119.65742665548508,
            37.544571409819284
          ],
          [
            -119.65740278447747,
            37.54453827481783
          ],
          [
            -119.65739625047175,
            37.544496751814386
          ],
          [
            -119.6573720664635,
            37.54445814381247
          ],
          [
            -119.65735028945541,
            37.544417277810176
          ],
          [
            -119.65728056643867,
            37.54436970981069
          ],
          [
            -119.65726506043322,
            37.544343434809285
          ],
          [
            -119.65723164342364,
            37.544306689808224
          ],
          [
            -119.65722741541846,
            37.544266226804694
          ],
          [
            -119.65720534641326,
            37.544252051804946
          ],
          [
            -119.65715237640373,
            37.54424403680796
          ],
          [
            -119.65710456639438,
            37.544230202810056
          ],
          [
            -119.65705056138141,
            37.544192827810384
          ],
          [
            -119.65702369437284,
            37.54415567280877
          ],
          [
            -119.65699521636625,
            37.54413804180914
          ],
          [
            -119.6569731463587,
            37.54410269080738
          ],
          [
            -119.6569218993458,
            37.544062167807205
          ],
          [
            -119.65687843833545,
            37.54403301080758
          ],
          [
            -119.65685848032834,
            37.543998420805714
          ],
          [
            -119.65685814932348,
            37.543955298801706
          ],
          [
            -119.65684198931551,
            37.543908130798386
          ],
          [
            -119.65681779030736,
            37.543870282796576
          ],
          [
            -119.65679042629971,
            37.54384186979585
          ],
          [
            -119.65676003529319,
            37.543827735796654
          ],
          [
            -119.65671562928449,
            37.54381452379855
          ],
          [
            -119.65666275927511,
            37.54380755680166
          ],
          [
            -119.65660236126402,
            37.54379660680494
          ],
          [
            -119.65654637925117,
            37.54376330080581
          ],
          [
            -119.65651218624178,
            37.54372961480502
          ],
          [
            -119.65649054123122,
            37.54366649380062
          ],
          [
            -119.65646198522175,
            37.5436232787986
          ],
          [
            -119.65643161821384,
            37.54359712479829
          ],
          [
            -119.65638250320328,
            37.54357433879964
          ],
          [
            -119.65634778819411,
            37.54354276179918
          ],
          [
            -119.6563260791868,
            37.543509090797514
          ],
          [
            -119.65631011518028,
            37.5434742037954
          ],
          [
            -119.65628403017035,
            37.543423572792456
          ],
          [
            -119.65628612216479,
            37.54337088778734
          ],
          [
            -119.65629658316017,
            37.54331403278128
          ],
          [
            -119.65630308515523,
            37.54326074777579
          ],
          [
            -119.65631072014925,
            37.54319597676916
          ],
          [
            -119.65628424813863,
            37.543139655765756
          ],
          [
            -119.65626025512965,
            37.543094642763265
          ],
          [
            -119.65622665411512,
            37.543013452758004
          ],
          [
            -119.65621551810345,
            37.54292576775052
          ],
          [
            -119.65619534609532,
            37.54288207874784
          ],
          [
            -119.65614171407842,
            37.54280946274482
          ],
          [
            -119.65609868206889,
            37.542787013745794
          ],
          [
            -119.6560554350594,
            37.54276544274683
          ],
          [
            -119.65600786905051,
            37.54275493074921
          ]
        ],
        "type": "LineString"
      },
      "id": "nps-trail-20409",
      "properties": {
        "feature_id": "nps-trail-20409",
        "nps_feature_id": "{4A29215C-483F-4CD6-B9F0-917D11E318E5}",
        "nps_object_id": 20409,
        "nps_part": null,
        "route_id": "route-alder-creek-wawona",
        "source_id": "source-nps-public-trails-feature-service",
        "surface": "Unknown",
        "trail_name": "Alder Creek Trail",
        "use": "Hiker/Pedestrian"
      },
      "type": "Feature"
    },
    {
      "geometry": {
        "coordinates": [
          [
            -119.59541270566106,
            37.51137817709127
          ],
          [
            -119.59546198767019,
            37.51138828908872
          ],
          [
            -119.59550212667693,
            37.51138987108607
          ],
          [
            -119.5955369876819,
            37.511383219082944
          ],
          [
            -119.59558492968803,
            37.51136807607813
          ],
          [
            -119.59563106169334,
            37.51134822207296
          ],
          [
            -119.5956758016983,
            37.51132760006784
          ]
        ],
        "type": "LineString"
      },
      "id": "nps-trail-20654",
      "properties": {
        "feature_id": "nps-trail-20654",
        "nps_feature_id": "{2CE50E90-0803-4B70-9865-E01269F236AF}",
        "nps_object_id": 20654,
        "nps_part": null,
        "route_id": "route-mariposa-guardians-loop",
        "source_id": "source-nps-public-trails-feature-service",
        "surface": "Native",
        "trail_name": "Guardians of the Grove Loop Trail",
        "use": "Hiker/Pedestrian"
      },
      "type": "Feature"
    },
    {
      "geometry": {
        "coordinates": [
          [
            -119.60984844202437,
            37.502488808230105
          ],
          [
            -119.60979014001667,
            37.50250516623575
          ],
          [
            -119.60971353100535,
            37.50251576424219
          ],
          [
            -119.60964692099641,
            37.50253291624854
          ],
          [
            -119.60958613998818,
            37.50254802125425
          ],
          [
            -119.60953140298118,
            37.50256551125979
          ],
          [
            -119.60947699897473,
            37.50258678026564
          ],
          [
            -119.60943313797118,
            37.502619424271806
          ],
          [
            -119.60939722896968,
            37.502658430278046
          ],
          [
            -119.60937824696859,
            37.50267666228112
          ],
          [
            -119.60936666196869,
            37.502694424283625
          ],
          [
            -119.60934687396802,
            37.50271733928719
          ],
          [
            -119.60932484296718,
            37.50274179429101
          ],
          [
            -119.60929796096667,
            37.502776672296214
          ],
          [
            -119.60927421296492,
            37.502796021299744
          ],
          [
            -119.60924135896012,
            37.50280084130252
          ]
        ],
        "type": "LineString"
      },
      "id": "nps-trail-21647",
      "properties": {
        "feature_id": "nps-trail-21647",
        "nps_feature_id": "{A356D44C-0FDC-4FAF-97CD-E38B6A0C006A}",
        "nps_object_id": 21647,
        "nps_part": null,
        "route_id": "route-mariposa-big-trees-loop",
        "source_id": "source-nps-public-trails-feature-service",
        "surface": "Asphalt",
        "trail_name": "Big Trees Loop Trail",
        "use": "Hiker/Pedestrian"
      },
      "type": "Feature"
    },
    {
      "geometry": {
        "coordinates": [
          [
            -119.60082143971135,
            37.512879825849716
          ],
          [
            -119.60077842371318,
            37.512959027860234
          ],
          [
            -119.60069713270572,
            37.51301078287088
          ],
          [
            -119.60057384869037,
            37.5130536728837
          ],
          [
            -119.60047929167571,
            37.51306098789109
          ],
          [
            -119.60037031165979,
            37.51307739090031
          ]
        ],
        "type": "LineString"
      },
      "id": "nps-trail-21664",
      "properties": {
        "feature_id": "nps-trail-21664",
        "nps_feature_id": "{0259016A-B6FD-47C5-94C8-718ADE440C50}",
        "nps_object_id": 21664,
        "nps_part": null,
        "route_id": "route-mariposa-guardians-loop",
        "source_id": "source-nps-public-trails-feature-service",
        "surface": "Native",
        "trail_name": "Guardians of the Grove Loop Trail",
        "use": "Hiker/Pedestrian"
      },
      "type": "Feature"
    },
    {
      "geometry": {
        "coordinates": [
          [
            -119.5984313103717,
            37.51333109006163
          ],
          [
            -119.5984403053809,
            37.5133998790675
          ],
          [
            -119.59846688739235,
            37.51346386607167
          ],
          [
            -119.59851412940704,
            37.51352658407422
          ],
          [
            -119.59857063742278,
            37.513584793075744
          ],
          [
            -119.59865159644194,
            37.51363795607499
          ],
          [
            -119.59877483246851,
            37.51369604107177
          ],
          [
            -119.59887066848812,
            37.513731310068266
          ]
        ],
        "type": "LineString"
      },
      "id": "nps-trail-21874",
      "properties": {
        "feature_id": "nps-trail-21874",
        "nps_feature_id": "{EA505378-FFE2-4577-9DFF-FF5586DD67BD}",
        "nps_object_id": 21874,
        "nps_part": null,
        "route_id": "route-mariposa-guardians-loop",
        "source_id": "source-nps-public-trails-feature-service",
        "surface": "Native",
        "trail_name": "Guardians of the Grove Loop Trail",
        "use": "Hiker/Pedestrian"
      },
      "type": "Feature"
    },
    {
      "geometry": {
        "coordinates": [
          [
            -119.60924135896012,
            37.50280084130252
          ],
          [
            -119.6090130249151,
            37.5027309703121
          ]
        ],
        "type": "LineString"
      },
      "id": "nps-trail-21961",
      "properties": {
        "feature_id": "nps-trail-21961",
        "nps_feature_id": "{B0EB34EC-2933-4B83-AE40-8A647EE285AC}",
        "nps_object_id": 21961,
        "nps_part": null,
        "route_id": "route-mariposa-big-trees-loop",
        "source_id": "source-nps-public-trails-feature-service",
        "surface": "Wood",
        "trail_name": "Big Trees Loop Trail",
        "use": "Hiker/Pedestrian"
      },
      "type": "Feature"
    },
    {
      "geometry": {
        "coordinates": [
          [
            -119.61127191514265,
            37.50146785403297
          ],
          [
            -119.61125804614365,
            37.50149740003675
          ],
          [
            -119.61125990315153,
            37.501565013043
          ]
        ],
        "type": "LineString"
      },
      "id": "nps-trail-22364",
      "properties": {
        "feature_id": "nps-trail-22364",
        "nps_feature_id": "{3430F0E6-A77D-4120-A7EF-E4E172D079F6}",
        "nps_object_id": 22364,
        "nps_part": null,
        "route_id": "route-mariposa-grove-road-walking-access",
        "source_id": "source-nps-public-trails-feature-service",
        "surface": "Asphalt",
        "trail_name": "Mariposa Grove Road",
        "use": "Bicycle"
      },
      "type": "Feature"
    },
    {
      "geometry": {
        "coordinates": [
          [
            -119.62727801957134,
            37.544575721960136
          ],
          [
            -119.6272332675326,
            37.544294826936884
          ],
          [
            -119.62700191747207,
            37.544091793934186
          ],
          [
            -119.62679397042807,
            37.54400154794045
          ],
          [
            -119.6265520593818,
            37.54394013295183
          ],
          [
            -119.62639879335114,
            37.54388956195792
          ],
          [
            -119.6262894893326,
            37.54388355896517
          ],
          [
            -119.62613515430313,
            37.543845010972476
          ],
          [
            -119.62607248128683,
            37.543790860971846
          ],
          [
            -119.62600289925938,
            37.54364668896316
          ],
          [
            -119.62579955419923,
            37.54340566595491
          ],
          [
            -119.62547296512471,
            37.54321619896028
          ],
          [
            -119.6253535101007,
            37.54317523596489
          ],
          [
            -119.62502419103066,
            37.54302953097452
          ],
          [
            -119.62483309698375,
            37.54288880197489
          ],
          [
            -119.62470599594967,
            37.54276961897266
          ],
          [
            -119.62469655193787,
            37.54267797196472
          ],
          [
            -119.62445253784757,
            37.54222678393956
          ],
          [
            -119.6243632058112,
            37.54203214192759
          ],
          [
            -119.62431615779182,
            37.54192766692108
          ],
          [
            -119.62432230578392,
            37.541847961913135
          ],
          [
            -119.6241887497399,
            37.54164954590395
          ],
          [
            -119.62413972172375,
            37.54157670790056
          ],
          [
            -119.62406551969956,
            37.54146839889566
          ],
          [
            -119.6239663696694,
            37.541343654890944
          ],
          [
            -119.62367291059499,
            37.541106848889434
          ],
          [
            -119.62359199257625,
            37.54105699089047
          ],
          [
            -119.62351751955542,
            37.54097928488848
          ],
          [
            -119.62344046153422,
            37.54090189888663
          ],
          [
            -119.62337081551287,
            37.54081327088326
          ],
          [
            -119.62334955349854,
            37.540715823875566
          ],
          [
            -119.62331083848574,
            37.54065781987288
          ],
          [
            -119.62323949147154,
            37.5406350018758
          ],
          [
            -119.62317406145488,
            37.54058166287539
          ],
          [
            -119.62310709043702,
            37.54051930287432
          ],
          [
            -119.62306147642776,
            37.540503089876
          ],
          [
            -119.62302963942157,
            37.540494619877435
          ],
          [
            -119.62302385041733,
            37.540465262875124
          ],
          [
            -119.62303831241715,
            37.54044225687193
          ],
          [
            -119.62308944242479,
            37.54043564586769
          ],
          [
            -119.62315979943152,
            37.5403936168587
          ],
          [
            -119.62324144644138,
            37.54036261685
          ],
          [
            -119.62331924144968,
            37.540323675840796
          ],
          [
            -119.62333247344779,
            37.54028723483646
          ],
          [
            -119.62335929244695,
            37.54024055783017
          ],
          [
            -119.62341593745461,
            37.54022669482479
          ],
          [
            -119.62349126347016,
            37.54025582782218
          ],
          [
            -119.62355964348615,
            37.54029895782144
          ],
          [
            -119.6236029734977,
            37.540339210822125
          ],
          [
            -119.62365000250703,
            37.540353633820175
          ],
          [
            -119.62370893551804,
            37.54036647081718
          ],
          [
            -119.62382525753783,
            37.5403735008096
          ],
          [
            -119.62393789455801,
            37.54038994980314
          ],
          [
            -119.62404048757833,
            37.54042206579888
          ],
          [
            -119.62418641661603,
            37.54054650280025
          ],
          [
            -119.6242958416454,
            37.54064916880211
          ],
          [
            -119.62439782367053,
            37.5407253458021
          ],
          [
            -119.62445670668589,
            37.540776856802744
          ],
          [
            -119.62452732670228,
            37.54081985480181
          ],
          [
            -119.62461474572268,
            37.54087478980076
          ],
          [
            -119.62479213075963,
            37.54094649079489
          ],
          [
            -119.62555456591606,
            37.541233254767775
          ],
          [
            -119.6257691519616,
            37.541327766761476
          ],
          [
            -119.62582626297528,
            37.54136624576107
          ],
          [
            -119.62593386700112,
            37.541440421760406
          ],
          [
            -119.62601944702536,
            37.54153239376294
          ],
          [
            -119.6260805890466,
            37.54163287676809
          ],
          [
            -119.62615449906926,
            37.54172784577177
          ],
          [
            -119.62621801709183,
            37.541837166777576
          ],
          [
            -119.62645889615378,
            37.542039547779545
          ],
          [
            -119.62665671620813,
            37.542236624784046
          ],
          [
            -119.62685139726268,
            37.54244048778939
          ],
          [
            -119.62712729532713,
            37.54261435878618
          ],
          [
            -119.62748360041546,
            37.54288389278624
          ],
          [
            -119.62769151247053,
            37.54307319878936
          ]
        ],
        "type": "LineString"
      },
      "id": "nps-trail-22788",
      "properties": {
        "feature_id": "nps-trail-22788",
        "nps_feature_id": "{3DB00918-3E19-44C5-BC86-C8FB069071B1}",
        "nps_object_id": 22788,
        "nps_part": null,
        "route_id": "route-swinging-bridge-wawona",
        "source_id": "source-nps-public-trails-feature-service",
        "surface": "Unknown",
        "trail_name": "Wawona Swinging Bridge Trail",
        "use": "Hiker/Pedestrian"
      },
      "type": "Feature"
    }
  ],
  "type": "FeatureCollection"
}
