{
  "features": [
    {
      "geometry": {
        "coordinates": [
          [
            -118.62863162763108,
            37.22654344610287
          ],
          [
            -118.62870819326768,
            37.226533382554926
          ],
          [
            -118.62876628077902,
            37.226548358594044
          ],
          [
            -118.6289111203903,
            37.226584677337534
          ],
          [
            -118.62896935477735,
            37.22660641066891
          ],
          [
            -118.62906546729614,
            37.22663281378986
          ]
        ],
        "type": "LineString"
      },
      "properties": {
        "bicycle": null,
        "crosscountryski": null,
        "dogsled": null,
        "ebike": null,
        "electricwatercraft": null,
        "feature_id": "{1F922F54-531F-4EF0-BA20-21BDB36535B4}",
        "globalid": "{BCD9ADC6-5324-4BF6-B3DA-702428EAD472}",
        "hikerpedestrian": null,
        "icewatercraft": null,
        "lengthmiles": 0.02516299,
        "livestock": null,
        "loaddate": 1777310283000,
        "maplabel": null,
        "motorcycle": null,
        "name": "PIUTE PASS",
        "namealternate": null,
        "nationaltraildesignation": null,
        "networklength": 4481.21651792,
        "nonmotorizedwatercraft": null,
        "objectid": 2475505,
        "ohvisorunder50inches": null,
        "ohvover50inches": null,
        "osvm": null,
        "packsaddle": null,
        "permanentidentifier": "{1F922F54-531F-4EF0-BA20-21BDB36535B4}",
        "pets": null,
        "primarytrailmaintainer": "FS",
        "publisheddate": null,
        "routetype": "Trail",
        "seasonopen": null,
        "shape_Length": 0.00044836566860402907,
        "snowshoe": null,
        "sourcedatadecscription": "USFS Trails Update 03/2026",
        "sourcedatasetid": "{8CC4DB36-D0BE-4189-88C7-64C3569EB754}",
        "sourceeditdate": 1774742400000,
        "sourcefeatureid": "6436",
        "sourceoriginator": "U.S. Forest Service",
        "trailnumber": "3001",
        "trailnumberalternate": null,
        "trailsurface": "Unpaved Native",
        "trailtype": "Terra Trail"
      },
      "type": "Feature"
    },
    {
      "geometry": {
        "coordinates": [
          [
            -118.61004803668888,
            37.21366032842563
          ],
          [
            -118.61006036481052,
            37.21361058883656
          ],
          [
            -118.61006673147482,
            37.21357895654138
          ],
          [
            -118.61007526063973,
            37.21354954612124
          ],
          [
            -118.61008305751086,
            37.21350212111606
          ],
          [
            -118.61010778458976,
            37.213422920065
          ],
          [
            -118.61011511062874,
            37.2133867711026
          ],
          [
            -118.61013641479622,
            37.21336169505703
          ],
          [
            -118.61015621167131,
            37.21333213151106
          ],
          [
            -118.61016626271025,
            37.21329143567307
          ],
          [
            -118.6101753543745,
            37.213255258585605
          ],
          [
            -118.61019395020696,
            37.21321895649744
          ],
          [
            -118.61020817520465,
            37.213175953367276
          ],
          [
            -118.61021576061822,
            37.213135285654445
          ],
          [
            -118.61023304707598,
            37.21310350856681
          ],
          [
            -118.6102304241545,
            37.213062981479695
          ],
          [
            -118.61022895227536,
            37.21302695126795
          ],
          [
            -118.61018825955031,
            37.21293511584514
          ],
          [
            -118.61014948453833,
            37.21288381792613
          ],
          [
            -118.6101131741101,
            37.21283248250696
          ],
          [
            -118.61008434285186,
            37.212801332505954
          ]
        ],
        "type": "LineString"
      },
      "properties": {
        "bicycle": null,
        "crosscountryski": null,
        "dogsled": null,
        "ebike": null,
        "electricwatercraft": null,
        "feature_id": "{45370059-EF96-45D5-B604-31AEF96807FC}",
        "globalid": "{1F429941-8C61-48B2-ADB2-286982F8B1CD}",
        "hikerpedestrian": null,
        "icewatercraft": null,
        "lengthmiles": 0.06292591,
        "livestock": null,
        "loaddate": 1777310283000,
        "maplabel": "SABRINA BASIN",
        "motorcycle": null,
        "name": "SABRINA BASIN",
        "namealternate": null,
        "nationaltraildesignation": null,
        "networklength": 17.23184512,
        "nonmotorizedwatercraft": null,
        "objectid": 2475454,
        "ohvisorunder50inches": null,
        "ohvover50inches": null,
        "osvm": null,
        "packsaddle": null,
        "permanentidentifier": "{45370059-EF96-45D5-B604-31AEF96807FC}",
        "pets": null,
        "primarytrailmaintainer": "FS",
        "publisheddate": null,
        "routetype": "Trail",
        "seasonopen": null,
        "shape_Length": 0.0009401279993674394,
        "snowshoe": null,
        "sourcedatadecscription": "USFS Trails Update 03/2026",
        "sourcedatasetid": "{8CC4DB36-D0BE-4189-88C7-64C3569EB754}",
        "sourceeditdate": 1774742400000,
        "sourcefeatureid": "6781",
        "sourceoriginator": "U.S. Forest Service",
        "trailnumber": "3101",
        "trailnumberalternate": null,
        "trailsurface": "Unpaved Native",
        "trailtype": "Terra Trail"
      },
      "type": "Feature"
    },
    {
      "geometry": {
        "coordinates": [
          [
            -118.61008434285186,
            37.212801332505954
          ],
          [
            -118.61008228138273,
            37.2127044637466
          ],
          [
            -118.6101240459705,
            37.21268136790813
          ],
          [
            -118.61015173451426,
            37.21265845852902
          ],
          [
            -118.61017237618194,
            37.21263564498366
          ],
          [
            -118.61016451888484,
            37.21259744498048
          ],
          [
            -118.6101638959649,
            37.212568162686004
          ],
          [
            -118.61018453763248,
            37.212545350182374
          ],
          [
            -118.6101900470006,
            37.21247316996659
          ],
          [
            -118.6101988501217,
            37.21242347829444
          ],
          [
            -118.61020214491097,
            37.21239639079162
          ],
          [
            -118.61019976157405,
            37.21236713349722
          ],
          [
            -118.61021259594486,
            37.212308370990584
          ],
          [
            -118.610221541775,
            37.212265438694125
          ],
          [
            -118.61022882614708,
            37.21222703243986
          ],
          [
            -118.61024460739571,
            37.21219076785191
          ],
          [
            -118.6102592313521,
            37.21215001055528
          ],
          [
            -118.61027933551865,
            37.212118191800755
          ],
          [
            -118.61029410426748,
            37.21208418762973
          ],
          [
            -118.6102454719675,
            37.21208259596627
          ],
          [
            -118.61021417092269,
            37.212101045970236
          ],
          [
            -118.61019176987973,
            37.21212388347406
          ],
          [
            -118.61015724800076,
            37.21214012514471
          ],
          [
            -118.61009632611746,
            37.21215672410883
          ],
          [
            -118.61007045319919,
            37.21218186057143
          ],
          [
            -118.61002745007221,
            37.21222976474574
          ],
          [
            -118.60998453339506,
            37.212198800162355
          ],
          [
            -118.60997099797176,
            37.21215842515937
          ],
          [
            -118.60996112504984,
            37.21212476057345
          ],
          [
            -118.60999284275462,
            37.21204321160493
          ],
          [
            -118.60999202816696,
            37.21200491576796
          ],
          [
            -118.61000524899814,
            37.21196417722135
          ],
          [
            -118.61003147608308,
            37.21193903555045
          ],
          [
            -118.61010782504842,
            37.21188617303998
          ],
          [
            -118.61014229276044,
            37.211867680327444
          ],
          [
            -118.61017978859725,
            37.21184238448907
          ],
          [
            -118.61021985943333,
            37.211805790732726
          ],
          [
            -118.61025559485316,
            37.21178051572777
          ],
          [
            -118.61028529798014,
            37.211753076139715
          ],
          [
            -118.61032384798376,
            37.211727766759566
          ],
          [
            -118.61035043027715,
            37.21170262092197
          ],
          [
            -118.61037871777887,
            37.21167519279228
          ],
          [
            -118.61040646673793,
            37.21163876674519
          ],
          [
            -118.61041480631846,
            37.21160034590753
          ],
          [
            -118.61043047506838,
            37.21157534902899
          ],
          [
            -118.61045787402732,
            37.21153892610684
          ],
          [
            -118.61053121049108,
            37.21147708963742
          ],
          [
            -118.61057036882777,
            37.2114472646318
          ],
          [
            -118.61061344695695,
            37.21141964275111
          ],
          [
            -118.61062304903692,
            37.21137444482936
          ],
          [
            -118.61063028549208,
            37.21133378753322
          ],
          [
            -118.61065756986886,
            37.21130863127889
          ],
          [
            -118.61067288549371,
            37.211283637525355
          ],
          [
            -118.61070839382732,
            37.21123133335116
          ],
          [
            -118.61072638236854,
            37.21119954168013
          ],
          [
            -118.61072897194934,
            37.211172464593965
          ],
          [
            -118.61073368028052,
            37.21114536250767
          ],
          [
            -118.61073054694326,
            37.21111385937983
          ],
          [
            -118.61073419173259,
            37.21108677187693
          ],
          [
            -118.6107848615146,
            37.21091933852377
          ],
          [
            -118.61083677297509,
            37.2108600499727
          ],
          [
            -118.61087151151834,
            37.21082127184153
          ],
          [
            -118.610943414652,
            37.210791002041915
          ],
          [
            -118.6109779281977,
            37.21077476141294
          ],
          [
            -118.6110109865345,
            37.210756287450494
          ],
          [
            -118.61106946049905,
            37.21072394681828
          ],
          [
            -118.6110865052889,
            37.2106809041046
          ],
          [
            -118.61114750529408,
            37.210635009304255
          ],
          [
            -118.61124348759374,
            37.21056160095707
          ],
          [
            -118.6112870334301,
            37.21052270199189
          ],
          [
            -118.61131870114,
            37.21048847386137
          ],
          [
            -118.61136489593609,
            37.210458551980246
          ],
          [
            -118.61140521052339,
            37.21043321864166
          ],
          [
            -118.61145884802933,
            37.210405454051916
          ],
          [
            -118.61151746574461,
            37.21037987175372
          ],
          [
            -118.61156400220914,
            37.21036571862408
          ],
          [
            -118.61159400533589,
            37.21033601757745
          ],
          [
            -118.61161570325376,
            37.21031319153206
          ],
          [
            -118.61164720950622,
            37.210287974860734
          ],
          [
            -118.61168927930215,
            37.21026261756368
          ],
          [
            -118.6117332563908,
            37.210243995683804
          ],
          [
            -118.61178008973008,
            37.210227587345635
          ],
          [
            -118.61182662619463,
            37.21021343421602
          ],
          [
            -118.61187586474418,
            37.21021051337902
          ],
          [
            -118.61192209704225,
            37.21019861962468
          ],
          [
            -118.61196274288132,
            37.210189057120914
          ],
          [
            -118.61202089393107,
            37.21017474357379
          ],
          [
            -118.61207219498073,
            37.21016954044473
          ],
          [
            -118.61214020019878,
            37.210155098771985
          ],
          [
            -118.61218163353479,
            37.21011623001533
          ],
          [
            -118.61219750540903,
            37.21008446751109
          ],
          [
            -118.61220628978181,
            37.210050549798844
          ],
          [
            -118.6122118126952,
            37.21001216750305
          ],
          [
            -118.61222773665298,
            37.20998265708241
          ],
          [
            -118.6122370824835,
            37.20994197061949
          ],
          [
            -118.61219843664058,
            37.209913206036006
          ],
          [
            -118.61218011267559,
            37.20987965186731
          ],
          [
            -118.61215878245913,
            37.209837131031335
          ],
          [
            -118.612125883491,
            37.20979701748802
          ],
          [
            -118.61211802515221,
            37.209758818526495
          ],
          [
            -118.612120070982,
            37.2097227414395
          ],
          [
            -118.61213258868798,
            37.20968201122635
          ],
          [
            -118.6121392793087,
            37.20963234351271
          ],
          [
            -118.61214781784693,
            37.20958716538269
          ],
          [
            -118.61216200013602,
            37.20954190496058
          ],
          [
            -118.61217672409292,
            37.20950565495605
          ],
          [
            -118.61219979596731,
            37.20946478307544
          ],
          [
            -118.61222815325922,
            37.20942383827784
          ],
          [
            -118.61226951576339,
            37.2093984913975
          ],
          [
            -118.61230017618168,
            37.20936652785058
          ],
          [
            -118.61232606888991,
            37.209325617428135
          ],
          [
            -118.61234028972093,
            37.20928260908963
          ],
          [
            -118.61236472930366,
            37.20923946637542
          ],
          [
            -118.61238041367687,
            37.209198694495306
          ],
          [
            -118.61239794492583,
            37.20916239969891
          ],
          [
            -118.61241729180038,
            37.20912833927757
          ],
          [
            -118.6124416824245,
            37.20908294031312
          ],
          [
            -118.61246638450507,
            37.209019516346864
          ],
          [
            -118.61246651783553,
            37.20899247155255
          ],
          [
            -118.61249824908558,
            37.20894472050404
          ],
          [
            -118.61253296888057,
            37.20892171633275
          ],
          [
            -118.61256648033756,
            37.208858171532526
          ],
          [
            -118.61260092721265,
            37.2088058756917
          ],
          [
            -118.612647942841,
            37.20876467880945
          ],
          [
            -118.61266834388238,
            37.20873060276302
          ],
          [
            -118.61268674596387,
            37.20868528609069
          ],
          [
            -118.61271871575691,
            37.20864879962659
          ],
          [
            -118.61274853242432,
            37.20861008920407
          ],
          [
            -118.61279847305195,
            37.20855758190384
          ],
          [
            -118.61281681159319,
            37.20852579127445
          ],
          [
            -118.61284967826234,
            37.20849830168611
          ],
          [
            -118.6128872345144,
            37.20845948397146
          ],
          [
            -118.6129194105568,
            37.20841623604832
          ],
          [
            -118.61294499909847,
            37.20837758083441
          ],
          [
            -118.61294246680248,
            37.20834156624777
          ],
          [
            -118.61294427825598,
            37.20829422145134
          ],
          [
            -118.61294592512714,
            37.208255892280825
          ],
          [
            -118.61293670741338,
            37.20821996727793
          ],
          [
            -118.61294765012013,
            37.20818827248246
          ],
          [
            -118.6129545813671,
            37.208149871436525
          ],
          [
            -118.61296915948986,
            37.208106856848
          ],
          [
            -118.61298493448858,
            37.20807059226003
          ],
          [
            -118.61301927615648,
            37.20802956621201
          ],
          [
            -118.61304033240609,
            37.20799322454029
          ],
          [
            -118.61308380636888,
            37.20796784849316
          ],
          [
            -118.61311984387193,
            37.20794032140467
          ],
          [
            -118.61314823137411,
            37.207917400567126
          ],
          [
            -118.61319060012815,
            37.20788978806146
          ],
          [
            -118.61320914700205,
            37.20785122763979
          ],
          [
            -118.61323687825447,
            37.20783057034416
          ],
          [
            -118.61326937617527,
            37.207818864090754
          ],
          [
            -118.61330459805437,
            37.207802612003405
          ],
          [
            -118.61334000639283,
            37.20779536929192
          ],
          [
            -118.61343078244914,
            37.2077918849103
          ],
          [
            -118.61347121787226,
            37.2077890817822
          ],
          [
            -118.61352573871433,
            37.20778608386149
          ],
          [
            -118.61357679809602,
            37.20776961823135
          ],
          [
            -118.61361261268479,
            37.20776462656169
          ],
          [
            -118.61367257102673,
            37.207752542181346
          ],
          [
            -118.61379049812955,
            37.207750939048054
          ],
          [
            -118.61383051792899,
            37.20776166404632
          ],
          [
            -118.61391992002875,
            37.20777622237489
          ],
          [
            -118.61397280753431,
            37.207746208826634
          ],
          [
            -118.61407940546461,
            37.20770870881563
          ],
          [
            -118.6141194565107,
            37.207687881727445
          ],
          [
            -118.61415035443025,
            37.207667183806635
          ],
          [
            -118.61419151381007,
            37.20764859526035
          ],
          [
            -118.61423015860592,
            37.20762779213062
          ],
          [
            -118.61428110653047,
            37.207622591084885
          ],
          [
            -118.6143376836227,
            37.207617317122136
          ],
          [
            -118.61437421695977,
            37.207596540034224
          ],
          [
            -118.61441735550956,
            37.2076049650321
          ],
          [
            -118.61446060968315,
            37.207602124403806
          ],
          [
            -118.61450083885687,
            37.207606085859744
          ],
          [
            -118.61454893574272,
            37.20763246919233
          ],
          [
            -118.61458342220845,
            37.20764777439977
          ],
          [
            -118.61464003263593,
            37.207660524397106
          ],
          [
            -118.61468941493622,
            37.207664357727396
          ],
          [
            -118.61474312015439,
            37.20767263793281
          ],
          [
            -118.61478520349561,
            37.207681079597364
          ],
          [
            -118.61481518995741,
            37.207667154593935
          ],
          [
            -118.61488353267725,
            37.20766847750601
          ],
          [
            -118.61494272435387,
            37.20766992437703
          ],
          [
            -118.6149652837292,
            37.20763807020572
          ],
          [
            -118.61500045039969,
            37.20761956603482
          ],
          [
            -118.6150267743602,
            37.20759893061429
          ],
          [
            -118.61505602436159,
            37.20756698581751
          ],
          [
            -118.61509442748951,
            37.207534918103384
          ],
          [
            -118.6151252274919,
            37.20750971184879
          ],
          [
            -118.61517774312406,
            37.207495477468754
          ],
          [
            -118.61524130563554,
            37.20750362538183
          ],
          [
            -118.61529284626974,
            37.207509684753845
          ],
          [
            -118.6153487191951,
            37.2075044149578
          ],
          [
            -118.61539215044934,
            37.2074767857854
          ],
          [
            -118.6154386348303,
            37.20746038057223
          ],
          [
            -118.61547556191775,
            37.20744185348456
          ],
          [
            -118.61550767962825,
            37.20741212222948
          ],
          [
            -118.61555331192498,
            37.20738896701567
          ],
          [
            -118.61559277026136,
            37.20735688159316
          ],
          [
            -118.61563102859691,
            37.2073180597117
          ],
          [
            -118.6156651608905,
            37.207283791997696
          ],
          [
            -118.61569586610074,
            37.20725408365934
          ],
          [
            -118.61573391714528,
            37.20722202011188
          ],
          [
            -118.61577745256496,
            37.207183120105064
          ],
          [
            -118.61581671923368,
            37.20714202739
          ],
          [
            -118.61585114840214,
            37.20710550342573
          ],
          [
            -118.6158563661074,
            37.207069381546845
          ],
          [
            -118.61583768901733,
            37.2070358367532
          ],
          [
            -118.61586332443434,
            37.20699943362285
          ],
          [
            -118.61587744838987,
            37.2069519221589
          ],
          [
            -118.61591509839242,
            37.206917610694646
          ],
          [
            -118.61597043277507,
            37.2069033367311
          ],
          [
            -118.61598503798312,
            37.20687835131096
          ],
          [
            -118.61598851089478,
            37.20682648151397
          ],
          [
            -118.61604131089807,
            37.20677619088041
          ],
          [
            -118.61607972756595,
            37.20672834816478
          ],
          [
            -118.61611947548722,
            37.20670977628519
          ],
          [
            -118.61615650153354,
            37.206695756489594
          ],
          [
            -118.61620222966413,
            37.20667710752629
          ],
          [
            -118.6162591796713,
            37.20665605022862
          ],
          [
            -118.61629932550952,
            37.20663973147426
          ]
        ],
        "type": "LineString"
      },
      "properties": {
        "bicycle": null,
        "crosscountryski": null,
        "dogsled": null,
        "ebike": null,
        "electricwatercraft": null,
        "feature_id": "{6A9DF0BF-0EAF-428F-9A2E-83EC0DE68B37}",
        "globalid": "{EE659C21-C6DB-4058-BD08-670BFE50C419}",
        "hikerpedestrian": null,
        "icewatercraft": null,
        "lengthmiles": 0.6686805200000001,
        "livestock": null,
        "loaddate": 1777310283000,
        "maplabel": "SABRINA BASIN",
        "motorcycle": null,
        "name": "SABRINA BASIN",
        "namealternate": null,
        "nationaltraildesignation": null,
        "networklength": 17.23184512,
        "nonmotorizedwatercraft": null,
        "objectid": 2475449,
        "ohvisorunder50inches": null,
        "ohvover50inches": null,
        "osvm": null,
        "packsaddle": null,
        "permanentidentifier": "{6A9DF0BF-0EAF-428F-9A2E-83EC0DE68B37}",
        "pets": null,
        "primarytrailmaintainer": "FS",
        "publisheddate": null,
        "routetype": "Trail",
        "seasonopen": null,
        "shape_Length": 0.010803968818698287,
        "snowshoe": null,
        "sourcedatadecscription": "USFS Trails Update 03/2026",
        "sourcedatasetid": "{8CC4DB36-D0BE-4189-88C7-64C3569EB754}",
        "sourceeditdate": 1774742400000,
        "sourcefeatureid": "5481",
        "sourceoriginator": "U.S. Forest Service",
        "trailnumber": "3101",
        "trailnumberalternate": null,
        "trailsurface": "Unpaved Native",
        "trailtype": "Terra Trail"
      },
      "type": "Feature"
    },
    {
      "geometry": {
        "coordinates": [
          [
            -118.62748197439943,
            37.22732132855004
          ],
          [
            -118.62749502023577,
            37.227329665008305
          ],
          [
            -118.62754176503299,
            37.22730874208635
          ],
          [
            -118.62758846712153,
            37.22728556812251
          ],
          [
            -118.62766720984044,
            37.22726195353146
          ],
          [
            -118.62769539421832,
            37.227245794152914
          ],
          [
            -118.62771330567226,
            37.227177953520034
          ],
          [
            -118.62769311399816,
            37.22713992226775
          ],
          [
            -118.62768224940616,
            37.22707697955401
          ],
          [
            -118.62766211814728,
            37.22702543059206
          ],
          [
            -118.62764124730289,
            37.22695586496173
          ],
          [
            -118.62765979001011,
            37.22691730349837
          ],
          [
            -118.62769715355283,
            37.22686947224107
          ],
          [
            -118.62776343376719,
            37.22682349931539
          ],
          [
            -118.62781050147912,
            37.22678454826662
          ],
          [
            -118.62787693273593,
            37.22674532950822
          ],
          [
            -118.62796253691158,
            37.22669683574756
          ],
          [
            -118.62804865671664,
            37.22668889824076
          ],
          [
            -118.62819267861538,
            37.2266869232306
          ],
          [
            -118.62827929633794,
            37.22668573468283
          ],
          [
            -118.62836522760041,
            37.2266687815502
          ],
          [
            -118.62845116823611,
            37.226636056541075
          ],
          [
            -118.62850793178397,
            37.22660598257589
          ],
          [
            -118.62855486407679,
            37.226544500274976
          ],
          [
            -118.62863162763108,
            37.22654344610287
          ]
        ],
        "type": "LineString"
      },
      "properties": {
        "bicycle": null,
        "crosscountryski": null,
        "dogsled": null,
        "ebike": null,
        "electricwatercraft": null,
        "feature_id": "{C72B1C66-6B1C-40E3-A59D-E2AA1735184D}",
        "globalid": "{FB3B4287-0189-4F62-9440-CA0AE4222A0D}",
        "hikerpedestrian": null,
        "icewatercraft": null,
        "lengthmiles": 0.10036282,
        "livestock": null,
        "loaddate": 1777310283000,
        "maplabel": null,
        "motorcycle": null,
        "name": "PIUTE PASS",
        "namealternate": null,
        "nationaltraildesignation": null,
        "networklength": 4481.21651792,
        "nonmotorizedwatercraft": null,
        "objectid": 2475507,
        "ohvisorunder50inches": null,
        "ohvover50inches": null,
        "osvm": null,
        "packsaddle": null,
        "permanentidentifier": "{C72B1C66-6B1C-40E3-A59D-E2AA1735184D}",
        "pets": null,
        "primarytrailmaintainer": "FS",
        "publisheddate": null,
        "routetype": "Trail",
        "seasonopen": null,
        "shape_Length": 0.0016744157027694926,
        "snowshoe": null,
        "sourcedatadecscription": "USFS Trails Update 03/2026",
        "sourcedatasetid": "{8CC4DB36-D0BE-4189-88C7-64C3569EB754}",
        "sourceeditdate": 1774742400000,
        "sourcefeatureid": "6436",
        "sourceoriginator": "U.S. Forest Service",
        "trailnumber": "3001",
        "trailnumberalternate": null,
        "trailsurface": "Unpaved Native",
        "trailtype": "Terra Trail"
      },
      "type": "Feature"
    },
    {
      "geometry": {
        "coordinates": [
          [
            -118.61629932550952,
            37.20663973147426
          ],
          [
            -118.61632636717677,
            37.20660331167716
          ],
          [
            -118.61634897446896,
            37.20657370958934
          ],
          [
            -118.6163748484289,
            37.2065485720851
          ],
          [
            -118.6164134911414,
            37.20652776478876
          ],
          [
            -118.61645344531195,
            37.20650243457517
          ],
          [
            -118.61649170156414,
            37.20646360644373
          ],
          [
            -118.616557846354,
            37.20634553663595
          ],
          [
            -118.61656934739341,
            37.20630707308974
          ],
          [
            -118.61657123280747,
            37.20628000954531
          ],
          [
            -118.61657629113871,
            37.20625289912565
          ],
          [
            -118.61656170467182,
            37.206196764746174
          ],
          [
            -118.6165737577957,
            37.20616731057579
          ],
          [
            -118.61656860050024,
            37.20614033869854
          ],
          [
            -118.61655547757555,
            37.20608643765255
          ],
          [
            -118.61652815881641,
            37.20604399910859
          ],
          [
            -118.61652004839479,
            37.20601031056423
          ],
          [
            -118.61650937547218,
            37.20597215014455
          ],
          [
            -118.61650308067435,
            37.20592491472375
          ],
          [
            -118.61652328692304,
            37.205881828259805
          ],
          [
            -118.61652840879451,
            37.20584120013046
          ],
          [
            -118.61652380983176,
            37.205807464710844
          ],
          [
            -118.61652107336981,
            37.205778207416465
          ],
          [
            -118.61653091190942,
            37.2057442751208
          ],
          [
            -118.61653625565354,
            37.20568110948931
          ],
          [
            -118.61654177544192,
            37.205642727193506
          ],
          [
            -118.61655177335561,
            37.20559978031361
          ],
          [
            -118.61656137126896,
            37.205554581350206
          ],
          [
            -118.61655702855583,
            37.205516334471795
          ],
          [
            -118.61657753897097,
            37.20547099175759
          ],
          [
            -118.6166055879298,
            37.205432303210195
          ],
          [
            -118.61661949417936,
            37.205407328206846
          ],
          [
            -118.6165972025049,
            37.205369324037974
          ],
          [
            -118.61654724937367,
            37.20538803029328
          ],
          [
            -118.61652628479122,
            37.20542887404868
          ],
          [
            -118.61652011500291,
            37.205469516761454
          ],
          [
            -118.61650659313034,
            37.205512515724884
          ],
          [
            -118.61646740562509,
            37.20552431468709
          ],
          [
            -118.61643791395038,
            37.205495421978014
          ],
          [
            -118.61641186498241,
            37.2054462053083
          ],
          [
            -118.61641095143597,
            37.205403407387514
          ],
          [
            -118.61642823164374,
            37.205371624049896
          ],
          [
            -118.61644565664395,
            37.20534660217122
          ],
          [
            -118.61645950976825,
            37.205319370917636
          ],
          [
            -118.61646899622451,
            37.205285442788686
          ],
          [
            -118.61647421288816,
            37.20524932195146
          ],
          [
            -118.61646655975701,
            37.205204358405936
          ],
          [
            -118.61648284829651,
            37.205159074025374
          ],
          [
            -118.61649767537716,
            37.20511155110305
          ],
          [
            -118.6165033545396,
            37.20506415526471
          ],
          [
            -118.61650571807581,
            37.20501004275926
          ],
          [
            -118.61648952535946,
            37.20496069171392
          ],
          [
            -118.61647579618516,
            37.204911308376644
          ],
          [
            -118.61644655867669,
            37.20487790212543
          ],
          [
            -118.61641516387591,
            37.2048422792075
          ],
          [
            -118.6164082482469,
            37.20481533128865
          ],
          [
            -118.61639346386411,
            37.20476596149317
          ],
          [
            -118.61639063885825,
            37.204716428155216
          ],
          [
            -118.61641054823217,
            37.20467559794152
          ],
          [
            -118.61643788573251,
            37.20463691876919
          ],
          [
            -118.6164602576068,
            37.204596055222005
          ],
          [
            -118.61646809718656,
            37.204550884383686
          ],
          [
            -118.61647557843293,
            37.20450571562878
          ],
          [
            -118.61649402530632,
            37.204462653123315
          ],
          [
            -118.61651312842956,
            37.20441732499256
          ],
          [
            -118.61652540238437,
            37.20436533436163
          ],
          [
            -118.61654450446595,
            37.20432000623088
          ],
          [
            -118.61655334925395,
            37.20427256664233
          ],
          [
            -118.61654991904017,
            37.20422754580483
          ],
          [
            -118.61655564716123,
            37.20418240413338
          ],
          [
            -118.61655953361317,
            37.20411700725171
          ],
          [
            -118.61656762110911,
            37.204067320787935
          ],
          [
            -118.61655816797746,
            37.204020130159016
          ],
          [
            -118.61661115756515,
            37.20397884890131
          ],
          [
            -118.61670957319487,
            37.20387160513404
          ],
          [
            -118.61673894610999,
            37.20381261970959
          ],
          [
            -118.6167616836077,
            37.20375597907745
          ],
          [
            -118.61678018777128,
            37.203699393654034
          ],
          [
            -118.61678647422504,
            37.203647481148515
          ],
          [
            -118.61679314713919,
            37.20361359051976
          ],
          [
            -118.61678654921651,
            37.203568616557476
          ],
          [
            -118.61677819921029,
            37.20352366551199
          ],
          [
            -118.61676722003791,
            37.20348775821759
          ],
          [
            -118.61674020648691,
            37.20344306342342
          ],
          [
            -118.61671684502228,
            37.20342084779786
          ],
          [
            -118.61666714501021,
            37.203385469672845
          ],
          [
            -118.6166339293773,
            37.203363392589694
          ],
          [
            -118.61661889707655,
            37.2033027571681
          ],
          [
            -118.61664373040963,
            37.20326185924576
          ],
          [
            -118.61667085228737,
            37.203245716533964
          ],
          [
            -118.61670396999772,
            37.203213718611885
          ],
          [
            -118.61674136270906,
            37.2031839154814
          ],
          [
            -118.61676436687661,
            37.20315656443545
          ],
          [
            -118.61677241270569,
            37.20310463109652
          ],
          [
            -118.61678396270365,
            37.20306841859214
          ],
          [
            -118.61680400749499,
            37.20303434671243
          ],
          [
            -118.61682612311975,
            37.20299799149904
          ],
          [
            -118.61683560853429,
            37.202964064411745
          ],
          [
            -118.6168118918613,
            37.202941852952875
          ],
          [
            -118.61677305852278,
            37.20295365191507
          ],
          [
            -118.61675679185659,
            37.20298316337736
          ],
          [
            -118.61672951164644,
            37.20300831963173
          ],
          [
            -118.61670539809815,
            37.202983863381036
          ],
          [
            -118.6166928147578,
            37.20293897066917
          ],
          [
            -118.61667106995937,
            37.202909972751186
          ],
          [
            -118.61665204182765,
            37.2028764331659
          ],
          [
            -118.61662717827893,
            37.20284973420665
          ],
          [
            -118.61660719077248,
            37.20282071233022
          ],
          [
            -118.6165800511827,
            37.20280305608035
          ],
          [
            -118.61653875325509,
            37.202765312329525
          ],
          [
            -118.61651871887337,
            37.20273403836956
          ],
          [
            -118.61650386990871,
            37.202698185242085
          ],
          [
            -118.61648796573556,
            37.20266235190635
          ],
          [
            -118.61645558863981,
            37.20259744773561
          ],
          [
            -118.61645118550604,
            37.202523145645294
          ],
          [
            -118.61646843446186,
            37.20247333938928
          ],
          [
            -118.61648691362889,
            37.20244830188552
          ],
          [
            -118.61650209487092,
            37.20235120395833
          ],
          [
            -118.61650177195075,
            37.20231966228863
          ],
          [
            -118.61649507923597,
            37.202270182075935
          ],
          [
            -118.6164845479808,
            37.202238778948555
          ],
          [
            -118.61646201880507,
            37.202189513320334
          ],
          [
            -118.61644630213291,
            37.20216268519382
          ],
          [
            -118.61643119796032,
            37.20213134873345
          ],
          [
            -118.61641951774615,
            37.20209545289742
          ],
          [
            -118.61640546982379,
            37.20206409768703
          ],
          [
            -118.61638991148396,
            37.202028259142914
          ],
          [
            -118.61637304376943,
            37.201996943516036
          ],
          [
            -118.61636049897281,
            37.201970070597596
          ],
          [
            -118.61634194063156,
            37.20192526017782
          ],
          [
            -118.61632814270872,
            37.20188939350866
          ],
          [
            -118.61630922707569,
            37.20184458829723
          ],
          [
            -118.6162982968619,
            37.20181093412806
          ],
          [
            -118.61628506352177,
            37.20176830287482
          ],
          [
            -118.61627856976634,
            37.201727832037946
          ],
          [
            -118.61626533017616,
            37.20168520078471
          ],
          [
            -118.61624907600289,
            37.2016493684907
          ],
          [
            -118.61623699370516,
            37.201611224737775
          ],
          [
            -118.61621663848658,
            37.20154840910809
          ],
          [
            -118.61621743639854,
            37.20150333618694
          ],
          [
            -118.6162261697294,
            37.20146716222445
          ],
          [
            -118.61623410618469,
            37.20142649451161
          ],
          [
            -118.61623298430558,
            37.20139045909151
          ],
          [
            -118.61622873846787,
            37.20135671429686
          ],
          [
            -118.61622163637946,
            37.20132076116882
          ],
          [
            -118.61621040304085,
            37.201289366374866
          ],
          [
            -118.61620049470031,
            37.20123767782885
          ],
          [
            -118.61621618948848,
            37.20118113198893
          ],
          [
            -118.61621383114816,
            37.201120322608126
          ],
          [
            -118.6161949207235,
            37.20107551323009
          ],
          [
            -118.61620129780277,
            37.201028106975045
          ],
          [
            -118.61621084779921,
            37.20098066113639
          ],
          [
            -118.61620470508551,
            37.20094018196622
          ],
          [
            -118.61620343945566,
            37.200897388212134
          ],
          [
            -118.61620845820164,
            37.20085225174899
          ],
          [
            -118.61621956549075,
            37.20081154132763
          ],
          [
            -118.61622714777923,
            37.200770879864805
          ],
          [
            -118.61624951236186,
            37.20073001631761
          ],
          [
            -118.61626840715252,
            37.20069145589586
          ],
          [
            -118.61629187277723,
            37.2006528298488
          ],
          [
            -118.61631830715315,
            37.20062092359387
          ],
          [
            -118.61634242902778,
            37.200580037129846
          ],
          [
            -118.61635061860757,
            37.200534856916555
          ],
          [
            -118.61635674777061,
            37.20049196212023
          ],
          [
            -118.61636784776806,
            37.20045125169886
          ],
          [
            -118.61637789464037,
            37.200410556902526
          ],
          [
            -118.61638578005369,
            37.20036763293945
          ],
          [
            -118.61638838942446,
            37.20032478710175
          ],
          [
            -118.61639078733764,
            37.2002886985564
          ],
          [
            -118.61638649774969,
            37.20025270792817
          ],
          [
            -118.61639694253896,
            37.20021425792373
          ],
          [
            -118.6163988435763,
            37.20017142250275
          ],
          [
            -118.6163923914877,
            37.20013320062445
          ],
          [
            -118.61640157377755,
            37.200101529787354
          ],
          [
            -118.61639608731365,
            37.200058793325276
          ]
        ],
        "type": "LineString"
      },
      "properties": {
        "bicycle": null,
        "crosscountryski": null,
        "dogsled": null,
        "ebike": null,
        "electricwatercraft": null,
        "feature_id": "{CABB3CC7-9F45-4FA1-9055-1834D48C5145}",
        "globalid": "{8EAF7E4E-4DC6-4F6B-A15C-F8B15F0A8E53}",
        "hikerpedestrian": null,
        "icewatercraft": null,
        "lengthmiles": 0.52312359,
        "livestock": null,
        "loaddate": 1777310283000,
        "maplabel": "SABRINA BASIN",
        "motorcycle": null,
        "name": "SABRINA BASIN",
        "namealternate": null,
        "nationaltraildesignation": null,
        "networklength": 17.23184512,
        "nonmotorizedwatercraft": null,
        "objectid": 2475422,
        "ohvisorunder50inches": null,
        "ohvover50inches": null,
        "osvm": null,
        "packsaddle": null,
        "permanentidentifier": "{CABB3CC7-9F45-4FA1-9055-1834D48C5145}",
        "pets": null,
        "primarytrailmaintainer": "FS",
        "publisheddate": null,
        "routetype": "Trail",
        "seasonopen": null,
        "shape_Length": 0.007853391515889176,
        "snowshoe": null,
        "sourcedatadecscription": "USFS Trails Update 03/2026",
        "sourcedatasetid": "{8CC4DB36-D0BE-4189-88C7-64C3569EB754}",
        "sourceeditdate": 1774742400000,
        "sourcefeatureid": "4171",
        "sourceoriginator": "U.S. Forest Service",
        "trailnumber": "3101",
        "trailnumberalternate": null,
        "trailsurface": "Unpaved Native",
        "trailtype": "Terra Trail"
      },
      "type": "Feature"
    },
    {
      "geometry": {
        "coordinates": [
          [
            -118.61639608731365,
            37.200058793325276
          ],
          [
            -118.61642146335608,
            37.2000269016537
          ],
          [
            -118.61640486647273,
            37.19997529956646
          ],
          [
            -118.61640993938563,
            37.19993241935364
          ],
          [
            -118.61642249459187,
            37.199893942265696
          ],
          [
            -118.61641951750363,
            37.19985342351189
          ],
          [
            -118.6164223622924,
            37.199821837050315
          ],
          [
            -118.61643864979018,
            37.19977655266975
          ],
          [
            -118.61644321853557,
            37.19972691516461
          ],
          [
            -118.61645141019872,
            37.199681740159605
          ],
          [
            -118.61646763415632,
            37.19964997244705
          ],
          [
            -118.61649476853233,
            37.19961805681706
          ],
          [
            -118.61652167790547,
            37.19955910576777
          ],
          [
            -118.61657092269792,
            37.19949083284103
          ],
          [
            -118.61661462894827,
            37.199427146373495
          ],
          [
            -118.6166580831158,
            37.19936797032304
          ],
          [
            -118.6166972122874,
            37.19935391511059
          ],
          [
            -118.61674752062714,
            37.199335204688644
          ],
          [
            -118.61680810709034,
            37.199287059888064
          ],
          [
            -118.61685267897023,
            37.19926392029942
          ],
          [
            -118.6168798768865,
            37.199218484876425
          ],
          [
            -118.6169067227194,
            37.19917305153681
          ],
          [
            -118.61690031854778,
            37.19913708903373
          ],
          [
            -118.6168885414581,
            37.19909669111392
          ],
          [
            -118.61686486019836,
            37.19904293173532
          ],
          [
            -118.61681272997413,
            37.19897604214903
          ],
          [
            -118.61676651746066,
            37.19892259527203
          ],
          [
            -118.61674853515869,
            37.19885523901671
          ],
          [
            -118.61671921848139,
            37.198801556721826
          ],
          [
            -118.61670651222195,
            37.19873413379945
          ],
          [
            -118.61672701742347,
            37.19863921608045
          ],
          [
            -118.61671431116403,
            37.19857179107475
          ],
          [
            -118.61669625907186,
            37.198517956695774
          ],
          [
            -118.61667810906256,
            37.19845961919132
          ],
          [
            -118.61667089447,
            37.19838535668456
          ],
          [
            -118.61669799551076,
            37.198335415011144
          ],
          [
            -118.61674765593219,
            37.198303192087906
          ],
          [
            -118.61682086948593,
            37.1983021952077
          ],
          [
            -118.61690518304242,
            37.19831005874432
          ],
          [
            -118.61696179346988,
            37.19832280978333
          ],
          [
            -118.61704591640041,
            37.19832166290241
          ],
          [
            -118.61714700495727,
            37.19830676601896
          ],
          [
            -118.61726376226231,
            37.19825109933877
          ],
          [
            -118.61734654456079,
            37.19818687849345
          ],
          [
            -118.6173965570656,
            37.19815465036184
          ],
          [
            -118.6175080685384,
            37.198117076392094
          ],
          [
            -118.61753574770724,
            37.19809416597125
          ],
          [
            -118.61755779250007,
            37.19807133471751
          ],
          [
            -118.61755711749655,
            37.19803979929782
          ],
          [
            -118.61752857269828,
            37.19802215763144
          ],
          [
            -118.61748905394121,
            37.19801819200876
          ],
          [
            -118.61741056642828,
            37.19801926180597
          ],
          [
            -118.61733744350009,
            37.198024761811574
          ],
          [
            -118.61724759035981,
            37.198021481609125
          ],
          [
            -118.61712404450611,
            37.198023163909525
          ],
          [
            -118.61704004553638,
            37.19804684308431
          ],
          [
            -118.61699009448843,
            37.19806554933956
          ],
          [
            -118.61693989031596,
            37.19808876705365
          ],
          [
            -118.61688367155719,
            37.198094035808055
          ],
          [
            -118.6168386777983,
            37.19808113164327
          ],
          [
            -118.61682654862524,
            37.19804073789016
          ],
          [
            -118.61683150903934,
            37.1980091253867
          ],
          [
            -118.61683617570189,
            37.197963993090305
          ],
          [
            -118.61687457257977,
            37.197931924334554
          ],
          [
            -118.61694692467064,
            37.197890379533824
          ],
          [
            -118.6170587257283,
            37.197866322232066
          ],
          [
            -118.6171205799047,
            37.197860976393905
          ],
          [
            -118.61722723408887,
            37.19785952326139
          ],
          [
            -118.61729397680583,
            37.1978360795045
          ],
          [
            -118.61735457889232,
            37.19777216074405
          ],
          [
            -118.61735944243084,
            37.19773603990687
          ],
          [
            -118.61735828721649,
            37.19768198052668
          ],
          [
            -118.61736442574748,
            37.19757373468233
          ],
          [
            -118.61743348511997,
            37.1974443575816
          ],
          [
            -118.61746623512366,
            37.1974281377861
          ],
          [
            -118.61750587783608,
            37.197405063822764
          ],
          [
            -118.61753350908796,
            37.197379901318385
          ],
          [
            -118.61757230907337,
            37.19718558983841
          ],
          [
            -118.6178165528563,
            37.19711466481455
          ],
          [
            -118.6178645007777,
            37.19708471584997
          ],
          [
            -118.61790036744833,
            37.19706620438737
          ],
          [
            -118.61792729349173,
            37.19704105021641
          ],
          [
            -118.6179539799506,
            37.197004631460956
          ],
          [
            -118.61799330599824,
            37.19699958979113
          ],
          [
            -118.61804354350603,
            37.19699439812047
          ],
          [
            -118.61809187684608,
            37.19698247415763
          ],
          [
            -118.6181305622672,
            37.19696391790314
          ],
          [
            -118.61817420706605,
            37.19696332206671
          ],
          [
            -118.61821284352855,
            37.19694251789534
          ],
          [
            -118.6182450320745,
            37.19693306580887
          ],
          [
            -118.6182772539558,
            37.196941639765804
          ],
          [
            -118.61831021854749,
            37.19696822934945
          ],
          [
            -118.61834475917841,
            37.19697001372225
          ],
          [
            -118.61837863001419,
            37.196940258508654
          ],
          [
            -118.61839878835669,
            37.19699406372087
          ],
          [
            -118.61844134877842,
            37.19697545329942
          ],
          [
            -118.61847093107319,
            37.196959278295786
          ],
          [
            -118.61852908525165,
            37.196978764752004
          ],
          [
            -118.61856382380029,
            37.19698955641731
          ],
          [
            -118.61857419359804,
            37.19702997517057
          ],
          [
            -118.61859875298025,
            37.19705893454669
          ],
          [
            -118.61863362173968,
            37.197092257464156
          ],
          [
            -118.61867763633387,
            37.19712545954768
          ],
          [
            -118.61872219572086,
            37.197167662673735
          ],
          [
            -118.61873181551823,
            37.197205839760166
          ],
          [
            -118.61873479260642,
            37.197246358513894
          ],
          [
            -118.61871716864862,
            37.19727814393485
          ],
          [
            -118.61868310406186,
            37.19729888560594
          ],
          [
            -118.61863570093318,
            37.197337839779685
          ],
          [
            -118.61861798114155,
            37.19736511895023
          ],
          [
            -118.61859321343206,
            37.19739250020462
          ],
          [
            -118.61857971447444,
            37.19741972104153
          ],
          [
            -118.6185804363532,
            37.197453509586424
          ],
          [
            -118.61863150719688,
            37.197470842917966
          ],
          [
            -118.61866841449441,
            37.1974680835401
          ],
          [
            -118.61874636346455,
            37.19745800749207
          ],
          [
            -118.61878066763595,
            37.19744852728047
          ],
          [
            -118.61876389679692,
            37.19742171790401
          ],
          [
            -118.61873605408209,
            37.197404067904166
          ],
          [
            -118.61871928949301,
            37.19737725852771
          ],
          [
            -118.61872294678071,
            37.19733439914831
          ],
          [
            -118.61874107386434,
            37.19730936476961
          ],
          [
            -118.61878629678579,
            37.19728395851399
          ],
          [
            -118.61884613429562,
            37.197283141843094
          ],
          [
            -118.6189087780576,
            37.19729805954855
          ],
          [
            -118.6189437041072,
            37.19731786579806
          ],
          [
            -118.61899039370114,
            37.19734426788078
          ],
          [
            -118.61901278953574,
            37.197321433501976
          ],
          [
            -118.61900059786414,
            37.197294557458555
          ],
          [
            -118.61897227285509,
            37.197254383498255
          ],
          [
            -118.61896692910031,
            37.19721840641175
          ],
          [
            -118.61898913222561,
            37.19718655744879
          ],
          [
            -118.61900896868428,
            37.19715924390307
          ],
          [
            -118.61904551035303,
            37.19712269598028
          ],
          [
            -118.61906328431162,
            37.19709766681
          ],
          [
            -118.61906265826669,
            37.19706838034883
          ],
          [
            -118.61903673430112,
            37.197041695973006
          ],
          [
            -118.6190406322151,
            37.19701009805297
          ],
          [
            -118.61908669576407,
            37.197007212632876
          ],
          [
            -118.61913038847986,
            37.197008874088354
          ],
          [
            -118.61910899472313,
            37.196979870962004
          ],
          [
            -118.61910153950969,
            37.19694392200063
          ],
          [
            -118.61913785409753,
            37.196929905330116
          ],
          [
            -118.61917476556174,
            37.19692715011898
          ],
          [
            -118.6191832905599,
            37.19689773865717
          ],
          [
            -118.61922042911043,
            37.19692201886529
          ],
          [
            -118.61925102391051,
            37.19695314699119
          ],
          [
            -118.61929703329258,
            37.1969480105292
          ],
          [
            -118.61932939996093,
            37.19691377198194
          ],
          [
            -118.61936742496553,
            37.19689748031104
          ],
          [
            -118.61940168121995,
            37.19688574697422
          ],
          [
            -118.61944031768245,
            37.19686493863616
          ],
          [
            -118.61942359371865,
            37.19684038134326
          ],
          [
            -118.61939122808661,
            37.19682504905233
          ],
          [
            -118.619395029125,
            37.19678894592354
          ],
          [
            -118.61944252912917,
            37.19675450008359
          ],
          [
            -118.6194905593445,
            37.19674482716261
          ],
          [
            -118.61954322393403,
            37.19672158028172
          ],
          [
            -118.61956552914309,
            37.196694234444166
          ],
          [
            -118.61959009789331,
            37.196657847980596
          ],
          [
            -118.61962440206464,
            37.19664836672729
          ],
          [
            -118.61965879790313,
            37.19664338859941
          ],
          [
            -118.61970697291079,
            37.196640480262474
          ],
          [
            -118.61973636145464,
            37.196615292758
          ],
          [
            -118.61974528645318,
            37.19658812921305
          ],
          [
            -118.6197347697797,
            37.19654095316748
          ],
          [
            -118.61971343852153,
            37.19649843337315
          ],
          [
            -118.61970326039145,
            37.19646702503743
          ],
          [
            -118.61970909059463,
            37.196410612531565
          ],
          [
            -118.6197609770569,
            37.19636709377368
          ],
          [
            -118.6198232749838,
            37.1963662437693
          ],
          [
            -118.61987906874569,
            37.19639026772613
          ],
          [
            -118.6199003656269,
            37.196414762518735
          ],
          [
            -118.61991678125749,
            37.196441577103556
          ],
          [
            -118.61993182605651,
            37.196486439606886
          ],
          [
            -118.61994381252043,
            37.19652007502602
          ],
          [
            -118.6200036500303,
            37.19651925939678
          ],
          [
            -118.62003328024208,
            37.19650533335167
          ],
          [
            -118.62006021357546,
            37.19646440626249
          ],
          [
            -118.62008050420135,
            37.19644160000888
          ],
          [
            -118.62009085003179,
            37.19639864375396
          ],
          [
            -118.62009484482118,
            37.19637155104274
          ],
          [
            -118.62009879690197,
            37.196342203122896
          ],
          [
            -118.62010766773363,
            37.19631279166108
          ],
          [
            -118.62015294586367,
            37.19628963853073
          ],
          [
            -118.62019692712259,
            37.19630481248747
          ],
          [
            -118.62021153962766,
            37.19632939894722
          ],
          [
            -118.62022352609162,
            37.1963630343663
          ],
          [
            -118.62024733443185,
            37.196389746867254
          ],
          [
            -118.62029541152232,
            37.196382335404905
          ],
          [
            -118.62034537194354,
            37.19634784893975
          ],
          [
            -118.62039037507041,
            37.19629541143147
          ],
          [
            -118.62042876986497,
            37.196263340592395
          ],
          [
            -118.62045063444677,
            37.19621572287789
          ],
          [
            -118.62045246986055,
            37.196186404124894
          ],
          [
            -118.62041989693753,
            37.19617783641797
          ],
          [
            -118.62038815735046,
            37.196191789546546
          ],
          [
            -118.62034006359498,
            37.19621498017715
          ],
          [
            -118.6202805177533,
            37.1962293093493
          ],
          [
            -118.62023466149526,
            37.19622543226878
          ],
          [
            -118.62019475836128,
            37.196203441644364
          ],
          [
            -118.62018267398015,
            37.196165301016535
          ],
          [
            -118.6201746750156,
            37.196120345804324
          ],
          [
            -118.6201829593876,
            37.19607967392477
          ],
          [
            -118.62019967084602,
            37.19605465621289
          ],
          [
            -118.62037782502982,
            37.19593955931432
          ],
          [
            -118.62041671565856,
            37.19591424264244
          ],
          [
            -118.62042730419854,
            37.19588255201363
          ],
          [
            -118.62045443649124,
            37.195850634300314
          ],
          [
            -118.62049788649746,
            37.19584103012973
          ],
          [
            -118.62052809483723,
            37.19585413846223
          ],
          [
            -118.62057459068015,
            37.195871529085714
          ],
          [
            -118.62066183548593,
            37.19586808637103
          ],
          [
            -118.6206985959077,
            37.19585857074257
          ],
          [
            -118.6207418604962,
            37.195839955112746
          ],
          [
            -118.6207893594587,
            37.19580550302274
          ],
          [
            -118.6208481813383,
            37.19575738009729
          ],
          [
            -118.62087723238037,
            37.19571642384132
          ],
          [
            -118.6209251594701,
            37.19570225404494
          ],
          [
            -118.6209988844813,
            37.195692235288845
          ],
          [
            -118.62103982302848,
            37.19568040611823
          ],
          [
            -118.6210672938646,
            37.19566425819804
          ],
          [
            -118.62108506573983,
            37.19563923006936
          ],
          [
            -118.62110467511226,
            37.19558488110441
          ],
          [
            -118.62110852406755,
            37.19555103005917
          ],
          [
            -118.62111035948136,
            37.195521711306164
          ],
          [
            -118.62112326989606,
            37.195483233176496
          ],
          [
            -118.62117110011027,
            37.195464548796394
          ],
          [
            -118.62122399699446,
            37.19546833525141
          ],
          [
            -118.62125238346039,
            37.19549498525205
          ],
          [
            -118.6212850876359,
            37.195526085252865
          ],
          [
            -118.62133351576811,
            37.19551866233212
          ],
          [
            -118.62136766993869,
            37.19550242795315
          ],
          [
            -118.62140880223693,
            37.19549961024171
          ],
          [
            -118.62144171370333,
            37.19552394565847
          ],
          [
            -118.62147890121234,
            37.19555048107516
          ],
          [
            -118.62151610121971,
            37.1955612383653
          ],
          [
            -118.62157116372781,
            37.19555147169386
          ],
          [
            -118.62159361268766,
            37.195530884190276
          ],
          [
            -118.6216321949832,
            37.19550782793536
          ],
          [
            -118.62168505749048,
            37.19549358418034
          ],
          [
            -118.62171645749248,
            37.195463861258595
          ],
          [
            -118.62173448770062,
            37.195434324796146
          ],
          [
            -118.62177332937073,
            37.195406751874096
          ],
          [
            -118.62181918042045,
            37.19541063416297
          ],
          [
            -118.62186712625854,
            37.19538068519838
          ],
          [
            -118.62189168355206,
            37.195360071652985
          ],
          [
            -118.62190940855201,
            37.195332787274104
          ],
          [
            -118.62194549292857,
            37.19529173414259
          ],
          [
            -118.62198619189117,
            37.195268644554176
          ],
          [
            -118.62202999918907,
            37.19525903309187
          ],
          [
            -118.62199457105535,
            37.19523247996675
          ],
          [
            -118.62196431479863,
            37.19521711955071
          ],
          [
            -118.62193884395866,
            37.195194934133625
          ],
          [
            -118.62197506062935,
            37.195176414337645
          ],
          [
            -118.62201379188402,
            37.19516011225001
          ],
          [
            -118.6220599043916,
            37.19515948203843
          ],
          [
            -118.62209448981446,
            37.19516351328644
          ],
          [
            -118.62212879294415,
            37.19515403203312
          ],
          [
            -118.62218213253725,
            37.19516231536358
          ],
          [
            -118.62223912108634,
            37.195143512232804
          ],
          [
            -118.62227845963231,
            37.19512269660303
          ],
          [
            -118.62221054191106,
            37.19510785181464
          ],
          [
            -118.6221578919031,
            37.19511533098566
          ],
          [
            -118.62211187731275,
            37.19512046536436
          ],
          [
            -118.62208847001446,
            37.195095997655265
          ],
          [
            -118.62210870439013,
            37.19507093723473
          ],
          [
            -118.6221518648115,
            37.19504781327119
          ],
          [
            -118.62218149293992,
            37.195033887226074
          ],
          [
            -118.62222292940457,
            37.19502881743106
          ],
          [
            -118.62228285962325,
            37.195032500760604
          ],
          [
            -118.62234274505008,
            37.19503394033994
          ],
          [
            -118.6223790617212,
            37.195019921586045
          ],
          [
            -118.62240171068039,
            37.1949925747068
          ],
          [
            -118.62237953150469,
            37.19494330178691
          ],
          [
            -118.62238584816873,
            37.194909416366514
          ],
          [
            -118.62242176588131,
            37.194893152820725
          ],
          [
            -118.62252711381407,
            37.19488044864554
          ],
          [
            -118.6225633690284,
            37.194879952809664
          ],
          [
            -118.62261022528637,
            37.19488156426494
          ],
          [
            -118.62265217633342,
            37.19486747051062
          ],
          [
            -118.6226842805022,
            37.194837741338844
          ],
          [
            -118.62271627425557,
            37.194819277793144
          ],
          [
            -118.62275546905077,
            37.19479169966273
          ],
          [
            -118.62277063363322,
            37.194759945491896
          ],
          [
            -118.62279569613416,
            37.19473031423733
          ],
          [
            -118.62282135863637,
            37.194711934025435
          ],
          [
            -118.62285340134832,
            37.19469572152161
          ],
          [
            -118.62284317321796,
            37.19466206318572
          ],
          [
            -118.6228471711324,
            37.194634971516095
          ],
          [
            -118.62287420029962,
            37.1945985465107
          ],
          [
            -118.62290320134137,
            37.19455533921277
          ],
          [
            -118.62287486800074,
            37.19453094025405
          ],
          [
            -118.62283407424601,
            37.19454952255033
          ],
          [
            -118.62280675028558,
            37.194572430887824
          ],
          [
            -118.62277741174195,
            37.19459987047586
          ],
          [
            -118.62275245444818,
            37.194618240271055
          ],
          [
            -118.62270713465124,
            37.1946391371512
          ],
          [
            -118.62267508777263,
            37.19465534861337
          ],
          [
            -118.62265264506286,
            37.19467593715861
          ],
          [
            -118.62263250756271,
            37.19470550174618
          ],
          [
            -118.62258019609817,
            37.19472874966877
          ],
          [
            -118.62253861588272,
            37.19472706737981
          ],
          [
            -118.62247154607905,
            37.19471897050861
          ],
          [
            -118.62241436586228,
            37.19472876530518
          ],
          [
            -118.62238246898444,
            37.19475173614297
          ],
          [
            -118.62232562626947,
            37.19477729760773
          ],
          [
            -118.6222912325143,
            37.19478227156898
          ],
          [
            -118.62225427313322,
            37.19478277677987
          ],
          [
            -118.62220358874981,
            37.194783469491774
          ],
          [
            -118.62212338769524,
            37.194786818455995
          ],
          [
            -118.62208638248053,
            37.19478507054172
          ],
          [
            -118.62203802101348,
            37.19477897054446
          ],
          [
            -118.62199205433997,
            37.19478636013172
          ],
          [
            -118.62195514391752,
            37.1947891174262
          ],
          [
            -118.62189088036598,
            37.19479675493141
          ],
          [
            -118.62185865848473,
            37.19478818305779
          ],
          [
            -118.6218443011875,
            37.194759089305926
          ],
          [
            -118.62186439077072,
            37.19472726846812
          ],
          [
            -118.62191891473607,
            37.19470849346253
          ],
          [
            -118.62195557932401,
            37.19469447575027
          ],
          [
            -118.62199702099701,
            37.194689401788565
          ],
          [
            -118.62204389079496,
            37.19467524032562
          ],
          [
            -118.62207699392371,
            37.194659014280106
          ],
          [
            -118.62205745641778,
            37.194634494487346
          ],
          [
            -118.62201824286892,
            37.19462827469778
          ],
          [
            -118.62198151681706,
            37.194590469488325
          ],
          [
            -118.62202074494753,
            37.194580920526356
          ],
          [
            -118.62206546161985,
            37.19456453718832
          ],
          [
            -118.62212798246107,
            37.194541147598365
          ],
          [
            -118.62215354704618,
            37.194518265302726
          ],
          [
            -118.62218951996557,
            37.19448847988064
          ],
          [
            -118.62221288038323,
            37.19446112154303
          ],
          [
            -118.62224236163587,
            37.194440437163955
          ],
          [
            -118.62226038871897,
            37.194410900701484
          ],
          [
            -118.62227314913291,
            37.194365659029515
          ],
          [
            -118.62228383246504,
            37.19433847465117
          ],
          [
            -118.62232483351082,
            37.1943131288125
          ],
          [
            -118.62231963246514,
            37.19428390589336
          ],
          [
            -118.6222824324578,
            37.1942731486032
          ],
          [
            -118.62224823141194,
            37.19428713402357
          ],
          [
            -118.62219359807277,
            37.19431717465534
          ],
          [
            -118.622146100152,
            37.19435162257861
          ],
          [
            -118.62209354701949,
            37.19436361008342
          ],
          [
            -118.62205005013807,
            37.19437096008719
          ],
          [
            -118.62196944908317,
            37.19437206113449
          ],
          [
            -118.62190503448917,
            37.19437294134738
          ],
          [
            -118.62187010948126,
            37.19435314134788
          ],
          [
            -118.62191046885872,
            37.194314281966264
          ],
          [
            -118.62196313240669,
            37.194291029877036
          ],
          [
            -118.6220038303276,
            37.19426794549697
          ],
          [
            -118.62203562928822,
            37.19424046736711
          ],
          [
            -118.62204420428671,
            37.1942133121555
          ],
          [
            -118.62204585115788,
            37.19417498194331
          ],
          [
            -118.62206544386528,
            37.19413640797988
          ],
          [
            -118.6221155469956,
            37.19410868505703
          ],
          [
            -118.62217504492034,
            37.19409209859299
          ],
          [
            -118.62221432200941,
            37.194084800672854
          ],
          [
            -118.62224234284493,
            37.194061885043666
          ],
          [
            -118.62226977722081,
            37.19402771212181
          ],
          [
            -118.62231043972315,
            37.19398659648994
          ],
          [
            -118.62236697827167,
            37.19396329127545
          ],
          [
            -118.6224143511954,
            37.193955882938106
          ],
          [
            -118.62245971682592,
            37.19393723709983
          ],
          [
            -118.62249208349422,
            37.19390299646922
          ],
          [
            -118.62252699912185,
            37.19387322458889
          ],
          [
            -118.62255577829104,
            37.19385255375156
          ],
          [
            -118.6226075585028,
            37.19380452665996
          ],
          [
            -118.62259301266293,
            37.19376641832389
          ],
          [
            -118.62257435119618,
            37.19371710165376
          ],
          [
            -118.62255956368837,
            37.19366773185826
          ],
          [
            -118.622570357436,
            37.1936292776871
          ],
          [
            -118.62260908869067,
            37.19361297455783
          ],
          [
            -118.62265500536398,
            37.19360333497038
          ],
          [
            -118.62266338348641,
            37.193567165174606
          ],
          [
            -118.62265355639802,
            37.19353575371388
          ],
          [
            -118.62266399806232,
            37.19349730266773
          ],
          [
            -118.62267549493504,
            37.19345884432984
          ],
          [
            -118.62267844597254,
            37.19341598807545
          ],
          [
            -118.62268241159336,
            37.19337087140412
          ],
          [
            -118.62268370117279,
            37.1933325464003
          ],
          [
            -118.62268649283624,
            37.19329870889683
          ],
          [
            -118.62267234908,
            37.19326284847762
          ],
          [
            -118.62263112198964,
            37.193261158896995
          ],
          [
            -118.62261847407451,
            37.1932951297345
          ],
          [
            -118.62260465220211,
            37.19334038703151
          ],
          [
            -118.62259421053788,
            37.19337883703603
          ],
          [
            -118.62258030116496,
            37.19341958704095
          ],
          [
            -118.62256131470721,
            37.193453643295584
          ],
          [
            -118.62254448762499,
            37.193489924550285
          ],
          [
            -118.62251233553927,
            37.1935174058052
          ],
          [
            -118.62246259803233,
            37.19352935060149
          ],
          [
            -118.62239308656518,
            37.19355508706711
          ],
          [
            -118.62235706052054,
            37.1935826214473
          ],
          [
            -118.62229006051241,
            37.19361057353802
          ],
          [
            -118.62224919696204,
            37.19359310791415
          ],
          [
            -118.62223277611776,
            37.193516718324474
          ],
          [
            -118.62222330215448,
            37.19348530165539
          ],
          [
            -118.62223088027628,
            37.193444639150904
          ],
          [
            -118.62225509381805,
            37.19340825685399
          ],
          [
            -118.62225805214727,
            37.19336540059959
          ],
          [
            -118.62227830006286,
            37.19332456517755
          ],
          [
            -118.62231392298227,
            37.193294788088856
          ],
          [
            -118.6223373906903,
            37.19325616100014
          ],
          [
            -118.62231521151459,
            37.19320689328852
          ],
          [
            -118.62232728130165,
            37.19314588703172
          ],
          [
            -118.62234912817686,
            37.193114042235436
          ],
          [
            -118.62237899067621,
            37.19306180993661
          ],
          [
            -118.62238989483929,
            37.19301208493104
          ],
          [
            -118.62238966775298,
            37.19298504951169
          ],
          [
            -118.62238341149882,
            37.192955841175944
          ],
          [
            -118.62237942503566,
            37.19291759325582
          ],
          [
            -118.62239911461863,
            37.192883521376196
          ],
          [
            -118.6224123687833,
            37.192845036996495
          ],
          [
            -118.62232065314392,
            37.19285304637864
          ],
          [
            -118.62228830105185,
            37.19282194846116
          ],
          [
            -118.62228485417312,
            37.192792699500195
          ],
          [
            -118.62226075833144,
            37.19275246928962
          ],
          [
            -118.62220577186189,
            37.19273294012484
          ],
          [
            -118.62218508227195,
            37.19270393283176
          ],
          [
            -118.62219330414534,
            37.192676777620235
          ],
          [
            -118.62218659268231,
            37.19264307032576
          ],
          [
            -118.62216015934267,
            37.19262540574251
          ],
          [
            -118.62212986870901,
            37.19259202240801
          ],
          [
            -118.62210215932458,
            37.19254733282224
          ],
          [
            -118.62208047702477,
            37.19250481927788
          ],
          [
            -118.6220569197258,
            37.19247359427649
          ],
          [
            -118.6220312228412,
            37.19242436927343
          ],
          [
            -118.62201168637692,
            37.19239984948073
          ],
          [
            -118.62200261033061,
            37.19237068281187
          ],
          [
            -118.62197836865487,
            37.19232369530893
          ],
          [
            -118.62196306552293,
            37.192283345306095
          ],
          [
            -118.62194796239207,
            37.19225200467907
          ],
          [
            -118.62192446030168,
            37.19222303176118
          ],
          [
            -118.62187228216591,
            37.19220346822122
          ],
          [
            -118.62182913840952,
            37.19221081301658
          ],
          [
            -118.62179187590363,
            37.192213578644456
          ],
          [
            -118.62173984985192,
            37.19220076823014
          ],
          [
            -118.62170774151109,
            37.192180928647055
          ],
          [
            -118.62162948732744,
            37.192143692190534
          ],
          [
            -118.62156832273085,
            37.19211523281699
          ],
          [
            -118.62153897793196,
            37.192093099483536
          ],
          [
            -118.62152704146818,
            37.19206171614794
          ],
          [
            -118.62151260604382,
            37.19201234218576
          ],
          [
            -118.62149081437012,
            37.191981093225884
          ],
          [
            -118.62148129248989,
            37.191947424473256
          ],
          [
            -118.62149494665495,
            37.19191118280213
          ],
          [
            -118.62146793935395,
            37.19186648800797
          ],
          [
            -118.6214500185143,
            37.191835186964475
          ],
          [
            -118.62142913725668,
            37.19179716508724
          ],
          [
            -118.62140810912338,
            37.19175238904265
          ],
          [
            -118.62138722786577,
            37.19171436820703
          ],
          [
            -118.62134869764671,
            37.19167433487245
          ],
          [
            -118.6213135809711,
            37.19164552028873
          ],
          [
            -118.62127860283788,
            37.19162346403899
          ],
          [
            -118.6212462528292,
            37.19159235882986
          ],
          [
            -118.62121959865327,
            37.19154765882735
          ],
          [
            -118.62121576635585,
            37.19150039319801
          ],
          [
            -118.62123209552054,
            37.19145735360935
          ],
          [
            -118.62127159448227,
            37.191427524437024
          ],
          [
            -118.62129433823351,
            37.191404679641586
          ],
          [
            -118.62132202677563,
            37.191365995260895
          ],
          [
            -118.62133277156468,
            37.19132528900618
          ],
          [
            -118.62134614447818,
            37.191275534833736
          ],
          [
            -118.62134251009844,
            37.19123727649691
          ],
          [
            -118.62133594551108,
            37.19121032857805
          ],
          [
            -118.62130092571103,
            37.191186022328104
          ],
          [
            -118.62125492778553,
            37.191175380663566
          ],
          [
            -118.62121368089984,
            37.19113989316296
          ],
          [
            -118.6212272402727,
            37.19109914940805
          ],
          [
            -118.62124395693947,
            37.19107413482112
          ],
          [
            -118.62124619235352,
            37.191047062943326
          ],
          [
            -118.62121064338402,
            37.19099797648265
          ],
          [
            -118.6211729465008,
            37.19098046502524
          ],
          [
            -118.62112932149198,
            37.1909652879434
          ],
          [
            -118.62110314440187,
            37.190943110859735
          ],
          [
            -118.62109066106208,
            37.19090272335664
          ],
          [
            -118.62109547564211,
            37.190864350435895
          ],
          [
            -118.62105161625523,
            37.190822137934816
          ],
          [
            -118.6210003433289,
            37.19081156918733
          ],
          [
            -118.62090102768367,
            37.19077687439913
          ],
          [
            -118.62087276933983,
            37.19072317960421
          ],
          [
            -118.62084530891329,
            37.19067398376797
          ],
          [
            -118.62081397869441,
            37.19062483897367
          ],
          [
            -118.62076617555473,
            37.190562398345875
          ],
          [
            -118.62073476408902,
            37.19054254522111
          ],
          [
            -118.620708399498,
            37.190511359803224
          ],
          [
            -118.62066409948554,
            37.190464649385056
          ],
          [
            -118.6206230609325,
            37.19042239417546
          ],
          [
            -118.62058200675617,
            37.19039591605067
          ],
          [
            -118.6205424640442,
            37.1904234941811
          ],
          [
            -118.62056042759252,
            37.19045704834983
          ],
          [
            -118.62057835051554,
            37.19048834835162
          ],
          [
            -118.62054735051386,
            37.19052031919028
          ],
          [
            -118.6205098015481,
            37.19050956710843
          ],
          [
            -118.62049163904051,
            37.19046700356389
          ],
          [
            -118.62049373382881,
            37.19043317231045
          ],
          [
            -118.62048985361454,
            37.19038365355586
          ],
          [
            -118.62048013798326,
            37.19034097542741
          ],
          [
            -118.62047063589306,
            37.190291532714866
          ],
          [
            -118.62045776296792,
            37.1902331202101
          ],
          [
            -118.62045141087991,
            37.19019940770719
          ],
          [
            -118.62044135878858,
            37.19014096082718
          ],
          [
            -118.62042922857384,
            37.19010056811578
          ],
          [
            -118.6204226639865,
            37.19007361290527
          ],
          [
            -118.62038725876772,
            37.19003128582024
          ],
          [
            -118.62034903479851,
            37.18998899727711
          ],
          [
            -118.62031105249717,
            37.18995796811004
          ],
          [
            -118.62028176290679,
            37.18993808686009
          ],
          [
            -118.62024678685692,
            37.189916029568685
          ],
          [
            -118.62023435351739,
            37.18987789727417
          ],
          [
            -118.62025685664244,
            37.18984378685262
          ],
          [
            -118.62028819414586,
            37.18982758684884
          ],
          [
            -118.62032778685808,
            37.18980225976032
          ],
          [
            -118.62032128997765,
            37.1897617889235
          ],
          [
            -118.62031463163979,
            37.18973033371257
          ],
          [
            -118.6203062587186,
            37.18970115871029
          ],
          [
            -118.62029603996326,
            37.189667495166056
          ],
          [
            -118.62025858161768,
            37.18961167432983
          ],
          [
            -118.62021573577243,
            37.189567195161786
          ],
          [
            -118.62019002222286,
            37.18953374828528
          ],
          [
            -118.6201608867982,
            37.189504851409495
          ],
          [
            -118.62012979928893,
            37.18946696807461
          ],
          [
            -118.62012957220267,
            37.18943993265532
          ],
          [
            -118.62016806074779,
            37.1894123659833
          ],
          [
            -118.62022530137975,
            37.18938905451875
          ],
          [
            -118.62027880763685,
            37.189372552430086
          ],
          [
            -118.62030377951233,
            37.189338407633365
          ],
          [
            -118.62034097743633,
            37.18934917013185
          ],
          [
            -118.62038816702935,
            37.189366550338626
          ],
          [
            -118.62043537849569,
            37.18936815762719
          ],
          [
            -118.62044071182693,
            37.18934025658241
          ],
          [
            -118.62042888265694,
            37.18932768783202
          ],
          [
            -118.62039957014626,
            37.18927400762044
          ],
          [
            -118.62042896910505,
            37.18923304615611
          ],
          [
            -118.62039180034431,
            37.189190744071205
          ],
          [
            -118.62036307950159,
            37.18914832531903
          ],
          [
            -118.6203197721992,
            37.18911511177713
          ],
          [
            -118.62029380760842,
            37.18908617740113
          ],
          [
            -118.62029615447965,
            37.189047837813874
          ],
          [
            -118.62032362219082,
            37.18903168989373
          ],
          [
            -118.62036937219834,
            37.18903106593217
          ],
          [
            -118.62040612116344,
            37.189037324263545
          ],
          [
            -118.62045090554099,
            37.18899164613099
          ],
          [
            -118.62049976492546,
            37.18900450029553
          ],
          [
            -118.6205342440995,
            37.189019802378006
          ],
          [
            -118.6205616576437,
            37.18900140341594
          ],
          [
            -118.62053881076154,
            37.188970166956175
          ],
          [
            -118.62051777221326,
            37.188941160704786
          ],
          [
            -118.6204975951225,
            37.1889031294525
          ],
          [
            -118.62048375553272,
            37.18886501590806
          ],
          [
            -118.62048742636034,
            37.18880637736039
          ],
          [
            -118.62049279927305,
            37.188761239855644
          ],
          [
            -118.62048188259921,
            37.18871181172651
          ],
          [
            -118.62048519405343,
            37.18866895651377
          ],
          [
            -118.62046787946336,
            37.18863314192814
          ],
          [
            -118.62047827321067,
            37.18859244088179
          ],
          [
            -118.62051036071449,
            37.188578481503235
          ],
          [
            -118.62052307841981,
            37.18853098774771
          ],
          [
            -118.62052900445687,
            37.18847908045055
          ],
          [
            -118.62052337007556,
            37.18842958357112
          ],
          [
            -118.62050115860634,
            37.188362289816084
          ],
          [
            -118.62047538359988,
            37.18834236169093
          ],
          [
            -118.62042422317232,
            37.188320526275625
          ],
          [
            -118.62038038983079,
            37.18831211065287
          ],
          [
            -118.62033862211437,
            37.18830141586307
          ],
          [
            -118.62030398148295,
            37.188295129406484
          ],
          [
            -118.62027801897553,
            37.18826618878049
          ],
          [
            -118.6202888595984,
            37.18822998981785
          ],
          [
            -118.62031838980963,
            37.18821156168901
          ],
          [
            -118.62036183669079,
            37.18820195647671
          ],
          [
            -118.62039204086395,
            37.188215060642584
          ],
          [
            -118.62044078983298,
            37.18823918251659
          ],
          [
            -118.62047793671506,
            37.18824768668149
          ],
          [
            -118.62053096797503,
            37.18825823147056
          ],
          [
            -118.62057707527423,
            37.1882576033423
          ],
          [
            -118.62065014715887,
            37.18823407104325
          ],
          [
            -118.62067033257595,
            37.18820675749749
          ],
          [
            -118.62069022944982,
            37.188165927283805
          ],
          [
            -118.6206759752781,
            37.18814133561576
          ],
          [
            -118.6206617138148,
            37.18811673873931
          ],
          [
            -118.62064696380894,
            37.18808540019565
          ],
          [
            -118.6206556002643,
            37.18804471789938
          ],
          [
            -118.62064759504979,
            37.18799976372888
          ],
          [
            -118.62063319608568,
            37.1879684137268
          ],
          [
            -118.62064378150068,
            37.18793672309797
          ],
          [
            -118.62062918982726,
            37.18789636372008
          ],
          [
            -118.62061218044526,
            37.187858288717514
          ],
          [
            -118.62065847315688,
            37.1878170980853
          ],
          [
            -118.6206873606582,
            37.1877851564135
          ],
          [
            -118.6207270981628,
            37.18776658765894
          ],
          [
            -118.62077457108533,
            37.18774791577884
          ],
          [
            -118.62081088567318,
            37.18773389806667
          ],
          [
            -118.62090194089603,
            37.187728147018134
          ],
          [
            -118.62095686069506,
            37.18771162305437
          ],
          [
            -118.62099048048786,
            37.18767060533971
          ],
          [
            -118.6210011138198,
            37.18764117096112
          ],
          [
            -118.62100497006676,
            37.187607314707535
          ],
          [
            -118.62100862527106,
            37.18756445324477
          ],
          [
            -118.62102399714445,
            37.1875259355316
          ],
          [
            -118.6210370450599,
            37.18749421156928
          ],
          [
            -118.62106884297887,
            37.18746673968941
          ],
          [
            -118.62111677215195,
            37.1874525646847
          ],
          [
            -118.62116017424123,
            37.187440707388866
          ],
          [
            -118.62120835028882,
            37.18742202300868
          ],
          [
            -118.6212696211289,
            37.187389639668005
          ],
          [
            -118.62130309612927,
            37.18734186361929
          ],
          [
            -118.6213258388389,
            37.187319018823864
          ],
          [
            -118.62136682321969,
            37.187309445903416
          ],
          [
            -118.62140588885113,
            37.18730891256734
          ],
          [
            -118.62142863885245,
            37.18728606881355
          ],
          [
            -118.62144607218426,
            37.18724527089171
          ],
          [
            -118.6214475211377,
            37.187197932345285
          ],
          [
            -118.6214443346752,
            37.18716417713389
          ],
          [
            -118.62140228570559,
            37.18712419171622
          ],
          [
            -118.62137432111327,
            37.18708401463089
          ],
          [
            -118.62134534610435,
            37.18704610317088
          ],
          [
            -118.62131676901238,
            37.18701043754437
          ],
          [
            -118.62128997212736,
            37.18695898024955
          ],
          [
            -118.62124963252742,
            37.186867143784994
          ],
          [
            -118.62114787207597,
            37.18670179377593
          ],
          [
            -118.62111859290063,
            37.186666138566125
          ],
          [
            -118.62110163143562,
            37.18663031981379
          ],
          [
            -118.62108235642924,
            37.18660128752064
          ],
          [
            -118.62103024391165,
            37.18651863022449
          ],
          [
            -118.62100879911306,
            37.18648737605625
          ],
          [
            -118.62098264389628,
            37.18644942501272
          ],
          [
            -118.62097035639084,
            37.186418046885485
          ],
          [
            -118.62096742617787,
            37.18637978021524
          ],
          [
            -118.62098456263323,
            37.1863254645838
          ],
          [
            -118.62100008034072,
            37.18629370728792
          ],
          [
            -118.62102883763126,
            37.186239238530625
          ],
          [
            -118.62102363658555,
            37.18621001561147
          ],
          [
            -118.62100233762101,
            37.18618552081891
          ],
          [
            -118.62097226365337,
            37.18614537185875
          ],
          [
            -118.62094685531198,
            37.18610966352365
          ],
          [
            -118.62095614280885,
            37.18606672601882
          ],
          [
            -118.62096357926332,
            37.18601930518034
          ],
          [
            -118.62095279488364,
            37.18599241455347
          ],
          [
            -118.62091420529099,
            37.18596589788687
          ],
          [
            -118.62088617507513,
            37.185939242677875
          ],
          [
            -118.62084613131535,
            37.18591049476116
          ],
          [
            -118.62080794797309,
            37.18588623121979
          ],
          [
            -118.6207606229609,
            37.18584631663581
          ],
          [
            -118.62071329794873,
            37.185806405176876
          ],
          [
            -118.62067325627231,
            37.18577766246849
          ],
          [
            -118.62065041043178,
            37.185746427050354
          ],
          [
            -118.62062510313254,
            37.18571522600739
          ],
          [
            -118.62062839271351,
            37.18568813850452
          ],
          [
            -118.62061496770573,
            37.18563649787539
          ],
          [
            -118.62058880623897,
            37.18559854787352
          ],
          [
            -118.62058858019428,
            37.185571513495894
          ],
          [
            -118.6206180114467,
            37.18554857807496
          ],
          [
            -118.62066850207904,
            37.1855388759872
          ],
          [
            -118.62073098542363,
            37.18554703640033
          ],
          [
            -118.62077230522281,
            37.18555323118972
          ],
          [
            -118.6208389812745,
            37.18554330930917
          ],
          [
            -118.62088021773818,
            37.18552922492994
          ],
          [
            -118.6209073281576,
            37.1855130811765
          ],
          [
            -118.62093690524411,
            37.1854969040895
          ],
          [
            -118.62096652816419,
            37.1854829790861
          ],
          [
            -118.62100063545954,
            37.18546448845698
          ],
          [
            -118.62104168025553,
            37.18544139366023
          ],
          [
            -118.62108468963439,
            37.18541151657097
          ],
          [
            -118.62106567087771,
            37.18537797281899
          ],
          [
            -118.62106966358373,
            37.18535088114943
          ],
          [
            -118.62110568858672,
            37.18532335093593
          ],
          [
            -118.62113969275656,
            37.18530035197295
          ],
          [
            -118.62112775629285,
            37.18526896863742
          ],
          [
            -118.62110500836953,
            37.185242237386355
          ],
          [
            -118.62106417293545,
            37.18514365092121
          ],
          [
            -118.62106305001468,
            37.185107615501124
          ],
          [
            -118.62105218229944,
            37.18506044362225
          ],
          [
            -118.62106208021265,
            37.18501299049193
          ],
          [
            -118.62110736354929,
            37.18497406444334
          ],
          [
            -118.62128313439814,
            37.184847730043856
          ],
          [
            -118.62130693752465,
            37.18482487587333
          ],
          [
            -118.62137072607196,
            37.18477893732273
          ],
          [
            -118.62140468649153,
            37.184753687317915
          ],
          [
            -118.6214144250307,
            37.18471524773018
          ],
          [
            -118.62141858960908,
            37.184663367516464
          ],
          [
            -118.62140406251751,
            37.184609484178885
          ],
          [
            -118.62140928959609,
            37.18455758521513
          ],
          [
            -118.62141104063268,
            37.18450798833516
          ],
          [
            -118.62141525729476,
            37.18445836020506
          ],
          [
            -118.62142653228953,
            37.18439286123955
          ],
          [
            -118.62142590416127,
            37.184363574778395
          ],
          [
            -118.6214274374919,
            37.18433651748398
          ],
          [
            -118.6214710374972,
            37.1843178945625
          ],
          [
            -118.62151925313015,
            37.18431723726739
          ],
          [
            -118.62156761251377,
            37.184323338306314
          ],
          [
            -118.62162768127489,
            37.18433378101153
          ]
        ],
        "type": "LineString"
      },
      "properties": {
        "bicycle": null,
        "crosscountryski": null,
        "dogsled": null,
        "ebike": null,
        "electricwatercraft": null,
        "feature_id": "{E3B81976-03C0-4B83-BF3E-BCCBDFC0EEB8}",
        "globalid": "{3F7E4A9A-6569-4E09-95C3-6886163603A8}",
        "hikerpedestrian": null,
        "icewatercraft": null,
        "lengthmiles": 2.06843139,
        "livestock": null,
        "loaddate": 1777310283000,
        "maplabel": "SABRINA BASIN",
        "motorcycle": null,
        "name": "SABRINA BASIN",
        "namealternate": null,
        "nationaltraildesignation": null,
        "networklength": 17.23184512,
        "nonmotorizedwatercraft": null,
        "objectid": 2475375,
        "ohvisorunder50inches": null,
        "ohvover50inches": null,
        "osvm": null,
        "packsaddle": null,
        "permanentidentifier": "{E3B81976-03C0-4B83-BF3E-BCCBDFC0EEB8}",
        "pets": null,
        "primarytrailmaintainer": "FS",
        "publisheddate": null,
        "routetype": "Trail",
        "seasonopen": null,
        "shape_Length": 0.03343882969548151,
        "snowshoe": null,
        "sourcedatadecscription": "USFS Trails Update 03/2026",
        "sourcedatasetid": "{8CC4DB36-D0BE-4189-88C7-64C3569EB754}",
        "sourceeditdate": 1774742400000,
        "sourcefeatureid": "4171",
        "sourceoriginator": "U.S. Forest Service",
        "trailnumber": "3101",
        "trailnumberalternate": null,
        "trailsurface": "Unpaved Native",
        "trailtype": "Terra Trail"
      },
      "type": "Feature"
    },
    {
      "geometry": {
        "coordinates": [
          [
            -118.62906546729614,
            37.22663281378986
          ],
          [
            -118.62913340897616,
            37.22665147941197
          ],
          [
            -118.62921115065879,
            37.22667970128433
          ],
          [
            -118.62927923296586,
            37.22671707419992
          ],
          [
            -118.62934716839713,
            37.226747687739824
          ],
          [
            -118.62944327987297,
            37.22676214085961
          ],
          [
            -118.6295208830132,
            37.22678360856463
          ],
          [
            -118.62963636324223,
            37.226797796058
          ],
          [
            -118.6297523351405,
            37.2268345106369
          ],
          [
            -118.62982977994832,
            37.226864993967816
          ],
          [
            -118.62991736850934,
            37.22690885334103
          ],
          [
            -118.6299762831082,
            37.22696212521711
          ],
          [
            -118.63002485186958,
            37.226993004383424
          ],
          [
            -118.6300733727141,
            37.22702163250789
          ],
          [
            -118.63014096439359,
            37.227036476254646
          ],
          [
            -118.63020773627717,
            37.227013025206084
          ],
          [
            -118.63024529148753,
            37.226974202282996
          ],
          [
            -118.63024461127563,
            37.226942665821674
          ],
          [
            -118.63027251544202,
            37.22689721373195
          ],
          [
            -118.63027149564505,
            37.22684990851905
          ],
          [
            -118.63030924460641,
            37.22682010226357
          ],
          [
            -118.63038601649237,
            37.22680327308991
          ],
          [
            -118.63043390608355,
            37.226802614753204
          ],
          [
            -118.63048242588644,
            37.226831237669295
          ],
          [
            -118.63058922486817,
            37.22688385225034
          ],
          [
            -118.63064862592793,
            37.22695964912863
          ],
          [
            -118.6307173894885,
            37.22702855850558
          ],
          [
            -118.63083520202132,
            37.22715086684268
          ],
          [
            -118.63087689995977,
            37.22728774289479
          ],
          [
            -118.63093609477023,
            37.22737030435706
          ],
          [
            -118.6310242260423,
            37.22743894081595
          ],
          [
            -118.63108244376437,
            37.227476448107254
          ],
          [
            -118.63120779170337,
            37.2274904991416
          ],
          [
            -118.63134215422478,
            37.227481890798124
          ],
          [
            -118.63141857819396,
            37.22746506683284
          ],
          [
            -118.63147564694994,
            37.22743273557575
          ],
          [
            -118.63151402403963,
            37.22743220848971
          ],
          [
            -118.63152455112979,
            37.22747938349356
          ],
          [
            -118.63154440426051,
            37.227501643911005
          ],
          [
            -118.63160214281339,
            37.22751662307512
          ],
          [
            -118.63165887198427,
            37.22746852410818
          ],
          [
            -118.6316962824022,
            37.227422941809486
          ],
          [
            -118.63178153970107,
            37.22735868346398
          ],
          [
            -118.63188620533842,
            37.227312176160545
          ],
          [
            -118.6319526365952,
            37.22727295531877
          ],
          [
            -118.63201002827132,
            37.227272165731364
          ],
          [
            -118.6320985574533,
            37.22727771051746
          ],
          [
            -118.63215614913044,
            37.22728593030593
          ],
          [
            -118.63219935122206,
            37.22729660634567
          ],
          [
            -118.6322547324817,
            37.22730034696713
          ],
          [
            -118.63231001269911,
            37.22729958654659
          ],
          [
            -118.63236510437389,
            37.227289816750165
          ],
          [
            -118.63238298874793,
            37.22725351466205
          ],
          [
            -118.63240066270602,
            37.22722398444964
          ],
          [
            -118.63241834187237,
            37.22719444590383
          ],
          [
            -118.63244889083357,
            37.22717374798304
          ],
          [
            -118.63250952625704,
            37.227143620892576
          ],
          [
            -118.63257076272349,
            37.22712475317815
          ],
          [
            -118.63262589814849,
            37.227117233381904
          ],
          [
            -118.63269384711974,
            37.227132071920295
          ],
          [
            -118.63278029609498,
            37.22715566774999
          ],
          [
            -118.63281192214504,
            37.22718452712559
          ],
          [
            -118.63284897527835,
            37.22720429379161
          ],
          [
            -118.63294152217003,
            37.22721654274469
          ],
          [
            -118.63300339197312,
            37.22722695628314
          ],
          [
            -118.63307717636123,
            37.227234952112106
          ],
          [
            -118.6331267649125,
            37.22724779169325
          ],
          [
            -118.63317040450647,
            37.227278737526596
          ],
          [
            -118.63323265660323,
            37.22730717606673
          ],
          [
            -118.63331341599563,
            37.22734436460638
          ],
          [
            -118.63340610976311,
            37.227363371893475
          ],
          [
            -118.63346757748252,
            37.22737153751502
          ],
          [
            -118.63352963791162,
            37.227390964595955
          ],
          [
            -118.6336098598013,
            37.22740337813326
          ],
          [
            -118.63366514106039,
            37.227402616671
          ],
          [
            -118.63370771502383,
            37.22738400729127
          ],
          [
            -118.63377434523822,
            37.227338021865506
          ],
          [
            -118.63381068690768,
            37.227308231235064
          ],
          [
            -118.63385320462079,
            37.22728736352173
          ],
          [
            -118.6339207160898,
            37.22728193122489
          ],
          [
            -118.63398832651757,
            37.227280998928414
          ],
          [
            -118.63403815882015,
            37.22730509996902
          ],
          [
            -118.63409986508248,
            37.227324527049916
          ],
          [
            -118.63415543800977,
            37.22733728329732
          ],
          [
            -118.63421161093838,
            37.227361294754125
          ],
          [
            -118.63426143178432,
            37.22740116767121
          ],
          [
            -118.63429299325249,
            37.22744354371485
          ],
          [
            -118.63433103180574,
            37.2274925958003
          ],
          [
            -118.63437462764948,
            37.22752128642507
          ],
          [
            -118.6344243641182,
            37.227540882256854
          ],
          [
            -118.63446177245984,
            37.22756064371454
          ],
          [
            -118.63448725059327,
            37.22759859996649
          ],
          [
            -118.63450074330966,
            37.227652494762445
          ],
          [
            -118.63451404019172,
            37.22769737809923
          ],
          [
            -118.63450887353004,
            37.22775152497986
          ],
          [
            -118.6345101402033,
            37.227810095818796
          ],
          [
            -118.6345359558384,
            37.22786381561391
          ],
          [
            -118.63456766001565,
            37.22791295415819
          ],
          [
            -118.63462401836364,
            37.22796174999238
          ],
          [
            -118.63467370587378,
            37.22797909061559
          ],
          [
            -118.63471719859194,
            37.22800327707327
          ],
          [
            -118.63482250798795,
            37.22803562498582
          ],
          [
            -118.63490287883674,
            37.228054799982125
          ],
          [
            -118.63493985384281,
            37.22805428852113
          ],
          [
            -118.6349890434355,
            37.22806487706045
          ],
          [
            -118.63504013927917,
            37.22808219789193
          ],
          [
            -118.63507357782804,
            37.22809751039107
          ],
          [
            -118.63512680179535,
            37.22809903434591
          ],
          [
            -118.63520381534923,
            37.22809346350669
          ],
          [
            -118.63526074244486,
            37.2281197218386
          ],
          [
            -118.63529864349744,
            37.2281620103818
          ],
          [
            -118.63531174454516,
            37.22819788017603
          ],
          [
            -118.63533132372139,
            37.22825619893036
          ],
          [
            -118.63535694456384,
            37.2283009093496
          ],
          [
            -118.63541973624667,
            37.22835412289213
          ],
          [
            -118.63546952063234,
            37.22837597184912
          ],
          [
            -118.63552524564373,
            37.228395479138825
          ],
          [
            -118.63557453419517,
            37.22841057288685
          ],
          [
            -118.63561276962449,
            37.22846863538987
          ],
          [
            -118.63562592692249,
            37.228506756226004
          ],
          [
            -118.63565154776492,
            37.228551469770274
          ],
          [
            -118.63567702277325,
            37.22858942706383
          ],
          [
            -118.63573328320406,
            37.22863371248094
          ],
          [
            -118.6357950905086,
            37.22865765102066
          ],
          [
            -118.63586923010509,
            37.228665641641314
          ],
          [
            -118.63596149157867,
            37.22866437080144
          ],
          [
            -118.63604186346906,
            37.228683539547745
          ],
          [
            -118.63615330932515,
            37.228722561418834
          ],
          [
            -118.6361843343322,
            37.228740163501726
          ],
          [
            -118.63622183850774,
            37.22876443329317
          ],
          [
            -118.63626504580773,
            37.22877510099953
          ],
          [
            -118.6363076635214,
            37.228758739536616
          ],
          [
            -118.63635588852394,
            37.22870850411176
          ],
          [
            -118.6363611572694,
            37.22865886035652
          ],
          [
            -118.63639096352021,
            37.2286201416007
          ],
          [
            -118.6364335791505,
            37.22860378117951
          ],
          [
            -118.63650153124671,
            37.228618617634524
          ],
          [
            -118.63653923125658,
            37.22865189680186
          ],
          [
            -118.63658871460076,
            37.228675998884086
          ],
          [
            -118.63664445106876,
            37.228679739505594
          ],
          [
            -118.63669330003468,
            37.22867455616838
          ],
          [
            -118.63675428649982,
            37.228644425952865
          ],
          [
            -118.63679106567159,
            37.228634901991086
          ],
          [
            -118.63683456047306,
            37.22865909157373
          ],
          [
            -118.63686548756294,
            37.22867218219786
          ],
          [
            -118.63690844590337,
            37.22867158948651
          ],
          [
            -118.63696343966097,
            37.22865731448132
          ],
          [
            -118.63700060529308,
            37.22866581447957
          ],
          [
            -118.63702000009157,
            37.22869934468981
          ],
          [
            -118.63703958030952,
            37.22875766031915
          ],
          [
            -118.63702823239585,
            37.22880288324099
          ],
          [
            -118.6370105542711,
            37.228832416578456
          ],
          [
            -118.63699340323423,
            37.228902506169746
          ],
          [
            -118.63699413448796,
            37.22893629367306
          ],
          [
            -118.63702565741255,
            37.22896064992319
          ],
          [
            -118.63706218450136,
            37.228955638461855
          ],
          [
            -118.63711040950395,
            37.228905400953614
          ],
          [
            -118.6371338855436,
            37.22885099782168
          ],
          [
            -118.6371633490843,
            37.228796511356016
          ],
          [
            -118.63723632409138,
            37.228750441554794
          ],
          [
            -118.63733427618938,
            37.22873556758821
          ],
          [
            -118.63741420849422,
            37.22873446549922
          ],
          [
            -118.6375125449692,
            37.22873761757604
          ],
          [
            -118.637648057493,
            37.22874926444279
          ],
          [
            -118.63773403354736,
            37.228734561310404
          ],
          [
            -118.63782585647688,
            37.228713012343576
          ],
          [
            -118.6379546387893,
            37.228706725875725
          ],
          [
            -118.6380654023502,
            37.2287142154521
          ],
          [
            -118.63816408882522,
            37.22871735711226
          ],
          [
            -118.63823213883865,
            37.2287366987761
          ],
          [
            -118.63830018781037,
            37.22875603627326
          ],
          [
            -118.63837992532251,
            37.22874592272504
          ],
          [
            -118.63845337220887,
            37.22873814876086
          ],
          [
            -118.63853964409807,
            37.228736958129794
          ],
          [
            -118.63858903056675,
            37.22875655708658
          ],
          [
            -118.63865736912332,
            37.228789412293395
          ],
          [
            -118.638713289969,
            37.22881793520898
          ],
          [
            -118.63880696186654,
            37.228881985208695
          ],
          [
            -118.63891880876457,
            37.22892325082996
          ],
          [
            -118.63898710357091,
            37.22895385395322
          ],
          [
            -118.639038347332,
            37.22897793103536
          ],
          [
            -118.63914823902043,
            37.229010213322546
          ],
          [
            -118.63919772444792,
            37.22903431540479
          ],
          [
            -118.63925417550476,
            37.229087615406065
          ],
          [
            -118.6393166338525,
            37.229125059155386
          ],
          [
            -118.63937853907423,
            37.22915349769552
          ],
          [
            -118.63948409742984,
            37.2291971018591
          ],
          [
            -118.63957100578065,
            37.22922519560583
          ],
          [
            -118.63970086309861,
            37.22926846851774
          ],
          [
            -118.63979404749357,
            37.2293099935153
          ],
          [
            -118.63988728188878,
            37.22935377059641
          ],
          [
            -118.63995596628045,
            37.22940239351307
          ],
          [
            -118.64002396941858,
            37.22941947788504
          ],
          [
            -118.64010404859918,
            37.22942513204671
          ],
          [
            -118.64015932985826,
            37.229424368501135
          ],
          [
            -118.64024545695503,
            37.229416418494374
          ],
          [
            -118.64035563613791,
            37.229396868484805
          ],
          [
            -118.64039795905835,
            37.22936699035401
          ],
          [
            -118.64041563509971,
            37.22933745180823
          ],
          [
            -118.64047637573037,
            37.22929605284164
          ],
          [
            -118.64053726636172,
            37.2292614142924
          ],
          [
            -118.64060477783065,
            37.2292559757455
          ],
          [
            -118.64065401846527,
            37.229268813243344
          ],
          [
            -118.6407159820188,
            37.22928372886547
          ],
          [
            -118.6408018986996,
            37.229282541359446
          ],
          [
            -118.64089391746353,
            37.229270003851795
          ],
          [
            -118.64092425809207,
            37.22925606322335
          ],
          [
            -118.64099786226919,
            37.229239272591634
          ],
          [
            -118.64109591020096,
            37.22922890487547
          ],
          [
            -118.64114540396008,
            37.229237232997846
          ],
          [
            -118.64119514251212,
            37.22925682570464
          ],
          [
            -118.64125076648133,
            37.22927182986892
          ],
          [
            -118.64132436649348,
            37.229270812155406
          ],
          [
            -118.64142245817557,
            37.22926269548114
          ],
          [
            -118.64146557901498,
            37.229253086102176
          ],
          [
            -118.64152076339857,
            37.22924781422287
          ],
          [
            -118.64154014986548,
            37.22929711735132
          ],
          [
            -118.64154722487028,
            37.22933082152081
          ],
          [
            -118.64156626966879,
            37.22936435693942
          ],
          [
            -118.64163387488824,
            37.22936342151797
          ],
          [
            -118.64166377593115,
            37.229329209012576
          ],
          [
            -118.64172506031454,
            37.22931258817334
          ],
          [
            -118.6417923707408,
            37.22929813712562
          ],
          [
            -118.6418899801287,
            37.22926749232417
          ],
          [
            -118.64200644993734,
            37.229245603772334
          ],
          [
            -118.64206173119642,
            37.22924483918505
          ],
          [
            -118.64207469578507,
            37.22927394752033
          ],
          [
            -118.64203860099188,
            37.22931500690184
          ],
          [
            -118.64199058432195,
            37.22935848711774
          ],
          [
            -118.64197255723884,
            37.22938802462185
          ],
          [
            -118.64196754578452,
            37.22943316212662
          ],
          [
            -118.64198712912746,
            37.22949147463095
          ],
          [
            -118.6420183030936,
            37.22951582879781
          ],
          [
            -118.64206833643883,
            37.22954894025589
          ],
          [
            -118.64212406353352,
            37.22956844650394
          ],
          [
            -118.64217934479265,
            37.229567680875
          ],
          [
            -118.64222275938359,
            37.2295715892057
          ],
          [
            -118.64229659689695,
            37.22958183190996
          ],
          [
            -118.64241350733289,
            37.2295802131517
          ],
          [
            -118.64249373338923,
            37.22959262356398
          ],
          [
            -118.64259241361599,
            37.22961153605897
          ],
          [
            -118.64266680529711,
            37.22963078813902
          ],
          [
            -118.6427101563479,
            37.22964821313774
          ],
          [
            -118.64274113343801,
            37.22966355792873
          ],
          [
            -118.64274775844224,
            37.22969276001444
          ],
          [
            -118.64273018031801,
            37.22972680064398
          ],
          [
            -118.64270042719255,
            37.2297677714834
          ],
          [
            -118.64264587302058,
            37.22980232461553
          ],
          [
            -118.64263428448065,
            37.22983628295299
          ],
          [
            -118.64262858552455,
            37.229865655872906
          ],
          [
            -118.64263589907229,
            37.22991062150177
          ],
          [
            -118.64266736574835,
            37.22994849441994
          ],
          [
            -118.64270531992612,
            37.229993030880024
          ],
          [
            -118.64274249180825,
            37.23000152879494
          ],
          [
            -118.64277847410263,
            37.229971742331195
          ],
          [
            -118.64279006264256,
            37.22993777774373
          ],
          [
            -118.64280818868446,
            37.22991274232341
          ],
          [
            -118.6428564011888,
            37.22987827669169
          ],
          [
            -118.64290472098348,
            37.22983254022555
          ],
          [
            -118.64297704703073,
            37.22977295479806
          ],
          [
            -118.64305643662443,
            37.22974707041504
          ],
          [
            -118.64309321683778,
            37.229737547494906
          ],
          [
            -118.64317305435051,
            37.22973193498881
          ],
          [
            -118.6432584772805,
            37.229723996440455
          ],
          [
            -118.64331929708163,
            37.229718645394
          ],
          [
            -118.64340651480555,
            37.22972870163896
          ],
          [
            -118.64343780231215,
            37.229741790179744
          ],
          [
            -118.64346288773515,
            37.22976172351328
          ],
          [
            -118.64349415857677,
            37.22979057976388
          ],
          [
            -118.6435494471276,
            37.229789814134996
          ],
          [
            -118.6435858783809,
            37.229764523505054
          ],
          [
            -118.64361008984105,
            37.22974391204296
          ],
          [
            -118.64367018359506,
            37.2296889995335
          ],
          [
            -118.64371221172232,
            37.229645606817996
          ],
          [
            -118.6437726586014,
            37.22959069014183
          ],
          [
            -118.64385180756885,
            37.22955353804938
          ],
          [
            -118.64394387529131,
            37.22954325054197
          ],
          [
            -118.64402370551232,
            37.22953764116092
          ],
          [
            -118.64406696281262,
            37.22955055782581
          ],
          [
            -118.64411689928234,
            37.22957916095014
          ],
          [
            -118.64416682637875,
            37.22962353699269
          ],
          [
            -118.6441741409682,
            37.229668498454856
          ],
          [
            -118.6441932847255,
            37.22970653908223
          ],
          [
            -118.64418194097851,
            37.229751764087446
          ],
          [
            -118.64415257952172,
            37.22981075472021
          ],
          [
            -118.64411069410353,
            37.229860905769655
          ],
          [
            -118.64406340764738,
            37.22995394849036
          ],
          [
            -118.64400929618607,
            37.230008773499435
          ],
          [
            -118.64391855763701,
            37.23007988184602
          ],
          [
            -118.64385830763392,
            37.23014380893972
          ],
          [
            -118.64378578575237,
            37.23019438499135
          ],
          [
            -118.64372533783164,
            37.23024930166759
          ],
          [
            -118.6436893565789,
            37.23027909438132
          ],
          [
            -118.64366524303594,
            37.23030421521872
          ],
          [
            -118.643653654496,
            37.23033817251452
          ],
          [
            -118.64364809720739,
            37.23037429960175
          ],
          [
            -118.64365507429498,
            37.230403497520825
          ],
          [
            -118.64365615138392,
            37.230453053775555
          ],
          [
            -118.64368162951723,
            37.23049100794414
          ],
          [
            -118.6437182545233,
            37.230490499608244
          ],
          [
            -118.64376137015437,
            37.230480891270936
          ],
          [
            -118.64379784724302,
            37.23047362564274
          ],
          [
            -118.64383482329077,
            37.23047311314009
          ],
          [
            -118.64385991079709,
            37.23049304647362
          ],
          [
            -118.64387885976167,
            37.230522073558504
          ],
          [
            -118.64387993580895,
            37.230571630854904
          ],
          [
            -118.6438685920619,
            37.23061685481845
          ],
          [
            -118.64383888789506,
            37.23066007669973
          ],
          [
            -118.64379670768369,
            37.23069671628952
          ],
          [
            -118.64372939517406,
            37.23071116942062
          ],
          [
            -118.64367445037509,
            37.23072770380105
          ],
          [
            -118.64362515036693,
            37.230728387137866
          ],
          [
            -118.64355793056617,
            37.23074734235271
          ],
          [
            -118.64355891077953,
            37.23079239235702
          ],
          [
            -118.64359028058009,
            37.23082576110808
          ],
          [
            -118.64366594622606,
            37.23090357256874
          ],
          [
            -118.6438155504276,
            37.23099613923405
          ],
          [
            -118.64399647130439,
            37.231119818400245
          ],
          [
            -118.64432670888122,
            37.23132254443873
          ],
          [
            -118.64453911414064,
            37.23146831527155
          ],
          [
            -118.6445705829,
            37.231506186106415
          ],
          [
            -118.64460819020098,
            37.23153495902326
          ],
          [
            -118.64467026104674,
            37.23155437568751
          ],
          [
            -118.6447069766783,
            37.23155837568537
          ],
          [
            -118.64476260898083,
            37.23157337776626
          ],
          [
            -118.644800517325,
            37.23161566318443
          ],
          [
            -118.64481981212307,
            37.231644689227615
          ],
          [
            -118.64490301942894,
            37.23164804547215
          ],
          [
            -118.64498834235839,
            37.23163559338171
          ],
          [
            -118.64503929445132,
            37.2316461548375
          ],
          [
            -118.64510413092229,
            37.23166328295966
          ],
          [
            -118.64518038614409,
            37.23167123712185
          ],
          [
            -118.64525483928213,
            37.231676966283935
          ],
          [
            -118.64532200387433,
            37.231655752735534
          ],
          [
            -118.64539132680214,
            37.231652540230385
          ],
          [
            -118.64545042056503,
            37.231681015229064
          ],
          [
            -118.64551247578751,
            37.23171620481154
          ],
          [
            -118.64557736330038,
            37.23173558710057
          ],
          [
            -118.64565552060834,
            37.23176604751477
          ],
          [
            -118.64571571541333,
            37.23179676105525
          ],
          [
            -118.64575589146523,
            37.23183000063909
          ],
          [
            -118.6458185664773,
            37.23184490480282
          ],
          [
            -118.64586971648791,
            37.23186447250952
          ],
          [
            -118.64591161024653,
            37.23187966521642
          ],
          [
            -118.64597242379939,
            37.231890091254925
          ],
          [
            -118.64609767590457,
            37.23189961833049
          ],
          [
            -118.6461723738355,
            37.23191660582695
          ],
          [
            -118.6462399863466,
            37.2319156693638
          ],
          [
            -118.64628874051857,
            37.23189020685796
          ],
          [
            -118.64633116656458,
            37.23186483289423
          ],
          [
            -118.64638669574161,
            37.231875326641386
          ],
          [
            -118.64639332178751,
            37.23190452872711
          ],
          [
            -118.64637554782895,
            37.23192955998076
          ],
          [
            -118.64635787491255,
            37.23195910060986
          ],
          [
            -118.64639523533903,
            37.2319923797772
          ],
          [
            -118.64645071451581,
            37.232000622482495
          ],
          [
            -118.64653713848912,
            37.23200618497704
          ],
          [
            -118.64662939787928,
            37.23200490372054
          ],
          [
            -118.64668468747169,
            37.23200413809159
          ],
          [
            -118.64674016664847,
            37.232012379755204
          ],
          [
            -118.64680841666289,
            37.23204072662825
          ],
          [
            -118.64690750105834,
            37.23207765891664
          ],
          [
            -118.64695169482003,
            37.23211760370917
          ],
          [
            -118.64702548649984,
            37.2321255943298
          ],
          [
            -118.64709968651324,
            37.23213582765901
          ],
          [
            -118.64716715110694,
            37.2321281297369
          ],
          [
            -118.64723490632714,
            37.232133950566116
          ],
          [
            -118.64726583550042,
            37.232147042231894
          ],
          [
            -118.64726013862766,
            37.2321764161935
          ],
          [
            -118.64724880529559,
            37.23220586203045
          ],
          [
            -118.6472187938372,
            37.23225134745363
          ],
          [
            -118.64718904071177,
            37.232292318293055
          ],
          [
            -118.64713415007965,
            37.23231110475699
          ],
          [
            -118.64706054590256,
            37.23232789955539
          ],
          [
            -118.64699303130861,
            37.23233334643565
          ],
          [
            -118.64693175942354,
            37.23233419643996
          ],
          [
            -118.64689532192023,
            37.23235948706993
          ],
          [
            -118.64689016671522,
            37.23239786519904
          ],
          [
            -118.646909019846,
            37.23242238915845
          ],
          [
            -118.64695242193865,
            37.23244206415737
          ],
          [
            -118.64702711049631,
            37.2324748256137
          ],
          [
            -118.64712545842963,
            37.23247796935719
          ],
          [
            -118.6472181605304,
            37.23249696414426
          ],
          [
            -118.64732308763276,
            37.2325112755967
          ],
          [
            -118.64739669076984,
            37.23251025267486
          ],
          [
            -118.64745172931934,
            37.232498224544884
          ],
          [
            -118.64750681995243,
            37.23248844849842
          ],
          [
            -118.64757442725524,
            37.232487509952
          ],
          [
            -118.6475939262209,
            37.23252554641266
          ],
          [
            -118.64758248559842,
            37.23256626308409
          ],
          [
            -118.64754634497163,
            37.2326050714237
          ],
          [
            -118.64744918141936,
            37.23265599226873
          ],
          [
            -118.64738245120444,
            37.23269747665242
          ],
          [
            -118.64730388974002,
            37.232761659997436
          ],
          [
            -118.64727398244884,
            37.23281164646274
          ],
          [
            -118.6472315553612,
            37.23283702146813
          ],
          [
            -118.64717028451781,
            37.232837871472476
          ],
          [
            -118.64711499909198,
            37.232838638143015
          ],
          [
            -118.64704080012024,
            37.2328284027305
          ],
          [
            -118.64700343448717,
            37.232810893356394
          ],
          [
            -118.64692958759879,
            37.232800652735556
          ],
          [
            -118.6468808271768,
            37.23282611628306
          ],
          [
            -118.6468879053066,
            37.2328598152442
          ],
          [
            -118.64695630323843,
            37.23289492149284
          ],
          [
            -118.64704305742355,
            37.23293202357381
          ],
          [
            -118.64712996369272,
            37.23297587982205
          ],
          [
            -118.64722930329607,
            37.23300829856829
          ],
          [
            -118.6473588272789,
            37.23303579647865
          ],
          [
            -118.64746350958823,
            37.233038850638344
          ],
          [
            -118.64754978772747,
            37.233037652715616
          ],
          [
            -118.64764184399337,
            37.23304312979306
          ],
          [
            -118.64771554817094,
            37.23303084332844
          ],
          [
            -118.64778262109596,
            37.23300512561296
          ],
          [
            -118.6478495950621,
            37.23297490164705
          ],
          [
            -118.64788657319316,
            37.23297438810273
          ],
          [
            -118.64791195757601,
            37.23300783393759
          ],
          [
            -118.64793135029296,
            37.23305714123273
          ],
          [
            -118.64790125445732,
            37.233082344362245
          ],
          [
            -118.64782205340633,
            37.233117242287825
          ],
          [
            -118.6477430981899,
            37.233163405839456
          ],
          [
            -118.64764567526302,
            37.23321883397657
          ],
          [
            -118.64748197108023,
            37.23332025378948
          ],
          [
            -118.64733005647993,
            37.23339671943248
          ],
          [
            -118.64724451480289,
            37.233431704858475
          ],
          [
            -118.64720184708898,
            37.23344581944618
          ],
          [
            -118.64713403770185,
            37.23343774653342
          ],
          [
            -118.64709672415232,
            37.23342249236782
          ],
          [
            -118.6470533647682,
            37.23340506841081
          ],
          [
            -118.64697298454445,
            37.23338590278953
          ],
          [
            -118.64692359078583,
            37.23338207987591
          ],
          [
            -118.64688780015913,
            37.23342088196552
          ],
          [
            -118.64692560329621,
            37.23347443821809
          ],
          [
            -118.64696955434823,
            37.23350312050953
          ],
          [
            -118.6470193856109,
            37.2335429903016
          ],
          [
            -118.64708601062746,
            37.233593888218614
          ],
          [
            -118.64714103876369,
            37.23361340488332
          ],
          [
            -118.6471925033558,
            37.233614944463284
          ],
          [
            -118.6472565502393,
            37.23359602883198
          ],
          [
            -118.64731409920785,
            37.23360199132857
          ],
          [
            -118.64736767213364,
            37.233603499658344
          ],
          [
            -118.64742457526725,
            37.23359594757032
          ],
          [
            -118.64749098465239,
            37.23358826631496
          ],
          [
            -118.64759833779488,
            37.23358452255717
          ],
          [
            -118.6476534805115,
            37.23357699755261
          ],
          [
            -118.64768471489286,
            37.23358782880151
          ],
          [
            -118.64774588990247,
            37.23358247358842
          ],
          [
            -118.6477825242818,
            37.23356619441758
          ],
          [
            -118.64785627637627,
            37.23355615586985
          ],
          [
            -118.64790522534264,
            37.233555476699735
          ],
          [
            -118.6479424982669,
            37.233568480865074
          ],
          [
            -118.64798570348357,
            37.23357914544642
          ],
          [
            -118.64803564203667,
            37.23360774648746
          ],
          [
            -118.64810987851034,
            37.23363600377668
          ],
          [
            -118.6481776889392,
            37.2336440756478
          ],
          [
            -118.64825787228689,
            37.233654229809844
          ],
          [
            -118.64834370875715,
            37.23363275688516
          ],
          [
            -118.64842918793573,
            37.233611292293794
          ],
          [
            -118.64852081607258,
            37.23358072457613
          ],
          [
            -118.64862476296153,
            37.233549987065956
          ],
          [
            -118.64869183692822,
            37.233524269350475
          ],
          [
            -118.64880830361184,
            37.23350237350693
          ],
          [
            -118.64890012237647,
            37.233496589125004
          ],
          [
            -118.64898629634853,
            37.233490888076766
          ],
          [
            -118.64907158281768,
            37.233460407859546
          ],
          [
            -118.64913791928058,
            37.23340090368247
          ],
          [
            -118.64922301199705,
            37.233345640129585
          ],
          [
            -118.64934384534,
            37.233249323445136
          ],
          [
            -118.64942859326477,
            37.23319406510054
          ],
          [
            -118.64957452036398,
            37.233117679666314
          ],
          [
            -118.64970228496105,
            37.233048307775725
          ],
          [
            -118.64977775476223,
            37.23302021610107
          ],
          [
            -118.64983879018595,
            37.23299232963579
          ],
          [
            -118.64991728394516,
            37.232957441085276
          ],
          [
            -118.64999839228894,
            37.232929272326906
          ],
          [
            -118.65007426000881,
            37.232919202529
          ],
          [
            -118.6501484548139,
            37.2329294421082
          ],
          [
            -118.65021616628388,
            37.23293300356217
          ],
          [
            -118.65025225795202,
            37.232891944180636
          ],
          [
            -118.65025775586548,
            37.23285355980153
          ],
          [
            -118.65026222148367,
            37.232783649377765
          ],
          [
            -118.6502732673124,
            37.23272490666291
          ],
          [
            -118.65029010376621,
            37.23265707748848
          ],
          [
            -118.6503201089746,
            37.23261159206532
          ],
          [
            -118.65042896106725,
            37.232531212883266
          ],
          [
            -118.65048895377913,
            37.23247179516497
          ],
          [
            -118.65053054856908,
            37.2323923514044
          ],
          [
            -118.6505412506461,
            37.232317845146376
          ],
          [
            -118.65055754647207,
            37.232225232636246
          ],
          [
            -118.65062289751332,
            37.23212067324653
          ],
          [
            -118.65065225272009,
            37.23206167948874
          ],
          [
            -118.65071833605671,
            37.23199090760226
          ],
          [
            -118.65078432355952,
            37.23191563363204
          ],
          [
            -118.65086878189766,
            37.231831089867924
          ],
          [
            -118.65095287981913,
            37.231746545062215
          ],
          [
            -118.65096392356459,
            37.2316878075557
          ],
          [
            -118.65095061730753,
            37.23164292630229
          ],
          [
            -118.65094345271713,
            37.23158895129749
          ],
          [
            -118.65094251937904,
            37.2315461481684
          ],
          [
            -118.65098429646336,
            37.23149149191018
          ],
          [
            -118.65102019125557,
            37.231441416902804
          ],
          [
            -118.65103514021368,
            37.23141642314934
          ],
          [
            -118.65107321104473,
            37.2313370283473
          ],
          [
            -118.6510847964596,
            37.23130306792653
          ],
          [
            -118.65110881000209,
            37.23127344500533
          ],
          [
            -118.65114617251186,
            37.23130672313097
          ],
          [
            -118.6511468120985,
            37.231336004383785
          ],
          [
            -118.65115977356214,
            37.23136511792741
          ],
          [
            -118.6511971881538,
            37.23138487938506
          ],
          [
            -118.65124648712026,
            37.231384192923215
          ],
          [
            -118.65127014857929,
            37.23135457000201
          ],
          [
            -118.6513122787887,
            37.231299904368804
          ],
          [
            -118.65134192878871,
            37.23125442832061
          ],
          [
            -118.65133441523992,
            37.23120045331589
          ],
          [
            -118.65132749127578,
            37.23115773352058
          ],
          [
            -118.6513639256541,
            37.23113244080726
          ],
          [
            -118.65138306836973,
            37.23117048247628
          ],
          [
            -118.65140246421161,
            37.23121978352141
          ],
          [
            -118.65145830068016,
            37.23122801893501
          ],
          [
            -118.65148809859758,
            37.23118930226249
          ],
          [
            -118.65145637983696,
            37.23114017205159
          ],
          [
            -118.65143707774729,
            37.2311111460084
          ],
          [
            -118.65144876107932,
            37.23108168871308
          ],
          [
            -118.65151548712758,
            37.231040202246106
          ],
          [
            -118.65158255692764,
            37.23101448348894
          ],
          [
            -118.65168620381506,
            37.23097023035244
          ],
          [
            -118.65175282986274,
            37.23092423451001
          ],
          [
            -118.6518137152858,
            37.23088958971073
          ],
          [
            -118.65188632466784,
            37.23084351157622
          ],
          [
            -118.65196507779993,
            37.230788334482035
          ],
          [
            -118.65201982468126,
            37.23076278760077
          ],
          [
            -118.65207510802368,
            37.23076201780519
          ],
          [
            -118.65210698511665,
            37.230802133431894
          ],
          [
            -118.65208896324188,
            37.23083167822769
          ],
          [
            -118.65206504761659,
            37.23086580948268
          ],
          [
            -118.65202906948889,
            37.23089560532137
          ],
          [
            -118.65199263511055,
            37.23092089699304
          ],
          [
            -118.65197550386357,
            37.23097521470786
          ],
          [
            -118.65200068616383,
            37.23101542304334
          ],
          [
            -118.65206177262951,
            37.23098978657832
          ],
          [
            -118.65209196534057,
            37.23096908449087
          ],
          [
            -118.65212873930402,
            37.23095955948738
          ],
          [
            -118.65215966951888,
            37.23097265115316
          ],
          [
            -118.65216085077496,
            37.23102671470002
          ],
          [
            -118.6521372872348,
            37.23107661366485
          ],
          [
            -118.65211353410854,
            37.231101730335595
          ],
          [
            -118.65208961848332,
            37.23113586159058
          ],
          [
            -118.65209060390501,
            37.231180914719914
          ],
          [
            -118.65215207162444,
            37.2311890720081
          ],
          [
            -118.65220107579773,
            37.23117486783667
          ],
          [
            -118.65225675914218,
            37.231192117834496
          ],
          [
            -118.65225764456333,
            37.23123266471335
          ],
          [
            -118.65225264040076,
            37.231277802218074
          ],
          [
            -118.65227233103582,
            37.2313406199312
          ],
          [
            -118.65230984771135,
            37.23136488347261
          ],
          [
            -118.65233557897102,
            37.231414095975595
          ],
          [
            -118.65232987793154,
            37.231443469937176
          ],
          [
            -118.65230631543304,
            37.23149336890201
          ],
          [
            -118.65228275189118,
            37.231527494948615
          ],
          [
            -118.65227735293655,
            37.23157038557821
          ],
          [
            -118.65229036648381,
            37.23160175016367
          ],
          [
            -118.65232773628361,
            37.2316192553711
          ],
          [
            -118.65238846649926,
            37.231593624114446
          ],
          [
            -118.65242460400104,
            37.231554814733116
          ],
          [
            -118.65244851337629,
            37.231520683478145
          ],
          [
            -118.6525210237995,
            37.231470102218175
          ],
          [
            -118.6525445935897,
            37.231420198045015
          ],
          [
            -118.65262462797835,
            37.23142359178984
          ],
          [
            -118.65263160298268,
            37.2314527886672
          ],
          [
            -118.65266876861642,
            37.231477057416946
          ],
          [
            -118.65270510507762,
            37.23144725741155
          ],
          [
            -118.652704465491,
            37.2314179709504
          ],
          [
            -118.65274724153528,
            37.23137681677678
          ],
          [
            -118.65282086966556,
            37.23131270009875
          ],
          [
            -118.65285266654458,
            37.23130099176208
          ],
          [
            -118.65291878738485,
            37.23126402092057
          ],
          [
            -118.65297031239041,
            37.23123626049761
          ],
          [
            -118.65305481553102,
            37.231250858409815
          ],
          [
            -118.65309609887505,
            37.2312863354938
          ],
          [
            -118.65314014784428,
            37.231319520910624
          ],
          [
            -118.65318582181136,
            37.231330150075145
          ],
          [
            -118.65324814265665,
            37.23134505423892
          ],
          [
            -118.65329492183253,
            37.23135792298693
          ],
          [
            -118.65333787496628,
            37.231373097985454
          ],
          [
            -118.65339114268383,
            37.231376860482136
          ],
          [
            -118.65341570518568,
            37.23135624068672
          ],
          [
            -118.65345103435526,
            37.23132871151493
          ],
          [
            -118.65348276039357,
            37.2312494031717
          ],
          [
            -118.65363534687408,
            37.23122023544993
          ],
          [
            -118.653669508338,
            37.23121975940583
          ],
          [
            -118.65373943439049,
            37.23121202502527
          ],
          [
            -118.6538060271117,
            37.23122912606398
          ],
          [
            -118.65385165316185,
            37.23123750314494
          ],
          [
            -118.65391845004912,
            37.2312478375163
          ],
          [
            -118.65398006568594,
            37.23126275105519
          ],
          [
            -118.65402392402915,
            37.231286925012796
          ],
          [
            -118.65405539799683,
            37.23132479272264
          ],
          [
            -118.6541301750983,
            37.231377831264275
          ],
          [
            -118.65419951261828,
            37.23145572918375
          ],
          [
            -118.65427454284435,
            37.23150425418325
          ],
          [
            -118.6543680886994,
            37.23156153439066
          ],
          [
            -118.65438738141582,
            37.23160633335205
          ],
          [
            -118.65443172726327,
            37.231668806271735
          ],
          [
            -118.6545127481153,
            37.2317172479375
          ],
          [
            -118.65460000438455,
            37.231761093769045
          ],
          [
            -118.65468696377901,
            37.231807201059176
          ],
          [
            -118.65481193047647,
            37.231900096892886
          ],
          [
            -118.65498006593032,
            37.231985630222844
          ],
          [
            -118.65509844408386,
            37.23206735313924
          ],
          [
            -118.65526717329072,
            37.23217991355524
          ],
          [
            -118.65540396915436,
            37.23225011251089
          ],
          [
            -118.6554973212585,
            37.23229838021743
          ],
          [
            -118.65561515774252,
            37.232355319798145
          ],
          [
            -118.65578235777491,
            37.232398054165685
          ],
          [
            -118.65593643280297,
            37.23242069061554
          ],
          [
            -118.6560721015775,
            37.232439079149614
          ],
          [
            -118.65621366201742,
            37.23243710309792
          ],
          [
            -118.65631191099192,
            37.232435732257656
          ],
          [
            -118.65641000579896,
            37.23242760204175
          ],
          [
            -118.65651439748186,
            37.23241713224179
          ],
          [
            -118.65658834541073,
            37.2324160999449
          ],
          [
            -118.6566985714688,
            37.232398788477234
          ],
          [
            -118.6567600964784,
            37.23239342076415
          ],
          [
            -118.65688858503923,
            37.23237360200329
          ],
          [
            -118.65693734337789,
            37.23234813533078
          ],
          [
            -118.65699826942793,
            37.232331512408265
          ],
          [
            -118.65705400902087,
            37.23233523740472
          ],
          [
            -118.65709721632086,
            37.23234590302775
          ],
          [
            -118.65712869133021,
            37.2323837707376
          ],
          [
            -118.65720318093021,
            37.23242328948631
          ],
          [
            -118.65727197886234,
            37.23246062906846
          ],
          [
            -118.65737730180172,
            37.23250873531588
          ],
          [
            -118.65747040286281,
            37.232545736354695
          ],
          [
            -118.6575818643439,
            37.23258473843409
          ],
          [
            -118.65769971540962,
            37.23262590822157
          ],
          [
            -118.65779840813637,
            37.23264480613327
          ],
          [
            -118.65790398107526,
            37.23268839779682
          ],
          [
            -118.65803395818365,
            37.232720381124295
          ],
          [
            -118.65809542798645,
            37.23272853424579
          ],
          [
            -118.65816991966808,
            37.23275227903459
          ],
          [
            -118.65823219155644,
            37.23278070299142
          ],
          [
            -118.65831310407637,
            37.23284041236663
          ],
          [
            -118.658400123886,
            37.232872992572055
          ],
          [
            -118.6584802582752,
            37.23288088735896
          ],
          [
            -118.65852890932341,
            37.23286668631252
          ],
          [
            -118.65861085829474,
            37.23286103734794
          ],
          [
            -118.65865421976042,
            37.23286268317841
          ],
          [
            -118.65870830518524,
            37.232855166507285
          ],
          [
            -118.65874945623341,
            37.232852339420795
          ],
          [
            -118.65879206353209,
            37.2328517425428
          ],
          [
            -118.65884016041429,
            37.2328443102471
          ],
          [
            -118.65889183750222,
            37.23280753836495
          ],
          [
            -118.65892338646329,
            37.23278456336051
          ],
          [
            -118.65898582605566,
            37.23277242064666
          ],
          [
            -118.65902777814615,
            37.23277409147725
          ],
          [
            -118.65910611565634,
            37.232748210219256
          ],
          [
            -118.65917836566507,
            37.232717905002986
          ],
          [
            -118.6592253677517,
            37.23267669041241
          ],
          [
            -118.65928216984315,
            37.23266462686562
          ],
          [
            -118.65933302610226,
            37.23267067477936
          ],
          [
            -118.65938312819429,
            37.23267448519289
          ],
          [
            -118.65943186153808,
            37.23269633727497
          ],
          [
            -118.65947873654952,
            37.2327294789416
          ],
          [
            -118.65950976155825,
            37.23276284248437
          ],
          [
            -118.65954104177492,
            37.23279169873502
          ],
          [
            -118.65956860324002,
            37.23281159144336
          ],
          [
            -118.65959575220647,
            37.23284501123641
          ],
          [
            -118.65966169805283,
            37.23286436852539
          ],
          [
            -118.66008948146312,
            37.23291922579272
          ],
          [
            -118.66010867834572,
            37.232959516420316
          ],
          [
            -118.66013935439604,
            37.23299288621308
          ],
          [
            -118.66017631378226,
            37.233039687256756
          ],
          [
            -118.66020367108138,
            37.233066342465825
          ],
          [
            -118.66024077421834,
            37.23311990288512
          ],
          [
            -118.6602692877681,
            37.23315104976118
          ],
          [
            -118.66031143881796,
            37.233161724759256
          ],
          [
            -118.66035438674508,
            37.23319266955099
          ],
          [
            -118.66039477841962,
            37.2332033737159
          ],
          [
            -118.66045403884654,
            37.23320704767047
          ],
          [
            -118.66050761177394,
            37.23322432371012
          ],
          [
            -118.66059150866664,
            37.233259203916
          ],
          [
            -118.6606351670089,
            37.23327436641447
          ],
          [
            -118.66068431389297,
            37.23328269245351
          ],
          [
            -118.66076425140612,
            37.2332815726562
          ],
          [
            -118.66083800662558,
            37.23327152785848
          ],
          [
            -118.66091759205365,
            37.233254641392925
          ],
          [
            -118.66099742852457,
            37.233249014303546
          ],
          [
            -118.66112067750491,
            37.23326306221303
          ],
          [
            -118.6612011598125,
            37.23328672158475
          ],
          [
            -118.6612760442062,
            37.23334426116847
          ],
          [
            -118.6613388556807,
            37.233397457002596
          ],
          [
            -118.66141364632387,
            37.23345049137762
          ],
          [
            -118.66153164426534,
            37.23349840908239
          ],
          [
            -118.6616185109509,
            37.23354000803874
          ],
          [
            -118.66176170577421,
            37.2336123601192
          ],
          [
            -118.66187381621694,
            37.23368064240975
          ],
          [
            -118.6620112652088,
            37.23378011220156
          ],
          [
            -118.66221683088109,
            37.2339011653241
          ],
          [
            -118.66231057673716,
            37.233967447615676
          ],
          [
            -118.66234899237557,
            37.234032253869366
          ],
          [
            -118.6623871528044,
            37.23408579866359
          ],
          [
            -118.66244382990388,
            37.234148097624015
          ],
          [
            -118.66253817159635,
            37.23424141429324
          ],
          [
            -118.66264434870496,
            37.23431203095942
          ],
          [
            -118.6627001778835,
            37.23433603512455
          ],
          [
            -118.66278793832363,
            37.23441817366811
          ],
          [
            -118.66286377063707,
            37.234502737212786
          ],
          [
            -118.66297756650502,
            37.23464760388562
          ],
          [
            -118.66307819674164,
            37.23475435284736
          ],
          [
            -118.66314091342394,
            37.234803044514436
          ],
          [
            -118.6631851634376,
            37.23486100805867
          ],
          [
            -118.66327366658993,
            37.23497694035545
          ],
          [
            -118.66332470306513,
            37.235055091401215
          ],
          [
            -118.66337509578715,
            37.23510395390246
          ],
          [
            -118.6634376593455,
            37.23516166119545
          ],
          [
            -118.66348730935535,
            37.235176738276756
          ],
          [
            -118.66352428019474,
            37.235176218482515
          ],
          [
            -118.66357313020232,
            37.23517103097862
          ],
          [
            -118.6636096624978,
            37.23515023826571
          ],
          [
            -118.6636888572988,
            37.235115328881804
          ],
          [
            -118.66379319481476,
            37.23510260179002
          ],
          [
            -118.6638361625301,
            37.23510199866193
          ],
          [
            -118.66388581254,
            37.235117075743325
          ],
          [
            -118.66391699379783,
            37.23514142470184
          ],
          [
            -118.66394872193342,
            37.23519055074612
          ],
          [
            -118.6639842719444,
            37.23523737053987
          ],
          [
            -118.66400623862054,
            37.235291143460266
          ],
          [
            -118.66400693341579,
            37.23532267471327
          ],
          [
            -118.66398367820875,
            37.23537031951119
          ],
          [
            -118.66397798237765,
            37.23539969451443
          ],
          [
            -118.66401595218043,
            37.235444228891126
          ],
          [
            -118.66407777094334,
            37.2354681465975
          ],
          [
            -118.66411519490997,
            37.23548789972184
          ],
          [
            -118.66412880950193,
            37.23554629660153
          ],
          [
            -118.66410524596178,
            37.23559619764972
          ],
          [
            -118.66406956679391,
            37.23563951015642
          ],
          [
            -118.66411332305499,
            37.23567494974015
          ],
          [
            -118.6641682668123,
            37.23565840702641
          ],
          [
            -118.66421692515046,
            37.23562842993679
          ],
          [
            -118.6642774543234,
            37.235593784095876
          ],
          [
            -118.66431942411704,
            37.23554812783852
          ],
          [
            -118.6643678824542,
            37.235509142414706
          ],
          [
            -118.66442916058759,
            37.23549250907549
          ],
          [
            -118.66448380746837,
            37.23546245177712
          ],
          [
            -118.66454463560123,
            37.23544131843752
          ],
          [
            -118.6645945824876,
            37.23546991218684
          ],
          [
            -118.66460135853431,
            37.23550586739818
          ],
          [
            -118.6646454220869,
            37.23553905073172
          ],
          [
            -118.66472600751999,
            37.23556721010386
          ],
          [
            -118.66479970544925,
            37.23557068509906
          ],
          [
            -118.66484945337629,
            37.235590264264175
          ],
          [
            -118.6649048367192,
            37.235593995510705
          ],
          [
            -118.66496087319047,
            37.23562700801002
          ],
          [
            -118.66499230340783,
            37.23566262051134
          ],
          [
            -118.66502323778946,
            37.23567570176044
          ],
          [
            -118.66506625342001,
            37.23566158300611
          ],
          [
            -118.66513297634327,
            37.23562008924741
          ],
          [
            -118.66518073467859,
            37.235565339238796
          ],
          [
            -118.66522295551349,
            37.23551517464763
          ],
          [
            -118.66526488051524,
            37.235467268390074
          ],
          [
            -118.66529462530734,
            37.23542629130066
          ],
          [
            -118.6653433753127,
            37.23540082150319
          ],
          [
            -118.66539232532077,
            37.23540013399972
          ],
          [
            -118.6654358930375,
            37.23541078816441
          ],
          [
            -118.66545495033598,
            37.23544431837466
          ],
          [
            -118.66546856284458,
            37.23550271108773
          ],
          [
            -118.66547030139506,
            37.23558155172025
          ],
          [
            -118.6654716909855,
            37.23564462360132
          ],
          [
            -118.6654612034928,
            37.23572814548515
          ],
          [
            -118.66547516600316,
            37.2358023059081
          ],
          [
            -118.66551976393522,
            37.23587603716218
          ],
          [
            -118.66561910874861,
            37.2359242132016
          ],
          [
            -118.66572573273451,
            37.23601510278638
          ],
          [
            -118.66580068171007,
            37.23605911736883
          ],
          [
            -118.66589532861234,
            37.23616594445601
          ],
          [
            -118.6660018484328,
            37.2362680986252
          ],
          [
            -118.66609506303605,
            37.23630960070611
          ],
          [
            -118.66618213180433,
            37.236344434036816
          ],
          [
            -118.66626227036015,
            37.236352320490354
          ],
          [
            -118.66633567037124,
            37.236342276734234
          ],
          [
            -118.66640908079728,
            37.23631646110164
          ],
          [
            -118.66647550476067,
            37.236261448591705
          ],
          [
            -118.6665112308038,
            37.236220388168555
          ],
          [
            -118.66656523601296,
            37.23614527253249
          ],
          [
            -118.66664452456622,
            37.23613063815057
          ],
          [
            -118.66669338186371,
            37.23610967043684
          ],
          [
            -118.6667299058258,
            37.23608887980725
          ],
          [
            -118.66676633812078,
            37.23606358292731
          ],
          [
            -118.66682033812332,
            37.23600423604275
          ],
          [
            -118.66688086729621,
            37.23596958916018
          ],
          [
            -118.6669449120965,
            37.235950664153904
          ],
          [
            -118.66700342148141,
            37.23595209331667
          ],
          [
            -118.66706775482824,
            37.23597823185641
          ],
          [
            -118.66714607984359,
            37.23599965997805
          ],
          [
            -118.66720162047889,
            37.23601014851689
          ],
          [
            -118.66727566944985,
            37.23601361309538
          ],
          [
            -118.66734328612769,
            37.236012663090655
          ],
          [
            -118.66747152781222,
            37.23598157141202
          ],
          [
            -118.66757601845391,
            37.23597559432086
          ],
          [
            -118.66768659451381,
            37.235974040146374
          ],
          [
            -118.66779118828104,
            37.23597257034734
          ],
          [
            -118.66789522892044,
            37.235946323462535
          ],
          [
            -118.66801723518606,
            37.23590404949166
          ],
          [
            -118.66812706540884,
            37.23586870677224
          ],
          [
            -118.66817626749972,
            37.235863505726684
          ],
          [
            -118.66825630709673,
            37.23586688905476
          ],
          [
            -118.66831812794294,
            37.235890806761134
          ],
          [
            -118.66838049983185,
            37.23592372759335
          ],
          [
            -118.66843099567936,
            37.235977098428386
          ],
          [
            -118.66845674360559,
            37.23602630572304
          ],
          [
            -118.66848233319949,
            37.23608452968527
          ],
          [
            -118.6685146155029,
            37.236142664063685
          ],
          [
            -118.66856436134827,
            37.23617801406368
          ],
          [
            -118.66868202595462,
            37.23621015780863
          ],
          [
            -118.66877503534857,
            37.23624265259704
          ],
          [
            -118.66888715308292,
            37.23631092447085
          ],
          [
            -118.66901768956909,
            37.236367676550664
          ],
          [
            -118.66911624062841,
            37.23637980675337
          ],
          [
            -118.66924618023656,
            37.236409525497244
          ],
          [
            -118.66927811149817,
            37.236467664042365
          ],
          [
            -118.66929172921508,
            37.236526055713725
          ],
          [
            -118.6692933698484,
            37.23660038905421
          ],
          [
            -118.66932505215046,
            37.236647263014895
          ],
          [
            -118.66937505112038,
            37.236678105722724
          ],
          [
            -118.66941801362746,
            37.23667750051139
          ],
          [
            -118.66949152301234,
            37.236656190087565
          ],
          [
            -118.66955279698075,
            37.23665532758319
          ],
          [
            -118.66968812304516,
            37.23665792757408
          ],
          [
            -118.66977475326946,
            37.236672481736136
          ],
          [
            -118.66984820223911,
            37.236664687980266
          ],
          [
            -118.6699099782917,
            37.23667057860156
          ],
          [
            -118.66997110850934,
            37.236662958804935
          ],
          [
            -118.67000180017955,
            37.23664900984311
          ],
          [
            -118.6700687637291,
            37.23661877337721
          ],
          [
            -118.67011118352502,
            37.23659339108011
          ],
          [
            -118.67015379707198,
            37.23657701815887
          ],
          [
            -118.67019087624529,
            37.236581000448375
          ],
          [
            -118.67024062313232,
            37.23661635357334
          ],
          [
            -118.67029086481188,
            37.2366584577406
          ],
          [
            -118.67034051586344,
            37.23667353169697
          ],
          [
            -118.67039680337761,
            37.23671780669737
          ],
          [
            -118.670403986718,
            37.23677178482714
          ],
          [
            -118.67043592214453,
            37.23681414732904
          ],
          [
            -118.67050427945112,
            37.23684698170249
          ],
          [
            -118.67053526383293,
            37.23686231816017
          ],
          [
            -118.67061530551325,
            37.236865700446614
          ],
          [
            -118.67065862218871,
            37.23688086294511
          ],
          [
            -118.6706896576125,
            37.236898451486304
          ],
          [
            -118.67072677949433,
            37.236904690026016
          ],
          [
            -118.67076350866579,
            37.236892902522314
          ],
          [
            -118.6707874159577,
            37.23685876918403
          ],
          [
            -118.67081121908248,
            37.236820126470285
          ],
          [
            -118.67082853678873,
            37.23677482125633
          ],
          [
            -118.67089515346319,
            37.236744588957066
          ],
          [
            -118.67095219826427,
            37.2367437847864
          ],
          [
            -118.67102856598659,
            37.23675623061564
          ],
          [
            -118.67109450870971,
            37.23679135248947
          ],
          [
            -118.67115925351517,
            37.23681973477944
          ],
          [
            -118.67122514936126,
            37.2368368316515
          ],
          [
            -118.6713264212522,
            37.23682864414369
          ],
          [
            -118.67136701709443,
            37.23684835351776
          ],
          [
            -118.67142325773165,
            37.23687459934978
          ],
          [
            -118.67143949940633,
            37.236923942061765
          ],
          [
            -118.67146358274948,
            37.23697768164868
          ],
          [
            -118.67150251817523,
            37.237001919148305
          ],
          [
            -118.67157802652173,
            37.237007617060314
          ],
          [
            -118.67161254006903,
            37.237007129557846
          ],
          [
            -118.6716728609128,
            37.23701078892903
          ],
          [
            -118.67171601925591,
            37.237034966011706
          ],
          [
            -118.67175269530387,
            37.237036701426
          ],
          [
            -118.67184898386037,
            37.237026331626645
          ],
          [
            -118.67189184636695,
            37.237021220164884
          ],
          [
            -118.67193481304069,
            37.237020614953494
          ],
          [
            -118.67197218492376,
            37.237038118077606
          ],
          [
            -118.67199114743006,
            37.23706713995409
          ],
          [
            -118.67199184326694,
            37.237098676415464
          ],
          [
            -118.67199249118688,
            37.23712796079326
          ],
          [
            -118.6720055630677,
            37.23716157537894
          ],
          [
            -118.67204862974197,
            37.2371654774597
          ],
          [
            -118.67207282974371,
            37.23714485349764
          ],
          [
            -118.67212737349901,
            37.237110287865555
          ],
          [
            -118.67219454329953,
            37.23708905973379
          ],
          [
            -118.67228061935441,
            37.23707883472683
          ],
          [
            -118.67236644853469,
            37.237073120137
          ],
          [
            -118.67245926209426,
            37.23709659929948
          ],
          [
            -118.67253306106575,
            37.23710457012848
          ],
          [
            -118.67260122566297,
            37.23712839512608
          ],
          [
            -118.6726749777574,
            37.23711834199499
          ],
          [
            -118.67273546109682,
            37.23708143573721
          ],
          [
            -118.67278421006046,
            37.23705596281465
          ],
          [
            -118.67285182673824,
            37.23705500968489
          ],
          [
            -118.67290756737464,
            37.23707450551627
          ],
          [
            -118.67293321217538,
            37.23711920551879
          ],
          [
            -118.67295841530719,
            37.237143636769424
          ],
          [
            -118.67300836636026,
            37.23717222739373
          ],
          [
            -118.67308241533296,
            37.23719146384885
          ],
          [
            -118.67319963306205,
            37.23720332738354
          ],
          [
            -118.67330432162143,
            37.237206359668214
          ],
          [
            -118.67340855913857,
            37.23720488986915
          ],
          [
            -118.6735191904053,
            37.23718980861003
          ],
          [
            -118.67359833312273,
            37.237152641934244
          ],
          [
            -118.67364698521254,
            37.23713843567952
          ],
          [
            -118.67371450084818,
            37.237132974215974
          ],
          [
            -118.6738010821139,
            37.23714527421116
          ],
          [
            -118.67390596650931,
            37.23717308878991
          ],
          [
            -118.67395581860352,
            37.23719717108044
          ],
          [
            -118.6740237842414,
            37.237211984618845
          ],
          [
            -118.67409944050699,
            37.23724021065804
          ],
          [
            -118.67413320092895,
            37.23723747940537
          ],
          [
            -118.67417923218609,
            37.237232326276704
          ],
          [
            -118.67427084469963,
            37.23721751168555
          ],
          [
            -118.67432990929217,
            37.23721217001427
          ],
          [
            -118.67438806555204,
            37.237213606468735
          ],
          [
            -118.67444113847863,
            37.237224122091085
          ],
          [
            -118.67448073015255,
            37.23723032313057
          ],
          [
            -118.67455161662132,
            37.23721805749949
          ],
          [
            -118.67457641871114,
            37.237240236666565
          ],
          [
            -118.67461002392406,
            37.23723075124667
          ],
          [
            -118.67465470621937,
            37.237196322073515
          ],
          [
            -118.67468243226342,
            37.23717564915295
          ],
          [
            -118.67472283226785,
            37.23715480331476
          ],
          [
            -118.67479311665197,
            37.23713127622429
          ],
          [
            -118.67486626770342,
            37.237109966842155
          ],
          [
            -118.67494731563198,
            37.237095302251745
          ],
          [
            -118.67503244064544,
            37.237089590786994
          ],
          [
            -118.67510735211393,
            37.23706825744632
          ],
          [
            -118.67515726149493,
            37.23704727098249
          ],
          [
            -118.67520118546003,
            37.23704214806227
          ],
          [
            -118.67525828234295,
            37.23702781993193
          ],
          [
            -118.67530396984651,
            37.2369911251335
          ],
          [
            -118.67532736568096,
            37.23696600533783
          ],
          [
            -118.67539347402473,
            37.23696056679101
          ],
          [
            -118.67547225737222,
            37.23697071886986
          ],
          [
            -118.67551245113076,
            37.2369881813688
          ],
          [
            -118.67556989072895,
            37.237036941786215
          ],
          [
            -118.6755771782365,
            37.23709542199971
          ],
          [
            -118.67559628970187,
            37.23713120741855
          ],
          [
            -118.67562148866702,
            37.23715563658582
          ],
          [
            -118.67564080325673,
            37.237184653254005
          ],
          [
            -118.67568441993375,
            37.237213331378776
          ],
          [
            -118.67575192931936,
            37.237207869915224
          ],
          [
            -118.67579474703398,
            37.237200508453164
          ],
          [
            -118.67578965849589,
            37.23724113970747
          ],
          [
            -118.67577164182941,
            37.23727068346162
          ],
          [
            -118.67575432828983,
            37.23731599492557
          ],
          [
            -118.67579180642342,
            37.237337999091764
          ],
          [
            -118.67584624288655,
            37.237298923042516
          ],
          [
            -118.67588251997418,
            37.23728263866342
          ],
          [
            -118.67592029706762,
            37.23731815533095
          ],
          [
            -118.67595168457638,
            37.237351513665324
          ],
          [
            -118.67598901270928,
            37.23736675949757
          ],
          [
            -118.67605647313628,
            37.237359045950456
          ],
          [
            -118.67613601481409,
            37.237339898026384
          ],
          [
            -118.6761906575282,
            37.237309832394665
          ],
          [
            -118.67622708669816,
            37.23728453238969
          ],
          [
            -118.67628222316485,
            37.23727699280184
          ],
          [
            -118.67631990234109,
            37.23730800634389
          ],
          [
            -118.67635737318305,
            37.23733001051009
          ],
          [
            -118.67643077944413,
            37.23731996050399
          ],
          [
            -118.67646131798865,
            37.237299247999836
          ],
          [
            -118.67650952111791,
            37.237264769868176
          ],
          [
            -118.67654050758304,
            37.23728010424249
          ],
          [
            -118.67652938466868,
            37.23731856778869
          ],
          [
            -118.67650518050023,
            37.23733918654239
          ],
          [
            -118.67648138050049,
            37.23737782925613
          ],
          [
            -118.67651256800828,
            37.23740217404802
          ],
          [
            -118.67654908988712,
            37.23738137716845
          ],
          [
            -118.67659809510205,
            37.23736716883033
          ],
          [
            -118.67664004199105,
            37.23743191883374
          ],
          [
            -118.67663817637039,
            37.23747475633801
          ],
          [
            -118.67663751699891,
            37.23750856259137
          ],
          [
            -118.67664395450387,
            37.237544527177754
          ],
          [
            -118.67661798991851,
            37.2375651761399
          ],
          [
            -118.67660575763044,
            37.237617171979124
          ],
          [
            -118.67661213888513,
            37.23765087927362
          ],
          [
            -118.6766359774354,
            37.237693358442776
          ],
          [
            -118.67664865348426,
            37.23774049282148
          ],
          [
            -118.67662907848349,
            37.23776330428337
          ],
          [
            -118.67656719097555,
            37.23778445949806
          ],
          [
            -118.6765094388844,
            37.237801048045355
          ],
          [
            -118.67647517637832,
            37.237797023047314
          ],
          [
            -118.67643346699913,
            37.23782239805267
          ],
          [
            -118.6764371826291,
            37.237862904306354
          ],
          [
            -118.67639386595711,
            37.237879288685974
          ],
          [
            -118.6764037711707,
            37.237912952230225
          ],
          [
            -118.67645875243342,
            37.23794597410464
          ],
          [
            -118.67652530869773,
            37.23797657931133
          ],
          [
            -118.67656987433448,
            37.238016508478765
          ],
          [
            -118.67660720350901,
            37.23803175431099
          ],
          [
            -118.6766269712243,
            37.23806527202121
          ],
          [
            -118.67662374310193,
            37.23809461160765
          ],
          [
            -118.67662483686091,
            37.23817571369877
          ],
          [
            -118.67666417749356,
            37.238186422030424
          ],
          [
            -118.67674331500783,
            37.23819657306757
          ],
          [
            -118.67683185981305,
            37.23818630431043
          ],
          [
            -118.67692055670238,
            37.2381827990956
          ],
          [
            -118.67700029629955,
            37.23818843242397
          ],
          [
            -118.67706765256283,
            37.238207762629514
          ],
          [
            -118.67712877549225,
            37.23823168450261
          ],
          [
            -118.67718280571363,
            37.23826922200248
          ],
          [
            -118.67724664010301,
            37.23830437408481
          ],
          [
            -118.67731183490912,
            37.23833725116683
          ],
          [
            -118.67734328074977,
            37.23835708866656
          ],
          [
            -118.67738301513451,
            37.23838581470824
          ],
          [
            -118.67743080264873,
            37.23844372929395
          ],
          [
            -118.67745877036751,
            37.238497408463864
          ],
          [
            -118.67751425059106,
            37.238552955340445
          ],
          [
            -118.67760938186208,
            37.238601185546834
          ],
          [
            -118.67766512041514,
            37.238620675128224
          ],
          [
            -118.67770853292447,
            37.238640342835424
          ],
          [
            -118.67774616001711,
            37.23866910116898
          ],
          [
            -118.6777470121048,
            37.23870739492263
          ],
          [
            -118.67772291210353,
            37.238732519926764
          ],
          [
            -118.67769262460025,
            37.23874872201372
          ],
          [
            -118.67766253084797,
            37.23877393347662
          ],
          [
            -118.67766358085326,
            37.23882123660613
          ],
          [
            -118.67770045898557,
            37.23883198452132
          ],
          [
            -118.67774342045098,
            37.23883137826826
          ],
          [
            -118.67777984857926,
            37.23880607201329
          ],
          [
            -118.6778099392048,
            37.23876508867387
          ],
          [
            -118.67785215170811,
            37.23873069387593
          ],
          [
            -118.67791278504825,
            37.238700546993776
          ],
          [
            -118.67801717568938,
            37.238690054277164
          ],
          [
            -118.67806647882252,
            37.23868935739871
          ],
          [
            -118.67809751841288,
            37.238706946981615
          ],
          [
            -118.67812281737854,
            37.238735878232625
          ],
          [
            -118.67814827155331,
            37.23877157302601
          ],
          [
            -118.67819752364623,
            37.238784392815525
          ],
          [
            -118.67824063927732,
            37.23877477093659
          ],
          [
            -118.67826449136237,
            37.23875415634957
          ],
          [
            -118.67836495596613,
            37.23878878551267
          ],
          [
            -118.67843356952224,
            37.238817108427334
          ],
          [
            -118.6784738664063,
            37.238839071968314
          ],
          [
            -118.67850238932938,
            37.23885444280116
          ],
          [
            -118.6785494768418,
            37.238896586552016
          ],
          [
            -118.67861607685809,
            37.23894521467709
          ],
          [
            -118.67867377895583,
            37.23898946571908
          ],
          [
            -118.67869576021188,
            37.23901168759473
          ],
          [
            -118.67873474876123,
            37.23902240217641
          ],
          [
            -118.67877363939333,
            37.2390286115493
          ],
          [
            -118.67881036127483,
            37.23903260113047
          ],
          [
            -118.67888014149486,
            37.23903386466741
          ],
          [
            -118.67899957380813,
            37.23905020007741
          ],
          [
            -118.6791243925811,
            37.23907096777909
          ],
          [
            -118.67925549677325,
            37.23910516256499
          ],
          [
            -118.67928467074127,
            37.239149816733956
          ],
          [
            -118.67930287283396,
            37.239208141738324
          ],
          [
            -118.67936067597383,
            37.239256900072405
          ],
          [
            -118.6794520832849,
            37.239296164653226
          ],
          [
            -118.67952005412941,
            37.23929520423177
          ],
          [
            -118.67961609268637,
            37.23928933547453
          ],
          [
            -118.67970760103968,
            37.23933310734743
          ],
          [
            -118.67979961043709,
            37.239399400055845
          ],
          [
            -118.67986350108019,
            37.239468349016406
          ],
          [
            -118.67992114692935,
            37.239526115684704
          ],
          [
            -118.67995097506565,
            37.239584277146626
          ],
          [
            -118.679979751115,
            37.239610911522185
          ],
          [
            -118.68003595216342,
            37.2395875823494
          ],
          [
            -118.68009683029301,
            37.2395371490069
          ],
          [
            -118.68015302509149,
            37.23951381983411
          ],
          [
            -118.68019276884947,
            37.23952677816592
          ],
          [
            -118.68021646469063,
            37.23956249170944
          ],
          [
            -118.6802288344897,
            37.23961188858836
          ],
          [
            -118.68020176261561,
            37.239661847970126
          ],
          [
            -118.68013459281688,
            37.23969884902001
          ],
          [
            -118.68007326260332,
            37.2397447844454
          ],
          [
            -118.68006279385554,
            37.239780983408
          ],
          [
            -118.68009177094753,
            37.23981662611778
          ],
          [
            -118.68015400429064,
            37.23981123652958
          ],
          [
            -118.6801987782548,
            37.23979708235843
          ],
          [
            -118.68025558034793,
            37.23980078652151
          ],
          [
            -118.68029617723359,
            37.239836260480494
          ],
          [
            -118.6803930241279,
            37.23986643651836
          ],
          [
            -118.68052870748406,
            37.23986902296759
          ],
          [
            -118.68058570853654,
            37.23988173650653
          ],
          [
            -118.6806948210628,
            37.239956799006215
          ],
          [
            -118.68080932525534,
            37.240020521921146
          ],
          [
            -118.68094143153586,
            37.24009977087803
          ],
          [
            -118.68099953051062,
            37.24016203650503
          ],
          [
            -118.68105648156458,
            37.24018827087863
          ],
          [
            -118.68113038574485,
            37.2402007406664
          ],
          [
            -118.68123116596489,
            37.24015425107156
          ],
          [
            -118.681269957633,
            37.24010863439773
          ],
          [
            -118.68131403263538,
            37.240062945848614
          ],
          [
            -118.68140997640018,
            37.24005256979923
          ],
          [
            -118.68145570453416,
            37.240065442714
          ],
          [
            -118.6815462118407,
            37.240064160415955
          ],
          [
            -118.68164718789502,
            37.240026679155264
          ],
          [
            -118.6817199931114,
            37.23998959372996
          ],
          [
            -118.68177105666147,
            37.239988868726336
          ],
          [
            -118.68185084834566,
            37.240028296849616
          ],
          [
            -118.68195307648797,
            37.240031356217806
          ],
          [
            -118.68200871920199,
            37.239999020794144
          ],
          [
            -118.68204605461625,
            37.239919627033856
          ],
          [
            -118.68207005982367,
            37.23987421973609
          ],
          [
            -118.68210165773986,
            37.239821948895504
          ],
          [
            -118.68214386919973,
            37.23977178013771
          ],
          [
            -118.682198509834,
            37.23977325721739
          ],
          [
            -118.68225983588594,
            37.23977463950494
          ],
          [
            -118.68231814735485,
            37.239782824918315
          ],
          [
            -118.6823502952756,
            37.23977110616494
          ],
          [
            -118.68237912444503,
            37.239752670744494
          ],
          [
            -118.68244462966585,
            37.239767514491376
          ],
          [
            -118.68248497134182,
            37.23979172907432
          ],
          [
            -118.68254297864428,
            37.239802171779615
          ],
          [
            -118.6825827744824,
            37.23978583427527
          ],
          [
            -118.68262554532006,
            37.239760441561515
          ],
          [
            -118.68265814324309,
            37.239768991560055
          ],
          [
            -118.68268404950004,
            37.23979340926896
          ],
          [
            -118.68270311513187,
            37.2398269415626
          ],
          [
            -118.68272218076534,
            37.23987624260775
          ],
          [
            -118.6827371682705,
            37.23990081552576
          ],
          [
            -118.68277007452666,
            37.239907110315755
          ],
          [
            -118.68280222244736,
            37.239895384270675
          ],
          [
            -118.68284508703384,
            37.239858725930794
          ],
          [
            -118.68287653911773,
            37.23981546550775
          ],
          [
            -118.68295149954132,
            37.23976483216429
          ],
          [
            -118.6830013089201,
            37.239723566531815
          ],
          [
            -118.68306626413815,
            37.239713633193006
          ],
          [
            -118.68309594643686,
            37.239733491526216
          ],
          [
            -118.68311455373474,
            37.23976251756944
          ],
          [
            -118.68313311832411,
            37.2397892967374
          ],
          [
            -118.68316944437197,
            37.23979103423505
          ],
          [
            -118.68320873812598,
            37.23976794360509
          ],
          [
            -118.68323303708316,
            37.23972027901546
          ],
          [
            -118.68324722353962,
            37.23968129880234
          ],
          [
            -118.68325694228835,
            37.23965459671575
          ],
          [
            -118.68332451312567,
            37.23958829253792
          ],
          [
            -118.68339534958905,
            37.239526448777
          ],
          [
            -118.68350668918579,
            37.23947980605642
          ],
          [
            -118.68357858190278,
            37.2394494925068
          ],
          [
            -118.68363181732327,
            37.239403669581975
          ],
          [
            -118.68371729128833,
            37.23933486227771
          ],
          [
            -118.68375573191301,
            37.23927347581074
          ],
          [
            -118.68380449336985,
            37.23918490600705
          ],
          [
            -118.68383613816302,
            37.239150660168214
          ],
          [
            -118.6838962621239,
            37.23908221015738
          ],
          [
            -118.68392820795862,
            37.23904570181829
          ],
          [
            -118.68394511733122,
            37.23899814243748
          ],
          [
            -118.6839621746213,
            37.23895734243231
          ],
          [
            -118.68399070170591,
            37.23892539242723
          ],
          [
            -118.68403638295777,
            37.238872920544004
          ],
          [
            -118.68408267046101,
            37.238831705953416
          ],
          [
            -118.68409551420994,
            37.23880239969969
          ]
        ],
        "type": "LineString"
      },
      "properties": {
        "bicycle": null,
        "crosscountryski": null,
        "dogsled": null,
        "ebike": null,
        "electricwatercraft": null,
        "feature_id": "{EDBD04BD-D0FF-4A29-B88E-EBE89757E03F}",
        "globalid": "{B161602D-6E8D-4A79-9AFD-FDA28AE58C5A}",
        "hikerpedestrian": null,
        "icewatercraft": null,
        "lengthmiles": 4.6101247,
        "livestock": null,
        "loaddate": 1777310283000,
        "maplabel": null,
        "motorcycle": null,
        "name": "PIUTE PASS",
        "namealternate": null,
        "nationaltraildesignation": null,
        "networklength": 4481.21651792,
        "nonmotorizedwatercraft": null,
        "objectid": 2475567,
        "ohvisorunder50inches": null,
        "ohvover50inches": null,
        "osvm": null,
        "packsaddle": null,
        "permanentidentifier": "{EDBD04BD-D0FF-4A29-B88E-EBE89757E03F}",
        "pets": null,
        "primarytrailmaintainer": "FS",
        "publisheddate": null,
        "routetype": "Trail",
        "seasonopen": null,
        "shape_Length": 0.07791350911162909,
        "snowshoe": null,
        "sourcedatadecscription": "USFS Trails Update 03/2026",
        "sourcedatasetid": "{8CC4DB36-D0BE-4189-88C7-64C3569EB754}",
        "sourceeditdate": 1774742400000,
        "sourcefeatureid": "6056",
        "sourceoriginator": "U.S. Forest Service",
        "trailnumber": "3001",
        "trailnumberalternate": null,
        "trailsurface": "Unpaved Native",
        "trailtype": "Terra Trail"
      },
      "type": "Feature"
    }
  ],
  "type": "FeatureCollection",
  "wayproof": {
    "artifact_format_version": 1,
    "classification": "public_domain",
    "normalized_coordinate_reference_system": "EPSG:4326",
    "retrieved_at": "2026-09-24T22:00:00+00:00",
    "selection": {
      "feature_ids": [
        "{1F922F54-531F-4EF0-BA20-21BDB36535B4}",
        "{45370059-EF96-45D5-B604-31AEF96807FC}",
        "{6A9DF0BF-0EAF-428F-9A2E-83EC0DE68B37}",
        "{C72B1C66-6B1C-40E3-A59D-E2AA1735184D}",
        "{CABB3CC7-9F45-4FA1-9055-1834D48C5145}",
        "{E3B81976-03C0-4B83-BF3E-BCCBDFC0EEB8}",
        "{EDBD04BD-D0FF-4A29-B88E-EBE89757E03F}"
      ]
    },
    "source_coordinate_reference_system": "EPSG:4269",
    "source_id": "source-usgs-national-digital-trails-eastern-sierra-20260924",
    "source_layer": 0,
    "source_locator": "https://partnerships.nationalmap.gov/arcgis/rest/services/USGSTrails/MapServer/0"
  }
}
