{
  "features": [
    {
      "geometry": {
        "coordinates": [
          [
            -118.62863162763108,
            37.22654344610287
          ],
          [
            -118.62863850991775,
            37.22648701901353
          ],
          [
            -118.62869562447362,
            37.226145991893056
          ],
          [
            -118.62857295569391,
            37.22605979710146
          ],
          [
            -118.62857104319129,
            37.226038791891234
          ]
        ],
        "type": "LineString"
      },
      "properties": {
        "bicycle": null,
        "crosscountryski": null,
        "dogsled": null,
        "ebike": null,
        "electricwatercraft": null,
        "feature_id": "{197DBD9A-C332-4B2F-988D-8FE66A2C7FD0}",
        "globalid": "{C0A78DD1-2E3F-42D8-AEA0-2019C895ACDF}",
        "hikerpedestrian": null,
        "icewatercraft": null,
        "lengthmiles": 0.03809463,
        "livestock": null,
        "loaddate": 1777310283000,
        "maplabel": "LAMARCK LAKES",
        "motorcycle": null,
        "name": "LAMARCK LAKES",
        "namealternate": null,
        "nationaltraildesignation": null,
        "networklength": 4481.21651792,
        "nonmotorizedwatercraft": null,
        "objectid": 2475504,
        "ohvisorunder50inches": null,
        "ohvover50inches": null,
        "osvm": null,
        "packsaddle": null,
        "permanentidentifier": "{197DBD9A-C332-4B2F-988D-8FE66A2C7FD0}",
        "pets": null,
        "primarytrailmaintainer": "FS",
        "publisheddate": null,
        "routetype": "Trail",
        "seasonopen": null,
        "shape_Length": 0.0005736379284053695,
        "snowshoe": null,
        "sourcedatadecscription": "USFS Trails Update 03/2026",
        "sourcedatasetid": "{8CC4DB36-D0BE-4189-88C7-64C3569EB754}",
        "sourceeditdate": 1774742400000,
        "sourcefeatureid": "5954",
        "sourceoriginator": "U.S. Forest Service",
        "trailnumber": "3004",
        "trailnumberalternate": null,
        "trailsurface": "Unpaved Native",
        "trailtype": "Terra Trail"
      },
      "type": "Feature"
    },
    {
      "geometry": {
        "coordinates": [
          [
            -118.56549355268949,
            37.160370595046636
          ],
          [
            -118.565481131848,
            37.16031442629196
          ],
          [
            -118.5654748537186,
            37.160282961706024
          ],
          [
            -118.56546297141985,
            37.16023579816053
          ],
          [
            -118.56547313183431,
            37.16019961378127
          ],
          [
            -118.56548910683406,
            37.160172359610876
          ],
          [
            -118.56551053079204,
            37.160136027314145
          ],
          [
            -118.56550955370341,
            37.16008872001791
          ],
          [
            -118.56551452870089,
            37.160057107514504
          ],
          [
            -118.56549162035988,
            37.16002135438757
          ],
          [
            -118.56547950472657,
            37.15996292938267
          ],
          [
            -118.56550615681017,
            37.15992427000207
          ],
          [
            -118.56555018285565,
            37.15989214291256
          ],
          [
            -118.56559193598513,
            37.15986905749072
          ],
          [
            -118.5656240703642,
            37.15985736998735
          ],
          [
            -118.56569915891173,
            37.15979553872615
          ],
          [
            -118.56571000369941,
            37.159741318928404
          ],
          [
            -118.56572901202848,
            37.159673465795436
          ],
          [
            -118.56572519744117,
            37.15964196891762
          ],
          [
            -118.56572426514447,
            37.15959691891328
          ],
          [
            -118.56570597971752,
            37.15952955640791
          ],
          [
            -118.56567493907963,
            37.15945785848638
          ],
          [
            -118.56566561615683,
            37.159415170982875
          ],
          [
            -118.56563900052261,
            37.15937045535534
          ],
          [
            -118.5656384682262,
            37.15932765014283
          ],
          [
            -118.56559801925395,
            37.159260584514044
          ],
          [
            -118.56556403903707,
            37.15923398972213
          ],
          [
            -118.5655525754906,
            37.159207103261906
          ],
          [
            -118.56554062027664,
            37.15917346263448
          ],
          [
            -118.56554550152354,
            37.159137342838946
          ],
          [
            -118.56556691923154,
            37.159101009500546
          ],
          [
            -118.56559406194096,
            37.15906910428722
          ],
          [
            -118.56561562131635,
            37.15903952511618
          ],
          [
            -118.56564802339966,
            37.1589895271924
          ],
          [
            -118.56568588694323,
            37.1589484667691
          ],
          [
            -118.56572341819339,
            37.158891639677584
          ],
          [
            -118.56576125985998,
            37.158832552169216
          ],
          [
            -118.56579856506711,
            37.158764461534965
          ],
          [
            -118.56586343069438,
            37.15868473860602
          ],
          [
            -118.56591180673573,
            37.158607490678406
          ],
          [
            -118.56596585361167,
            37.158532414625675
          ],
          [
            -118.56599762548511,
            37.158468903158955
          ],
          [
            -118.56606320882271,
            37.15840720106501
          ],
          [
            -118.56610069944759,
            37.15834811668164
          ],
          [
            -118.56611560673323,
            37.15826905833954
          ],
          [
            -118.566153727568,
            37.1582234874991
          ],
          [
            -118.5662081223642,
            37.15818221040798
          ],
          [
            -118.56624052444757,
            37.158132211442506
          ],
          [
            -118.56626733382186,
            37.15808453747767
          ],
          [
            -118.56629975882386,
            37.15805256351395
          ],
          [
            -118.56634424945523,
            37.15804296350997
          ],
          [
            -118.56639967238202,
            37.15805124371526
          ],
          [
            -118.56645572239368,
            37.158073038505215
          ],
          [
            -118.56653912553436,
            37.1580899645428
          ],
          [
            -118.56661077971042,
            37.15806648536885
          ],
          [
            -118.5666437349218,
            37.15804351557266
          ],
          [
            -118.56671520263852,
            37.15801102598124
          ],
          [
            -118.56676525264724,
            37.158014873894786
          ],
          [
            -118.56682058390683,
            37.15801865409971
          ],
          [
            -118.56688714537472,
            37.15800425409368
          ],
          [
            -118.56696952350994,
            37.15797161970978
          ],
          [
            -118.56706292352071,
            37.15792757699074
          ],
          [
            -118.56710622873082,
            37.157877426982814
          ],
          [
            -118.56714416310628,
            37.157822850933194
          ],
          [
            -118.56715962351993,
            37.1577708175937
          ],
          [
            -118.56718182143491,
            37.157720953003924
          ],
          [
            -118.56719834122008,
            37.157635107161035
          ],
          [
            -118.56721090059106,
            37.157578609237994
          ],
          [
            -118.56722249433741,
            37.15752663110711
          ],
          [
            -118.56725951100505,
            37.15747882276654
          ],
          [
            -118.56725215682819,
            37.15739554255053
          ],
          [
            -118.56728344953608,
            37.15734330712663
          ],
          [
            -118.56730351828215,
            37.15727544461857
          ],
          [
            -118.5673326307828,
            37.15723675294612
          ],
          [
            -118.56739814016353,
            37.15718856752019
          ],
          [
            -118.56747477350366,
            37.15713347480118
          ],
          [
            -118.5675265182985,
            37.157083219584365
          ],
          [
            -118.56757866621872,
            37.1570352122844
          ],
          [
            -118.56761936413601,
            37.156978341442695
          ],
          [
            -118.56768407664111,
            37.15692566330807
          ],
          [
            -118.56775153810644,
            37.15688646538288
          ],
          [
            -118.5678120516544,
            37.15685186745864
          ],
          [
            -118.56788734229187,
            37.15685087370339
          ],
          [
            -118.56792941729805,
            37.15684355703304
          ],
          [
            -118.5680028079308,
            37.15680202785725
          ],
          [
            -118.56805189856125,
            37.15677659451804
          ],
          [
            -118.56807922564663,
            37.15675369868058
          ],
          [
            -118.56810766106219,
            37.15669924346499
          ],
          [
            -118.56817552148252,
            37.15662849241171
          ],
          [
            -118.56820617877585,
            37.156596541364756
          ],
          [
            -118.56823346106935,
            37.15657139448546
          ],
          [
            -118.56823280794082,
            37.15653985489909
          ],
          [
            -118.56819301105536,
            37.15650433094001
          ],
          [
            -118.56820906105364,
            37.15646356010158
          ],
          [
            -118.56825292043351,
            37.1564404465546
          ],
          [
            -118.56834697357274,
            37.15642793404691
          ],
          [
            -118.56839129858007,
            37.15642734966877
          ],
          [
            -118.56845276630172,
            37.15645583300063
          ],
          [
            -118.568480932975,
            37.15647348508377
          ],
          [
            -118.56851463194032,
            37.156486561124375
          ],
          [
            -118.5685711850705,
            37.15644750694998
          ],
          [
            -118.56862613507812,
            37.15643326423647
          ],
          [
            -118.5686639277861,
            37.15637192360288
          ],
          [
            -118.5687098590374,
            37.15631273192723
          ],
          [
            -118.56872637674289,
            37.15626068608768
          ],
          [
            -118.5687180340264,
            37.15619770170704
          ],
          [
            -118.56877403194159,
            37.15609781836005
          ],
          [
            -118.56880596318543,
            37.15599149126415
          ],
          [
            -118.56881427151575,
            37.15595082250958
          ],
          [
            -118.56881343192792,
            37.15591027250568
          ],
          [
            -118.56880124337943,
            37.15586536729375
          ],
          [
            -118.56878917149629,
            37.155809193330754
          ],
          [
            -118.56879886524163,
            37.155750479782654
          ],
          [
            -118.56881990794764,
            37.15569612144258
          ],
          [
            -118.56885216836355,
            37.155639362059816
          ],
          [
            -118.56890618503279,
            37.155580063091904
          ],
          [
            -118.56899981941987,
            37.15554727870727
          ],
          [
            -118.56903286525672,
            37.15552881307818
          ],
          [
            -118.56907712047014,
            37.15550794953141
          ],
          [
            -118.569159496522,
            37.15547531514749
          ],
          [
            -118.56918637256518,
            37.155447921392955
          ],
          [
            -118.56922458506715,
            37.15540685159467
          ],
          [
            -118.56927932986345,
            37.15536556929519
          ],
          [
            -118.56930051423684,
            37.15531797449736
          ],
          [
            -118.56931639756938,
            37.155286217201514
          ],
          [
            -118.56933236840243,
            37.15525896303105
          ],
          [
            -118.56937641944995,
            37.15524486510995
          ],
          [
            -118.56939914028993,
            37.155271602611016
          ],
          [
            -118.56942730696322,
            37.15528925573583
          ],
          [
            -118.56947735593022,
            37.1552931026077
          ],
          [
            -118.56953219031043,
            37.15525632343369
          ],
          [
            -118.56953688822303,
            37.155211197387295
          ],
          [
            -118.56955844551509,
            37.155181617174534
          ],
          [
            -118.56958532572494,
            37.15515422446168
          ],
          [
            -118.569646166358,
            37.15513539008062
          ],
          [
            -118.56971781740904,
            37.15511190986508
          ],
          [
            -118.56978384241752,
            37.155088505691545
          ],
          [
            -118.5698494007568,
            37.15504257234921
          ],
          [
            -118.56986567679805,
            37.15501306192849
          ],
          [
            -118.56991462680267,
            37.154980868172004
          ],
          [
            -118.56997002576917,
            37.15497112337554
          ],
          [
            -118.57006467995343,
            37.15498790149563
          ],
          [
            -118.5701367028815,
            37.154982441073464
          ],
          [
            -118.5702248903936,
            37.15495874106507
          ],
          [
            -118.57025803414761,
            37.15494478481138
          ],
          [
            -118.57033549770063,
            37.15493023897132
          ],
          [
            -118.5703737299961,
            37.15490720042474
          ],
          [
            -118.5703840060344,
            37.154859744169364
          ],
          [
            -118.57037209457069,
            37.15482835354212
          ],
          [
            -118.57036534977213,
            37.154774362912306
          ],
          [
            -118.57040402790153,
            37.15475582644951
          ],
          [
            -118.57043183728305,
            37.154773483740996
          ],
          [
            -118.57045484354123,
            37.15481373895165
          ],
          [
            -118.57049510188752,
            37.15487179624621
          ],
          [
            -118.57052915502322,
            37.154918666040146
          ],
          [
            -118.57058079045716,
            37.154999102502764
          ],
          [
            -118.57063144463582,
            37.15503223062753
          ],
          [
            -118.57067614360345,
            37.15504966604283
          ],
          [
            -118.57072082381919,
            37.15504907437302
          ],
          [
            -118.57075361236481,
            37.155035124369384
          ],
          [
            -118.57079160924242,
            37.15500081707171
          ],
          [
            -118.5708075592402,
            37.15495554414954
          ],
          [
            -118.57078983631621,
            37.154915218105174
          ],
          [
            -118.5707617404749,
            37.154884043104005
          ],
          [
            -118.57074424567718,
            37.154854979560724
          ],
          [
            -118.57073803837959,
            37.15480999414006
          ],
          [
            -118.5707808435889,
            37.15475309517322
          ],
          [
            -118.5708591644235,
            37.15464390244878
          ],
          [
            -118.57087786025657,
            37.154612107652724
          ],
          [
            -118.57089367379527,
            37.15456007535487
          ],
          [
            -118.57090401962736,
            37.15453289410149
          ],
          [
            -118.57092562066964,
            37.15450557013899
          ],
          [
            -118.57097520088425,
            37.15448688888373
          ],
          [
            -118.57103585193299,
            37.154459044085144
          ],
          [
            -118.57106327276895,
            37.15444065449815
          ],
          [
            -118.57110187798311,
            37.154435635744974
          ],
          [
            -118.57114085611605,
            37.154448643035245
          ],
          [
            -118.57116930195745,
            37.15447981178634
          ],
          [
            -118.57119821030139,
            37.1545335117896
          ],
          [
            -118.57122107905879,
            37.15456700658293
          ],
          [
            -118.57127731344644,
            37.15459780970708
          ],
          [
            -118.57131675824856,
            37.15463333783285
          ],
          [
            -118.57135083013256,
            37.154664433666845
          ],
          [
            -118.57139543951637,
            37.15467736595672
          ],
          [
            -118.57147255619431,
            37.15466282532495
          ],
          [
            -118.57149422911014,
            37.15462197844448
          ],
          [
            -118.57149329577184,
            37.15457692739847
          ],
          [
            -118.57148696347548,
            37.15454320656228
          ],
          [
            -118.57151363534904,
            37.154488778430064
          ],
          [
            -118.57153514368251,
            37.15445694613382
          ],
          [
            -118.57157318847706,
            37.15442489612806
          ],
          [
            -118.57162849369308,
            37.15441064403952
          ],
          [
            -118.57168953953743,
            37.15441884716111
          ],
          [
            -118.57175872600838,
            37.154429201324014
          ],
          [
            -118.57182436872684,
            37.15442157215206
          ],
          [
            -118.57192378749251,
            37.15441349506106
          ],
          [
            -118.5719977375033,
            37.15439899505455
          ],
          [
            -118.57204366146281,
            37.15433980233723
          ],
          [
            -118.57208991354919,
            37.15429637837149
          ],
          [
            -118.57218037501904,
            37.15426363461204
          ],
          [
            -118.57222369064779,
            37.15423151273092
          ],
          [
            -118.57226706460646,
            37.154167845013305
          ],
          [
            -118.57232079794088,
            37.154095028335824
          ],
          [
            -118.57234151564514,
            37.15402489916088
          ],
          [
            -118.57237907085188,
            37.15395229602618
          ],
          [
            -118.57241668856086,
            37.15389997414346
          ],
          [
            -118.57244317397506,
            37.15383652934374
          ],
          [
            -118.5724978250209,
            37.153790737668814
          ],
          [
            -118.57255770210908,
            37.153742625159964
          ],
          [
            -118.57260090419368,
            37.15368797723499
          ],
          [
            -118.5726497833628,
            37.15363550014311
          ],
          [
            -118.57271008232819,
            37.15360766263625
          ],
          [
            -118.57278698754484,
            37.15356608450189
          ],
          [
            -118.57289761360379,
            37.15355560324321
          ],
          [
            -118.57295901048987,
            37.15356380740643
          ],
          [
            -118.57302043237789,
            37.153590032404736
          ],
          [
            -118.57309353552006,
            37.15363638448762
          ],
          [
            -118.57314386365532,
            37.15365374177747
          ],
          [
            -118.57320572929395,
            37.153684468859566
          ],
          [
            -118.57321719492366,
            37.15371135636141
          ],
          [
            -118.57323475326528,
            37.153760700114994
          ],
          [
            -118.57322520431241,
            37.15382617095542
          ],
          [
            -118.57320407098089,
            37.153876025128426
          ],
          [
            -118.57317177514811,
            37.153930533469314
          ],
          [
            -118.57313959077243,
            37.15397377097575
          ],
          [
            -118.57316297411585,
            37.15403204597985
          ],
          [
            -118.57318597829074,
            37.15407230119059
          ],
          [
            -118.57323109496895,
            37.15411000952448
          ],
          [
            -118.57329711581802,
            37.15415420431592
          ],
          [
            -118.57340290542562,
            37.15421589598135
          ],
          [
            -118.57343921064212,
            37.15423569285575
          ],
          [
            -118.57347828252549,
            37.15425320431312
          ],
          [
            -118.5735508669149,
            37.15427477201857
          ],
          [
            -118.57360609504897,
            37.15427404076469
          ],
          [
            -118.57367803047657,
            37.15426407513373
          ],
          [
            -118.57373905444398,
            37.15425425325357
          ],
          [
            -118.57381107737206,
            37.15424879491469
          ],
          [
            -118.57390029093135,
            37.154274651161074
          ],
          [
            -118.5739565263607,
            37.1543054522019
          ],
          [
            -118.57399531803425,
            37.1543094428246
          ],
          [
            -118.57403420241663,
            37.154317943864406
          ],
          [
            -118.57406056388461,
            37.1543671667841
          ],
          [
            -118.57407418160932,
            37.15449767825426
          ],
          [
            -118.57406064203198,
            37.15457447201272
          ],
          [
            -118.57406661913085,
            37.15470958765054
          ],
          [
            -118.57411761810856,
            37.15481031369857
          ],
          [
            -118.57416344624521,
            37.154848012657396
          ],
          [
            -118.57421069834605,
            37.15493751891291
          ],
          [
            -118.5742187410591,
            37.15496895849874
          ],
          [
            -118.57428607441155,
            37.1550424241263
          ],
          [
            -118.57433290358982,
            37.15507785850151
          ],
          [
            -118.57437279630912,
            37.15511788871106
          ],
          [
            -118.5744235473633,
            37.155155525169576
          ],
          [
            -118.57449106717141,
            37.155204201211305
          ],
          [
            -118.5745302328053,
            37.155226215794094
          ],
          [
            -118.57459191406792,
            37.15524793245865
          ],
          [
            -118.57466977866652,
            37.15526943037205
          ],
          [
            -118.57472545367614,
            37.15527320016023
          ],
          [
            -118.57479757139637,
            37.1552722428635
          ],
          [
            -118.574869694325,
            37.15527128660841
          ],
          [
            -118.57495824850575,
            37.15526560431008
          ],
          [
            -118.57500267143024,
            37.15526952409911
          ],
          [
            -118.5750527693559,
            37.15527561992953
          ],
          [
            -118.57510319228327,
            37.15529748451156
          ],
          [
            -118.57515970792248,
            37.155341799095325
          ],
          [
            -118.5751885318909,
            37.155390988681496
          ],
          [
            -118.57521662773225,
            37.15542216264094
          ],
          [
            -118.57524484440579,
            37.15544207097425
          ],
          [
            -118.57528408087151,
            37.15545056263906
          ],
          [
            -118.57532812254402,
            37.1554364574263
          ],
          [
            -118.57533842045925,
            37.15540703138103
          ],
          [
            -118.57533204649596,
            37.15537105950297
          ],
          [
            -118.57535381107903,
            37.155334719914556
          ],
          [
            -118.57539250900203,
            37.15533420741187
          ],
          [
            -118.57542611525855,
            37.15534277407702
          ],
          [
            -118.57547138193755,
            37.1553872355366
          ],
          [
            -118.57551535382343,
            37.15542045741183
          ],
          [
            -118.57556148195991,
            37.155455895953764
          ],
          [
            -118.57564704134755,
            37.155441238654745
          ],
          [
            -118.5757214642702,
            37.1553816667688
          ],
          [
            -118.57576410073045,
            37.155333781344524
          ],
          [
            -118.57576897676904,
            37.1552976657156
          ],
          [
            -118.57575174551258,
            37.15526409071353
          ],
          [
            -118.57573964446455,
            37.15522369175206
          ],
          [
            -118.57572733508022,
            37.15515625841297
          ],
          [
            -118.57571499444762,
            37.15510459174209
          ],
          [
            -118.57573603819525,
            37.15505023548533
          ],
          [
            -118.57577452674037,
            37.15502268339665
          ],
          [
            -118.57581303195406,
            37.1550131594347
          ],
          [
            -118.57584654862677,
            37.15501722401612
          ],
          [
            -118.57587464655147,
            37.15504839693392
          ],
          [
            -118.57588702676765,
            37.155102309438355
          ],
          [
            -118.57593806115665,
            37.15515346048151
          ],
          [
            -118.57599347575008,
            37.1551617386035
          ],
          [
            -118.57603796950647,
            37.155152135474445
          ],
          [
            -118.57607038305007,
            37.15512015838577
          ],
          [
            -118.57609728513317,
            37.1550769896297
          ],
          [
            -118.5761130674236,
            37.155040724000045
          ],
          [
            -118.5760737122054,
            37.155009700041404
          ],
          [
            -118.57602920073877,
            37.155001278168626
          ],
          [
            -118.57598968302149,
            37.15497926775256
          ],
          [
            -118.57597225697234,
            37.154936687541245
          ],
          [
            -118.57598248821867,
            37.154886980244015
          ],
          [
            -118.5760421319722,
            37.15482759898408
          ],
          [
            -118.57611898406358,
            37.15478376668279
          ],
          [
            -118.57620707470018,
            37.154755560424
          ],
          [
            -118.57629497783584,
            37.15471833749757
          ],
          [
            -118.57637704555088,
            37.15465415519396
          ],
          [
            -118.57640347471488,
            37.15458845831074
          ],
          [
            -118.5764404861706,
            37.15450684788354
          ],
          [
            -118.57648973930007,
            37.15447239475175
          ],
          [
            -118.5765839288984,
            37.154466637453005
          ],
          [
            -118.57665623307798,
            37.154474688490495
          ],
          [
            -118.5767119060043,
            37.15447845932033
          ],
          [
            -118.57680600289389,
            37.15446819681283
          ],
          [
            -118.57687201956901,
            37.154444787430954
          ],
          [
            -118.57693747999112,
            37.154394344713175
          ],
          [
            -118.57695525915439,
            37.1543355238729
          ],
          [
            -118.57697350706658,
            37.15426542698973
          ],
          [
            -118.57697247581108,
            37.154215868651676
          ],
          [
            -118.57698828622476,
            37.154163830103805
          ],
          [
            -118.57701497164194,
            37.15412742489007
          ],
          [
            -118.57704755289289,
            37.15408643217544
          ],
          [
            -118.57705796643197,
            37.15404573529576
          ],
          [
            -118.57706244247021,
            37.154007367583354
          ],
          [
            -118.57707285496755,
            37.15396667070367
          ],
          [
            -118.57713297059864,
            37.15392981652922
          ],
          [
            -118.57717757581574,
            37.153942744652426
          ],
          [
            -118.5771894883211,
            37.15397413319634
          ],
          [
            -118.57721277478915,
            37.154027906116646
          ],
          [
            -118.57723564458819,
            37.15406139986837
          ],
          [
            -118.57726380709475,
            37.154079051951456
          ],
          [
            -118.5773139487707,
            37.15408739778217
          ],
          [
            -118.57737950190165,
            37.154041465481505
          ],
          [
            -118.57738424252278,
            37.153998586310266
          ],
          [
            -118.57736686439056,
            37.15395825714089
          ],
          [
            -118.57732077583404,
            37.15389127067916
          ],
          [
            -118.57729198103054,
            37.1538263081748
          ],
          [
            -118.57724626955934,
            37.1537773383815
          ],
          [
            -118.5771788466267,
            37.153733169631785
          ],
          [
            -118.57712800286376,
            37.15369102900622
          ],
          [
            -118.57711034243829,
            37.15363718837712
          ],
          [
            -118.57710297680309,
            37.15355391024448
          ],
          [
            -118.57707472054605,
            37.15353174982761
          ],
          [
            -118.57706324762457,
            37.15350486545076
          ],
          [
            -118.57703442990613,
            37.15345567586461
          ],
          [
            -118.57703907052681,
            37.15340829252633
          ],
          [
            -118.57709446949332,
            37.15339854564655
          ],
          [
            -118.5771330726242,
            37.15339352376836
          ],
          [
            -118.57713813616375,
            37.153366418557
          ],
          [
            -118.57712603615742,
            37.15332601959562
          ],
          [
            -118.5770860726026,
            37.1532657091758
          ],
          [
            -118.57701273925088,
            37.15320809771686
          ],
          [
            -118.57695612361118,
            37.15315927792434
          ],
          [
            -118.57692570589516,
            37.15313489459071
          ],
          [
            -118.57689981838794,
            37.15310819563156
          ],
          [
            -118.57686841629535,
            37.15307030708835
          ],
          [
            -118.57684531837,
            37.153025549793874
          ],
          [
            -118.57680509648593,
            37.15300354875281
          ],
          [
            -118.57677643814156,
            37.15294534354075
          ],
          [
            -118.57673450687524,
            37.15285802061846
          ],
          [
            -118.5767158849918,
            37.15280869665659
          ],
          [
            -118.57673574957383,
            37.152765617484306
          ],
          [
            -118.57677254957548,
            37.1527245685194
          ],
          [
            -118.5768328704069,
            37.15261335392106
          ],
          [
            -118.57689851520867,
            37.15260572683245
          ],
          [
            -118.57693409021472,
            37.15260750703849
          ],
          [
            -118.57697729230667,
            37.15262045391176
          ],
          [
            -118.57700621002196,
            37.152640346620075
          ],
          [
            -118.57703981419515,
            37.15264891432689
          ],
          [
            -118.57709450274484,
            37.152639173697146
          ],
          [
            -118.5771318881645,
            37.1526093830667
          ],
          [
            -118.57714472045366,
            37.15256640181162
          ],
          [
            -118.57715029857575,
            37.15253027680768
          ],
          [
            -118.57715843815699,
            37.152498620553985
          ],
          [
            -118.57717942878305,
            37.15247580805035
          ],
          [
            -118.57719795482535,
            37.15245302783847
          ],
          [
            -118.57722091524268,
            37.15242342887566
          ],
          [
            -118.57726383712107,
            37.15238906011933
          ],
          [
            -118.57728656003714,
            37.152348198655424
          ],
          [
            -118.57730851107951,
            37.15232086948456
          ],
          [
            -118.57731991316179,
            37.152293674689474
          ],
          [
            -118.57731449232321,
            37.15225318718586
          ],
          [
            -118.57735176003574,
            37.1522346673898
          ],
          [
            -118.57738400483028,
            37.152211704885346
          ],
          [
            -118.57744784649924,
            37.15213424549836
          ],
          [
            -118.57749320067146,
            37.15211561320173
          ],
          [
            -118.57752699755028,
            37.152099392364484
          ],
          [
            -118.57758825484866,
            37.15206703089874
          ],
          [
            -118.57761609443322,
            37.15203511839372
          ],
          [
            -118.57763293401543,
            37.15199884026398
          ],
          [
            -118.57764271421959,
            37.15194462879967
          ],
          [
            -118.57766032255044,
            37.151894822543554
          ],
          [
            -118.57769957984426,
            37.15185374128687
          ],
          [
            -118.57761318710783,
            37.151726449613676
          ],
          [
            -118.57758302667939,
            37.15166375794294
          ],
          [
            -118.57756647354611,
            37.151612152730706
          ],
          [
            -118.57752695895014,
            37.151556345436326
          ],
          [
            -118.57746525684503,
            37.15144900272171
          ],
          [
            -118.57747944225916,
            37.15140374646632
          ],
          [
            -118.57744569745655,
            37.151354622505515
          ],
          [
            -118.57743359745021,
            37.151314222502386
          ],
          [
            -118.57743852453073,
            37.15128035895709
          ],
          [
            -118.57743768077623,
            37.15123980999483
          ],
          [
            -118.57738162972285,
            37.15121802249654
          ],
          [
            -118.57731504741977,
            37.15121440062577
          ],
          [
            -118.57729213699542,
            37.15117864854055
          ],
          [
            -118.57728515157056,
            37.15111339749296
          ],
          [
            -118.57726795989767,
            37.15108207874107
          ],
          [
            -118.57723423905536,
            37.15105097874036
          ],
          [
            -118.57719256612916,
            37.15102674749088
          ],
          [
            -118.57715670570488,
            37.151011449575186
          ],
          [
            -118.57709821610783,
            37.15097391936722
          ],
          [
            -118.57705630880531,
            37.15093842457495
          ],
          [
            -118.57699186608421,
            37.1509189985358
          ],
          [
            -118.57694425774058,
            37.150897097495324
          ],
          [
            -118.57691379523261,
            37.1508704631198
          ],
          [
            -118.57690847543626,
            37.15083447769997
          ],
          [
            -118.57691009209873,
            37.15079389748758
          ],
          [
            -118.57688570042203,
            37.15073788810877
          ],
          [
            -118.57688279416745,
            37.150699623521874
          ],
          [
            -118.5768656774931,
            37.15065478289367
          ],
          [
            -118.576840137899,
            37.1505942797645
          ],
          [
            -118.57683160039348,
            37.15055609121971
          ],
          [
            -118.5768000587167,
            37.15051144225916
          ],
          [
            -118.57676783891681,
            37.150484830800444
          ],
          [
            -118.57673472849085,
            37.15044921517425
          ],
          [
            -118.57670409931711,
            37.15043159746632
          ],
          [
            -118.57663449513565,
            37.15040097350976
          ],
          [
            -118.57658198783479,
            37.15039716309634
          ],
          [
            -118.57652699095195,
            37.15040916205964
          ],
          [
            -118.57645844718725,
            37.15037852456137
          ],
          [
            -118.57639128050783,
            37.15036364331455
          ],
          [
            -118.5763091554916,
            37.15033994748456
          ],
          [
            -118.5762818554842,
            37.150313266233844
          ],
          [
            -118.57624839297476,
            37.15027765998269
          ],
          [
            -118.57627118672633,
            37.1502570745624
          ],
          [
            -118.5763151846486,
            37.150240719349426
          ],
          [
            -118.57628171693085,
            37.15020511101491
          ],
          [
            -118.57622710129638,
            37.15020132664331
          ],
          [
            -118.57617850857612,
            37.15016592247654
          ],
          [
            -118.57613355544223,
            37.150152997478365
          ],
          [
            -118.5760769637665,
            37.15015599956594
          ],
          [
            -118.57601336583792,
            37.15014332769403
          ],
          [
            -118.57597970958109,
            37.15013250373699
          ],
          [
            -118.57590018456241,
            37.150081734987495
          ],
          [
            -118.57584045538081,
            37.150035207903706
          ],
          [
            -118.57582399703966,
            37.1499881058169
          ],
          [
            -118.57575427723069,
            37.14993495060823
          ],
          [
            -118.57573990638798,
            37.14986979539448
          ],
          [
            -118.57571980950577,
            37.14983401101735
          ],
          [
            -118.5756989147063,
            37.14979372872318
          ],
          [
            -118.5757205136653,
            37.14976639955234
          ],
          [
            -118.57575890533488,
            37.14973434329655
          ],
          [
            -118.57575787720438,
            37.149684784958474
          ],
          [
            -118.57574014594711,
            37.149644459955695
          ],
          [
            -118.575728445941,
            37.14960630786948
          ],
          [
            -118.57573831989565,
            37.14955660473893
          ],
          [
            -118.57575389593308,
            37.14949330473164
          ],
          [
            -118.57575819280372,
            37.14944592660171
          ],
          [
            -118.57573555842254,
            37.1494236943094
          ],
          [
            -118.57570183758023,
            37.14939259847537
          ],
          [
            -118.57568420319845,
            37.14935677659804
          ],
          [
            -118.5756946615294,
            37.14931833076026
          ],
          [
            -118.57574358444879,
            37.14926810991863
          ],
          [
            -118.57582548133146,
            37.149212942199256
          ],
          [
            -118.5758911657132,
            37.149173768232565
          ],
          [
            -118.57596197196808,
            37.14910973384638
          ],
          [
            -118.57603839801548,
            37.14904562550151
          ],
          [
            -118.57605413655564,
            37.149007110913324
          ],
          [
            -118.5760754303065,
            37.1489820411177
          ],
          [
            -118.57613033343885,
            37.14896553902901
          ],
          [
            -118.57620915428349,
            37.14894872027189
          ],
          [
            -118.57628051470805,
            37.148911717138354
          ],
          [
            -118.57631381471114,
            37.14888874525883
          ],
          [
            -118.57634514492294,
            37.14887255567172
          ],
          [
            -118.5763792230533,
            37.148869847335746
          ],
          [
            -118.57641969909993,
            37.148853535873045
          ],
          [
            -118.5764076949274,
            37.148817645245366
          ],
          [
            -118.57637950533552,
            37.148781965035504
          ],
          [
            -118.5763764594969,
            37.148736941072926
          ],
          [
            -118.5763920219982,
            37.14872504940402
          ],
          [
            -118.5764034719991,
            37.148716300444065
          ],
          [
            -118.57643733867185,
            37.148720358775456
          ],
          [
            -118.57647721159789,
            37.14874578273353
          ],
          [
            -118.57650471577031,
            37.148756337941016
          ],
          [
            -118.57651756577202,
            37.14875271918972
          ],
          [
            -118.57652370431306,
            37.148737118146116
          ],
          [
            -118.5765097074339,
            37.14872006085375
          ],
          [
            -118.57647345638377,
            37.148697346270716
          ],
          [
            -118.57647077825625,
            37.148678045227356
          ],
          [
            -118.57648924492521,
            37.148671104600396
          ],
          [
            -118.57654831785236,
            37.148677587930294
          ],
          [
            -118.57656346264467,
            37.14866010042754
          ],
          [
            -118.57653330430327,
            37.14863120563511
          ],
          [
            -118.5764723844999,
            37.14861709730457
          ],
          [
            -118.57646435741322,
            37.148598322303314
          ],
          [
            -118.57653231992296,
            37.14858389833889
          ],
          [
            -118.57659538034692,
            37.14855376603991
          ],
          [
            -118.57663123972586,
            37.14853526395228
          ],
          [
            -118.57664655118404,
            37.14851027540713
          ],
          [
            -118.57667286368621,
            37.148489643111624
          ],
          [
            -118.5766952595208,
            37.148466817066186
          ],
          [
            -118.57673006369124,
            37.1484483253953
          ],
          [
            -118.57677030640332,
            37.148420753514806
          ],
          [
            -118.57680486994751,
            37.148391000384535
          ],
          [
            -118.57684541682609,
            37.14836117017049
          ],
          [
            -118.57689208558132,
            37.14833801599834
          ],
          [
            -118.57691629287481,
            37.148317412869616
          ],
          [
            -118.57694330433544,
            37.1482967774491
          ],
          [
            -118.5769905345484,
            37.1482668555679
          ],
          [
            -118.57704322830489,
            37.148245878478825
          ],
          [
            -118.57710917518978,
            37.14823598472334
          ],
          [
            -118.57714782415428,
            37.14823322013708
          ],
          [
            -118.57717439603098,
            37.14820808054942
          ],
          [
            -118.57713297727098,
            37.1481793357578
          ],
          [
            -118.57708307934634,
            37.14818225451154
          ],
          [
            -118.57703774496412,
            37.1481851086816
          ],
          [
            -118.5770204324603,
            37.1481764201403
          ],
          [
            -118.57702784912526,
            37.148149189928795
          ],
          [
            -118.57707501058965,
            37.14813278992392
          ],
          [
            -118.57711347205316,
            37.148121009711794
          ],
          [
            -118.57710357517264,
            37.14808508991729
          ],
          [
            -118.57714180225987,
            37.14806204928739
          ],
          [
            -118.57713436579637,
            37.14802609199269
          ],
          [
            -118.57715179183826,
            37.14800107428076
          ],
          [
            -118.57714893245891,
            37.147965060735764
          ],
          [
            -118.57715472308024,
            37.147922168022816
          ],
          [
            -118.5771518637009,
            37.14788615551947
          ],
          [
            -118.57709959181803,
            37.14789361073216
          ],
          [
            -118.57707517827522,
            37.14792097323653
          ],
          [
            -118.57701678243592,
            37.147955548243914
          ],
          [
            -118.57699689597699,
            37.1479805972061
          ],
          [
            -118.57695536472545,
            37.14803072638048
          ],
          [
            -118.57693943764262,
            37.148060227426164
          ],
          [
            -118.57689808138934,
            37.14809355451564
          ],
          [
            -118.57687225638517,
            37.14809491805918
          ],
          [
            -118.5768590438815,
            37.14808085451707
          ],
          [
            -118.57685971471096,
            37.14804405972178
          ],
          [
            -118.57683888137268,
            37.14803001493014
          ],
          [
            -118.57678059698878,
            37.148037640976604
          ],
          [
            -118.57675033552523,
            37.1480357003535
          ],
          [
            -118.57673904906203,
            37.14800773055987
          ],
          [
            -118.57675594593663,
            37.1479777326391
          ],
          [
            -118.57678513552169,
            37.14794960971763
          ],
          [
            -118.57683923969518,
            37.14792861387855
          ],
          [
            -118.57685880011063,
            37.1478877951232
          ],
          [
            -118.57686705635743,
            37.14784486907674
          ],
          [
            -118.57683042301782,
            37.147843103454065
          ],
          [
            -118.57681767301662,
            37.147852068039185
          ],
          [
            -118.57679894801696,
            37.14788392950195
          ],
          [
            -118.57677493551503,
            37.1479032170055
          ],
          [
            -118.57675914176245,
            37.147903428464936
          ],
          [
            -118.57675243134335,
            37.147891446172544
          ],
          [
            -118.57676283967653,
            37.14787406492015
          ],
          [
            -118.57680503967899,
            37.14783154407971
          ],
          [
            -118.5768248698868,
            37.14779585761653
          ],
          [
            -118.57684456780306,
            37.147761797195166
          ],
          [
            -118.5768419532172,
            37.14774196177671
          ],
          [
            -118.57682965529798,
            37.14773752844383
          ],
          [
            -118.57679890737741,
            37.14774888157208
          ],
          [
            -118.5767743563339,
            37.14776948886744
          ],
          [
            -118.57675277716847,
            37.14781483991502
          ],
          [
            -118.57670207612188,
            37.14784705971332
          ],
          [
            -118.576617852149,
            37.14784208159364
          ],
          [
            -118.57660715006116,
            37.147816773258604
          ],
          [
            -118.57665236048261,
            37.14779138679463
          ],
          [
            -118.57668789173482,
            37.1477571159555
          ],
          [
            -118.57668430631173,
            37.14770308261713
          ],
          [
            -118.5766861594339,
            37.14767376803079
          ],
          [
            -118.57671720735254,
            37.14764406073408
          ],
          [
            -118.57674628652157,
            37.14762114093819
          ],
          [
            -118.57677074902293,
            37.14759603051737
          ],
          [
            -118.57678606048117,
            37.14757103988885
          ],
          [
            -118.57681457714715,
            37.14752108988196
          ],
          [
            -118.57686867715394,
            37.14750008987621
          ],
          [
            -118.57690280111787,
            37.14749963570716
          ],
          [
            -118.57694149487425,
            37.147499123204405
          ],
          [
            -118.57697509904376,
            37.14747389090798
          ],
          [
            -118.57695619695417,
            37.14744484611477
          ],
          [
            -118.57691959382122,
            37.147427305490574
          ],
          [
            -118.57688012610414,
            37.147407553408044
          ],
          [
            -118.57684804796804,
            37.14735389923831
          ],
          [
            -118.57678475108092,
            37.14733896590787
          ],
          [
            -118.57674467398931,
            37.14732372424249
          ],
          [
            -118.5767512656529,
            37.14728532944662
          ],
          [
            -118.57673525314563,
            37.147242729443555
          ],
          [
            -118.57673002188776,
            37.14717745443748
          ],
          [
            -118.57672950729808,
            37.14711887109848
          ],
          [
            -118.57673750417023,
            37.14708046171915
          ],
          [
            -118.5767146895761,
            37.14701541379771
          ],
          [
            -118.57669642185942,
            37.14696608462745
          ],
          [
            -118.57666286664119,
            37.14692597108418
          ],
          [
            -118.57666415621865,
            37.146869621078565
          ],
          [
            -118.57670069580412,
            37.14683308461415
          ],
          [
            -118.57674374789168,
            37.146805471066784
          ],
          [
            -118.57673472601032,
            37.14676052731304
          ],
          [
            -118.57672076975317,
            37.146715643976265
          ],
          [
            -118.57671294266443,
            37.14667743980639
          ],
          [
            -118.5767011259929,
            37.146650558554576
          ],
          [
            -118.57666648535954,
            37.14662623251292
          ],
          [
            -118.57662083118386,
            37.14661331688977
          ],
          [
            -118.57657069367468,
            37.1466049700174
          ],
          [
            -118.5765138717893,
            37.1465967116872
          ],
          [
            -118.57647700719842,
            37.14658368043846
          ],
          [
            -118.57643135198116,
            37.146570768981995
          ],
          [
            -118.57638592489005,
            37.14656911481837
          ],
          [
            -118.57632962488248,
            37.14658563669883
          ],
          [
            -118.57628389258326,
            37.1465862419104
          ],
          [
            -118.57622477486325,
            37.14656900232945
          ],
          [
            -118.57616474255683,
            37.14652473149594
          ],
          [
            -118.57612049462776,
            37.14647799816103
          ],
          [
            -118.57608973003305,
            37.14641982107416
          ],
          [
            -118.57603145605661,
            37.14634172732054
          ],
          [
            -118.57598706750179,
            37.14628823877667
          ],
          [
            -118.5759311851939,
            37.14622363148254
          ],
          [
            -118.5758708310107,
            37.14616359502248
          ],
          [
            -118.57580425495392,
            37.14612617002339
          ],
          [
            -118.57574666119129,
            37.14609763981623
          ],
          [
            -118.57568700284519,
            37.14607139398444
          ],
          [
            -118.57565487679581,
            37.14604928565121
          ],
          [
            -118.57562230803758,
            37.146022680442535
          ],
          [
            -118.57560120386377,
            37.14598916064899
          ],
          [
            -118.5755935830243,
            37.145944193978465
          ],
          [
            -118.5755742611408,
            37.14589487834995
          ],
          [
            -118.57554736945973,
            37.14580284605116
          ],
          [
            -118.57548696423463,
            37.14574055334086
          ],
          [
            -118.57541525484079,
            37.14567615854785
          ],
          [
            -118.5753734714955,
            37.145629392921116
          ],
          [
            -118.57534481523444,
            37.145571187709066
          ],
          [
            -118.5753435048108,
            37.14550811270299
          ],
          [
            -118.57535375480545,
            37.14544263040419
          ],
          [
            -118.57536182355118,
            37.14539069498193
          ],
          [
            -118.57535381000314,
            37.14534348456118
          ],
          [
            -118.57534396208119,
            37.145309812683536
          ],
          [
            -118.57534100374298,
            37.145269291846425
          ],
          [
            -118.57534464540545,
            37.145224180383444
          ],
          [
            -118.57534115373282,
            37.14517465017047
          ],
          [
            -118.5753269412261,
            37.145134278292545
          ],
          [
            -118.57534307872123,
            37.14506421370119
          ],
          [
            -118.57534744746542,
            37.1450033147366
          ],
          [
            -118.57531513495671,
            37.144972195985815
          ],
          [
            -118.57525414327563,
            37.14493244598609
          ],
          [
            -118.57520351617858,
            37.144883545984804
          ],
          [
            -118.57516309220829,
            37.144834509524436
          ],
          [
            -118.57511820469794,
            37.144808061608316
          ],
          [
            -118.57509140677467,
            37.14478813869156
          ],
          [
            -118.57507365572741,
            37.14476358869036
          ],
          [
            -118.5751260651074,
            37.14472908972504
          ],
          [
            -118.57515207448473,
            37.14471072097144
          ],
          [
            -118.57513333906088,
            37.14467266055233
          ],
          [
            -118.57517343906385,
            37.14463833137953
          ],
          [
            -118.57520242448238,
            37.14461090845819
          ],
          [
            -118.57521713281233,
            37.1445566324102
          ],
          [
            -118.57524154218848,
            37.144529269905846
          ],
          [
            -118.57524546301904,
            37.144497670944126
          ],
          [
            -118.57527915885576,
            37.14447694073146
          ],
          [
            -118.57532397031856,
            37.14444930947565
          ],
          [
            -118.5753577661521,
            37.14439928863507
          ],
          [
            -118.57537997448574,
            37.144367446963756
          ],
          [
            -118.57541041198806,
            37.14434225841751
          ],
          [
            -118.57543698386476,
            37.1443171188299
          ],
          [
            -118.575454619281,
            37.14428533757556
          ],
          [
            -118.57545574531771,
            37.144238003195845
          ],
          [
            -118.57545284010483,
            37.144199734442275
          ],
          [
            -118.57543150259647,
            37.14415494798103
          ],
          [
            -118.57542371925796,
            37.144119001103086
          ],
          [
            -118.57543230258973,
            37.14409184484981
          ],
          [
            -118.57545214217348,
            37.14406454380411
          ],
          [
            -118.57546496925427,
            37.14402156150732
          ],
          [
            -118.57543941299524,
            37.14397683337972
          ],
          [
            -118.57539293382068,
            37.143975195882746
          ],
          [
            -118.57532859214173,
            37.14396027713574
          ],
          [
            -118.57525325149845,
            37.14390719380241
          ],
          [
            -118.57522909732297,
            37.14386244796634
          ],
          [
            -118.57523744939988,
            37.143790231292044
          ],
          [
            -118.57526519937872,
            37.1435510125167
          ],
          [
            -118.5752659556255,
            37.14351945626356
          ],
          [
            -118.57528321187301,
            37.143469655215796
          ],
          [
            -118.57529838791379,
            37.143437907295024
          ],
          [
            -118.57532280249825,
            37.143410540623975
          ],
          [
            -118.57534505666541,
            37.1433809552029
          ],
          [
            -118.57537554208105,
            37.143324216653546
          ],
          [
            -118.57538351811797,
            37.14326777914747
          ],
          [
            -118.5753799816535,
            37.143215995809285
          ],
          [
            -118.57535374101761,
            37.143155504138534
          ],
          [
            -118.57531634517201,
            37.14309966663563
          ],
          [
            -118.57529453474449,
            37.143032357255535
          ],
          [
            -118.57527697848266,
            37.14294921870693
          ],
          [
            -118.57526373472194,
            37.14287052807512
          ],
          [
            -118.57525947429347,
            37.142766931190316
          ],
          [
            -118.57526347949953,
            37.14273983639567
          ],
          [
            -118.5752692784542,
            37.14269694576609
          ],
          [
            -118.57526282948514,
            37.14260689992441
          ],
          [
            -118.57527247114318,
            37.14251213220613
          ],
          [
            -118.57528839926037,
            37.14241502802885
          ],
          [
            -118.57531452634123,
            37.142351588437485
          ],
          [
            -118.57536070134205,
            37.142287882178046
          ],
          [
            -118.57542556176288,
            37.14222618425086
          ],
          [
            -118.57548296801357,
            37.14214429882222
          ],
          [
            -118.57552905030556,
            37.14207608943736
          ],
          [
            -118.57555494301022,
            37.14200138734491
          ],
          [
            -118.5755711940458,
            37.14192005296087
          ],
          [
            -118.57558393154281,
            37.14187256441364
          ],
          [
            -118.57558972112253,
            37.14182967065905
          ],
          [
            -118.5755960325763,
            37.141777762320174
          ],
          [
            -118.57559791382178,
            37.141732668565645
          ],
          [
            -118.57558872319136,
            37.14169674147943
          ],
          [
            -118.57558419506225,
            37.14166525397667
          ],
          [
            -118.57560171380933,
            37.14161094042849
          ],
          [
            -118.57559072005337,
            37.1415727779255
          ],
          [
            -118.57558729817464,
            37.14154353417286
          ],
          [
            -118.57562936588556,
            37.141502417499254
          ],
          [
            -118.57564418880126,
            37.1414706716618
          ],
          [
            -118.57564665129804,
            37.14143683624164
          ],
          [
            -118.57566745129806,
            37.141405013320444
          ],
          [
            -118.57566724087846,
            37.14137797790116
          ],
          [
            -118.57566658566664,
            37.141346439356425
          ],
          [
            -118.57567552108185,
            37.14131928310311
          ],
          [
            -118.57569135337249,
            37.14128527476538
          ],
          [
            -118.57570401378759,
            37.14125130288619
          ],
          [
            -118.57572772628859,
            37.141223949756885
          ],
          [
            -118.57575173462276,
            37.141194336210646
          ],
          [
            -118.57577661899771,
            37.14115570287185
          ],
          [
            -118.57583040962237,
            37.14106936223466
          ],
          [
            -118.57591274816141,
            37.14091729554741
          ],
          [
            -118.57593757836946,
            37.14087640700002
          ],
          [
            -118.57595516691038,
            37.140842374703794
          ],
          [
            -118.5759718887855,
            37.14081736740851
          ],
          [
            -118.5759736950324,
            37.140785794488636
          ],
          [
            -118.57601409711849,
            37.14074920385728
          ],
          [
            -118.57602936482644,
            37.14072196427025
          ],
          [
            -118.57604094919779,
            37.140669980931
          ],
          [
            -118.57605054086285,
            37.14064056321914
          ],
          [
            -118.57606263982028,
            37.14061335904894
          ],
          [
            -118.57608785128038,
            37.1405904955033
          ],
          [
            -118.57612278565992,
            37.14057876320809
          ],
          [
            -118.57614302316058,
            37.140553707995906
          ],
          [
            -118.57617707731977,
            37.140431576731615
          ],
          [
            -118.57620495857122,
            37.14040191318511
          ],
          [
            -118.57629104295265,
            37.14032866421364
          ],
          [
            -118.57630611795125,
            37.140292413167415
          ],
          [
            -118.57631160753112,
            37.14025177878803
          ],
          [
            -118.57632558252932,
            37.14021328711663
          ],
          [
            -118.57634361586247,
            37.14018375273749
          ],
          [
            -118.57636617940449,
            37.140151906899476
          ],
          [
            -118.5763588377332,
            37.14012045689691
          ],
          [
            -118.57631292418296,
            37.14011205273261
          ],
          [
            -118.57628528250882,
            37.14008538189857
          ],
          [
            -118.57629824917376,
            37.14004915481079
          ],
          [
            -118.57635445855584,
            37.14002813084651
          ],
          [
            -118.57638550439117,
            37.13999842459147
          ],
          [
            -118.57641685439295,
            37.13996646104448
          ]
        ],
        "type": "LineString"
      },
      "properties": {
        "bicycle": null,
        "crosscountryski": null,
        "dogsled": null,
        "ebike": null,
        "electricwatercraft": null,
        "feature_id": "{2455306E-FFBB-4E3E-9AB4-54599266EFAB}",
        "globalid": "{FB780FAF-ED4F-4A4A-995D-7D14EF820791}",
        "hikerpedestrian": null,
        "icewatercraft": null,
        "lengthmiles": 2.59896847,
        "livestock": null,
        "loaddate": 1777310283000,
        "maplabel": "TREASURE LAKES",
        "motorcycle": null,
        "name": "TREASURE LAKES",
        "namealternate": null,
        "nationaltraildesignation": null,
        "networklength": 35.85381204,
        "nonmotorizedwatercraft": null,
        "objectid": 2475224,
        "ohvisorunder50inches": null,
        "ohvover50inches": null,
        "osvm": null,
        "packsaddle": null,
        "permanentidentifier": "{2455306E-FFBB-4E3E-9AB4-54599266EFAB}",
        "pets": null,
        "primarytrailmaintainer": "FS",
        "publisheddate": null,
        "routetype": "Trail",
        "seasonopen": null,
        "shape_Length": 0.04147292667808746,
        "snowshoe": null,
        "sourcedatadecscription": "USFS Trails Update 03/2026",
        "sourcedatasetid": "{8CC4DB36-D0BE-4189-88C7-64C3569EB754}",
        "sourceeditdate": 1774742400000,
        "sourcefeatureid": "5825",
        "sourceoriginator": "U.S. Forest Service",
        "trailnumber": "3104B",
        "trailnumberalternate": null,
        "trailsurface": "Unpaved Native",
        "trailtype": "Terra Trail"
      },
      "type": "Feature"
    },
    {
      "geometry": {
        "coordinates": [
          [
            -118.63166477326858,
            37.220086686929875
          ],
          [
            -118.63169887848223,
            37.22008396088559
          ],
          [
            -118.63173640973795,
            37.22007927234086
          ]
        ],
        "type": "LineString"
      },
      "properties": {
        "bicycle": null,
        "crosscountryski": null,
        "dogsled": null,
        "ebike": null,
        "electricwatercraft": null,
        "feature_id": "{5D362CB9-BAF5-40FA-9C90-A898285A5D53}",
        "globalid": "{D8874B1C-BD9F-4CD3-A289-2C77DC7ADE98}",
        "hikerpedestrian": null,
        "icewatercraft": null,
        "lengthmiles": 0.0039851800000000005,
        "livestock": null,
        "loaddate": 1777310283000,
        "maplabel": "LAMARCK LAKES",
        "motorcycle": null,
        "name": "LAMARCK LAKES",
        "namealternate": null,
        "nationaltraildesignation": null,
        "networklength": 4481.21651792,
        "nonmotorizedwatercraft": null,
        "objectid": 2475481,
        "ohvisorunder50inches": null,
        "ohvover50inches": null,
        "osvm": null,
        "packsaddle": null,
        "permanentidentifier": "{5D362CB9-BAF5-40FA-9C90-A898285A5D53}",
        "pets": null,
        "primarytrailmaintainer": "FS",
        "publisheddate": null,
        "routetype": "Trail",
        "seasonopen": null,
        "shape_Length": 7.203695266579899e-05,
        "snowshoe": null,
        "sourcedatadecscription": "USFS Trails Update 03/2026",
        "sourcedatasetid": "{8CC4DB36-D0BE-4189-88C7-64C3569EB754}",
        "sourceeditdate": 1774742400000,
        "sourcefeatureid": "5921",
        "sourceoriginator": "U.S. Forest Service",
        "trailnumber": "3004",
        "trailnumberalternate": null,
        "trailsurface": "Unpaved Native",
        "trailtype": "Terra Trail"
      },
      "type": "Feature"
    },
    {
      "geometry": {
        "coordinates": [
          [
            -118.56482659060168,
            37.1652240278596
          ],
          [
            -118.56484374580869,
            37.16518549452131
          ],
          [
            -118.56487851351694,
            37.16513095597191
          ],
          [
            -118.56491991664633,
            37.16510787471683
          ],
          [
            -118.56500268332155,
            37.16505946533137
          ],
          [
            -118.56506786874577,
            37.16502931532387
          ],
          [
            -118.56511511770877,
            37.16499939760937
          ],
          [
            -118.56516250313084,
            37.16497624031221
          ],
          [
            -118.56518849583958,
            37.16493984551512
          ],
          [
            -118.56523206563259,
            37.16488519134013
          ],
          [
            -118.56525954271513,
            37.16483525695832
          ],
          [
            -118.5653112062558,
            37.164746695487736
          ],
          [
            -118.56534791876065,
            37.164734942359075
          ],
          [
            -118.56535256667301,
            37.1646875611041
          ],
          [
            -118.56535923750187,
            37.16463564859858
          ],
          [
            -118.56539088854316,
            37.16458340796626
          ],
          [
            -118.56544887709217,
            37.1645623610852
          ],
          [
            -118.56545536250339,
            37.16450143503715
          ],
          [
            -118.56548246146255,
            37.16446727774024
          ],
          [
            -118.56556928438575,
            37.16439402668542
          ],
          [
            -118.56558638750921,
            37.16435324230522
          ],
          [
            -118.56563270209216,
            37.16427827250305
          ],
          [
            -118.56566646667548,
            37.16422599853726
          ],
          [
            -118.56566733958763,
            37.164183175616316
          ],
          [
            -118.5656710750006,
            37.1641425683204
          ],
          [
            -118.5656753041643,
            37.16410871310849
          ],
          [
            -118.56567737186906,
            37.16407262977149
          ],
          [
            -118.56569963645295,
            37.16404304643373
          ],
          [
            -118.56569104061188,
            37.1639845703869
          ],
          [
            -118.56566913956246,
            37.16394655580138
          ],
          [
            -118.56565476351501,
            37.16391519850764
          ],
          [
            -118.56564505621883,
            37.16388828392231
          ],
          [
            -118.56564506142354,
            37.16385448496068
          ],
          [
            -118.56564943225466,
            37.163827390166055
          ],
          [
            -118.56562538849829,
            37.1638051724572
          ],
          [
            -118.56560864890928,
            37.163778350580756
          ],
          [
            -118.56558386764887,
            37.163720092243416
          ],
          [
            -118.56556576243486,
            37.16369554536722
          ],
          [
            -118.56555208951256,
            37.16366417765676
          ],
          [
            -118.56553779054698,
            37.16361929848671
          ],
          [
            -118.56550460512244,
            37.16359720577854
          ],
          [
            -118.56548249365704,
            37.16356595161032
          ],
          [
            -118.56547110094245,
            37.16352554327381
          ],
          [
            -118.56544251447528,
            37.16348761202204
          ],
          [
            -118.56541528529974,
            37.163447410978335
          ],
          [
            -118.56539579883382,
            37.16340710785074
          ],
          [
            -118.56537842903494,
            37.163366777639666
          ],
          [
            -118.56535392069269,
            37.163322032845315
          ],
          [
            -118.56531900505782,
            37.16328418492733
          ],
          [
            -118.56529072379875,
            37.16324399950867
          ],
          [
            -118.5652534842059,
            37.16321294325822
          ],
          [
            -118.56522707378289,
            37.163195265133346
          ],
          [
            -118.56519731335841,
            37.16316862138278
          ],
          [
            -118.56517972585189,
            37.163135049505705
          ],
          [
            -118.5651510498009,
            37.163092615128505
          ],
          [
            -118.56511195499886,
            37.163057078669425
          ],
          [
            -118.56509854040942,
            37.16302120054183
          ],
          [
            -118.56506758415065,
            37.16298780887398
          ],
          [
            -118.56504687893555,
            37.162956535955715
          ],
          [
            -118.56502586747057,
            37.16292751824598
          ],
          [
            -118.56498949766852,
            37.162887438036265
          ],
          [
            -118.56497614245072,
            37.162820017197205
          ],
          [
            -118.56496624765353,
            37.162784091152716
          ],
          [
            -118.56495774139631,
            37.162730126564696
          ],
          [
            -118.56493373825955,
            37.162658336975994
          ],
          [
            -118.56490438616146,
            37.16256633592733
          ],
          [
            -118.56488206115506,
            37.1625418442598
          ],
          [
            -118.56481457468776,
            37.16256300989151
          ],
          [
            -118.56477209239327,
            37.16260187760659
          ],
          [
            -118.56473749134713,
            37.16261360261018
          ],
          [
            -118.56463399236586,
            37.16256088594545
          ],
          [
            -118.56460441631735,
            37.16254324948746
          ],
          [
            -118.56456804755697,
            37.162503170319354
          ],
          [
            -118.56448492982719,
            37.16243215781817
          ],
          [
            -118.56443619648483,
            37.1624237828207
          ],
          [
            -118.5643399360494,
            37.16239801303315
          ],
          [
            -118.56430133291485,
            37.162369226574654
          ],
          [
            -118.5642589537385,
            37.16234499949189
          ],
          [
            -118.56419902976789,
            37.16232325470223
          ],
          [
            -118.5641506672572,
            37.16229910574487
          ],
          [
            -118.56412604849952,
            37.1622656307433
          ],
          [
            -118.56410740474281,
            37.16223207657461
          ],
          [
            -118.56406507348335,
            37.162210100533706
          ],
          [
            -118.56401073284673,
            37.16218603074348
          ],
          [
            -118.56396849012947,
            37.162168560952985
          ],
          [
            -118.56393779428694,
            37.16213065782643
          ],
          [
            -118.56390640052408,
            37.162058966154916
          ],
          [
            -118.56391697343514,
            37.16199122864751
          ],
          [
            -118.56394590051814,
            37.16194352759918
          ],
          [
            -118.56398071614328,
            37.16189123905002
          ],
          [
            -118.56397404009691,
            37.161857529672154
          ],
          [
            -118.5639249807075,
            37.16179959112816
          ],
          [
            -118.56390587548991,
            37.16174350883233
          ],
          [
            -118.56388672235543,
            37.16168517236965
          ],
          [
            -118.56384369317564,
            37.16162940465882
          ],
          [
            -118.5637943556597,
            37.16155795048854
          ],
          [
            -118.56376885252223,
            37.16148167444119
          ],
          [
            -118.56375635980719,
            37.161439023396206
          ],
          [
            -118.56378503064073,
            37.161395833806665
          ],
          [
            -118.56383806918697,
            37.16135682754918
          ],
          [
            -118.56388582544434,
            37.16135169525369
          ],
          [
            -118.56393974524542,
            37.16135548900036
          ],
          [
            -118.56397679629924,
            37.16141133379494
          ],
          [
            -118.56397758588685,
            37.16144963067363
          ],
          [
            -118.5639544494288,
            37.16148824317898
          ],
          [
            -118.56394916922324,
            37.16152211089099
          ],
          [
            -118.56396219943935,
            37.161573769228525
          ],
          [
            -118.56398065465338,
            37.161598311937965
          ],
          [
            -118.56402280049514,
            37.16161127339467
          ],
          [
            -118.56410027758979,
            37.1615967358879
          ],
          [
            -118.56413555571744,
            37.16156697650752
          ],
          [
            -118.56418116301225,
            37.161525816083724
          ],
          [
            -118.56426356822914,
            37.16147741086491
          ],
          [
            -118.56431801719228,
            37.161438384815696
          ],
          [
            -118.56438077970333,
            37.16144431918695
          ],
          [
            -118.56443790680417,
            37.16151792544022
          ],
          [
            -118.56447687660737,
            37.16156473169212
          ],
          [
            -118.5645152526536,
            37.16154845252117
          ],
          [
            -118.56459669016607,
            37.1615383681396
          ],
          [
            -118.56465779746478,
            37.161509166049136
          ]
        ],
        "type": "LineString"
      },
      "properties": {
        "bicycle": null,
        "crosscountryski": null,
        "dogsled": null,
        "ebike": null,
        "electricwatercraft": null,
        "feature_id": "{5D6BC459-47B7-4B51-87D3-96E4DCDAEEB0}",
        "globalid": "{EC3EED22-28B5-469B-B0F8-110197128656}",
        "hikerpedestrian": null,
        "icewatercraft": null,
        "lengthmiles": 0.41246116000000005,
        "livestock": null,
        "loaddate": 1777310283000,
        "maplabel": null,
        "motorcycle": null,
        "name": "BISHOP PASS",
        "namealternate": null,
        "nationaltraildesignation": null,
        "networklength": 35.85381204,
        "nonmotorizedwatercraft": null,
        "objectid": 2475247,
        "ohvisorunder50inches": null,
        "ohvover50inches": null,
        "osvm": null,
        "packsaddle": null,
        "permanentidentifier": "{5D6BC459-47B7-4B51-87D3-96E4DCDAEEB0}",
        "pets": null,
        "primarytrailmaintainer": "FS",
        "publisheddate": null,
        "routetype": "Trail",
        "seasonopen": null,
        "shape_Length": 0.006525615054940114,
        "snowshoe": null,
        "sourcedatadecscription": "USFS Trails Update 03/2026",
        "sourcedatasetid": "{8CC4DB36-D0BE-4189-88C7-64C3569EB754}",
        "sourceeditdate": 1774742400000,
        "sourcefeatureid": "5674",
        "sourceoriginator": "U.S. Forest Service",
        "trailnumber": "3104",
        "trailnumberalternate": null,
        "trailsurface": "Unpaved Native",
        "trailtype": "Terra Trail"
      },
      "type": "Feature"
    },
    {
      "geometry": {
        "coordinates": [
          [
            -118.64322614853565,
            37.214442683495385
          ],
          [
            -118.6432678568732,
            37.21441731994835
          ],
          [
            -118.64329839750106,
            37.21439661473591
          ],
          [
            -118.6433318110445,
            37.21436235535524
          ],
          [
            -118.64335346625207,
            37.21432149493309
          ],
          [
            -118.64337772458572,
            37.2142873605531
          ],
          [
            -118.64343267771461,
            37.21423928137792
          ],
          [
            -118.64347212563433,
            37.21420718866371
          ],
          [
            -118.64350699542837,
            37.214175159491504
          ],
          [
            -118.64354720793011,
            37.21412953865096
          ],
          [
            -118.64362554023025,
            37.214087895933154
          ],
          [
            -118.64367757044323,
            37.21405112092595
          ],
          [
            -118.64370453607026,
            37.21402821363021
          ],
          [
            -118.64372638919544,
            37.21399636466721
          ],
          [
            -118.6437441016954,
            37.21396908237171
          ],
          [
            -118.64374533814953,
            37.21392850528428
          ],
          [
            -118.6438302194067,
            37.21386423756387
          ],
          [
            -118.64383894023754,
            37.21382806151803
          ],
          [
            -118.64387414857663,
            37.21382757505722
          ],
          [
            -118.64390303608681,
            37.21387675110166
          ],
          [
            -118.64394873713913,
            37.213905406309664
          ],
          [
            -118.64397364234941,
            37.21388478547257
          ],
          [
            -118.64402817360643,
            37.21386600421694
          ],
          [
            -118.64405952464979,
            37.21383402400333
          ],
          [
            -118.644077147566,
            37.21380223441569
          ],
          [
            -118.64409366527335,
            37.213768202119546
          ],
          [
            -118.64412586735929,
            37.21374296982322
          ],
          [
            -118.64416557048693,
            37.21370636877519
          ],
          [
            -118.64417585590041,
            37.21366116043678
          ],
          [
            -118.64420354027584,
            37.213622468764385
          ],
          [
            -118.64422628506881,
            37.213599625010595
          ],
          [
            -118.64425896944186,
            37.213531570835066
          ],
          [
            -118.64428474235791,
            37.213486151037166
          ],
          [
            -118.64431918923998,
            37.21349919061941
          ],
          [
            -118.6443679288304,
            37.21348950311508
          ],
          [
            -118.64438289549344,
            37.21343296352516
          ],
          [
            -118.64442271946025,
            37.21345043748247
          ],
          [
            -118.6444435569605,
            37.21342085935316
          ],
          [
            -118.64445348091729,
            37.21339142705792
          ],
          [
            -118.64450082258905,
            37.21336598538548
          ],
          [
            -118.64453849447028,
            37.213365463507834
          ],
          [
            -118.64458717677046,
            37.21336929267147
          ],
          [
            -118.64460841531266,
            37.21334196141735
          ],
          [
            -118.64464017468799,
            37.2132964530774
          ],
          [
            -118.64464120905781,
            37.21324686661414
          ],
          [
            -118.6446529465568,
            37.213219666610684
          ],
          [
            -118.64473278510769,
            37.21318250618488
          ],
          [
            -118.64480693615747,
            37.21314317596758
          ],
          [
            -118.64486293303824,
            37.21311085304386
          ],
          [
            -118.64492390492012,
            37.21308071449505
          ],
          [
            -118.64496165075477,
            37.21303512386297
          ],
          [
            -118.64504269138993,
            37.2130047113544
          ],
          [
            -118.64509360910249,
            37.21296569780543
          ],
          [
            -118.64516010911149,
            37.21294675196565
          ],
          [
            -118.64521760182808,
            37.21293468633546
          ],
          [
            -118.64526462475175,
            37.21292727278982
          ],
          [
            -118.64530528204742,
            37.21290192278456
          ],
          [
            -118.64534025704856,
            37.21285862798622
          ],
          [
            -118.64538131850948,
            37.21281975193791
          ],
          [
            -118.64542041330418,
            37.21278766443211
          ],
          [
            -118.64545609872202,
            37.2127443581754
          ],
          [
            -118.64549278934821,
            37.212698783168406
          ],
          [
            -118.64551429142998,
            37.21265116545392
          ],
          [
            -118.64553336851328,
            37.21262161024144
          ],
          [
            -118.6455644560171,
            37.21260991023811
          ],
          [
            -118.64559775081356,
            37.2126026925268
          ],
          [
            -118.64565287998857,
            37.21259516648058
          ],
          [
            -118.64572219353968,
            37.21257617793226
          ],
          [
            -118.645770386254,
            37.212557484177076
          ],
          [
            -118.64582557271754,
            37.21252066854468
          ],
          [
            -118.64588693730968,
            37.212508547705895
          ],
          [
            -118.64593744148372,
            37.21249883520142
          ],
          [
            -118.64597913940631,
            37.21248924457263
          ],
          [
            -118.64603120087122,
            37.212470496650546
          ],
          [
            -118.64603403315995,
            37.21243891123063
          ],
          [
            -118.64606035816037,
            37.21240249143356
          ],
          [
            -118.64608768107907,
            37.21237958413778
          ],
          [
            -118.64613752587822,
            37.21237213100857
          ],
          [
            -118.64616821963008,
            37.21234241121191
          ],
          [
            -118.64619695088236,
            37.212319478916
          ]
        ],
        "type": "LineString"
      },
      "properties": {
        "bicycle": null,
        "crosscountryski": null,
        "dogsled": null,
        "ebike": null,
        "electricwatercraft": null,
        "feature_id": "{70A05BFB-692F-4CFE-9380-1B9DA54DC158}",
        "globalid": "{FB64B23B-8A74-49D7-87DA-D8CEB0093656}",
        "hikerpedestrian": null,
        "icewatercraft": null,
        "lengthmiles": 0.24616287,
        "livestock": null,
        "loaddate": 1777310283000,
        "maplabel": "LAMARCK LAKES",
        "motorcycle": null,
        "name": "LAMARCK LAKES",
        "namealternate": null,
        "nationaltraildesignation": null,
        "networklength": 4481.21651792,
        "nonmotorizedwatercraft": null,
        "objectid": 2475462,
        "ohvisorunder50inches": null,
        "ohvover50inches": null,
        "osvm": null,
        "packsaddle": null,
        "permanentidentifier": "{70A05BFB-692F-4CFE-9380-1B9DA54DC158}",
        "pets": null,
        "primarytrailmaintainer": "FS",
        "publisheddate": null,
        "routetype": "Trail",
        "seasonopen": null,
        "shape_Length": 0.004036154499652269,
        "snowshoe": null,
        "sourcedatadecscription": "USFS Trails Update 03/2026",
        "sourcedatasetid": "{8CC4DB36-D0BE-4189-88C7-64C3569EB754}",
        "sourceeditdate": 1774742400000,
        "sourcefeatureid": "6812",
        "sourceoriginator": "U.S. Forest Service",
        "trailnumber": "3004",
        "trailnumberalternate": null,
        "trailsurface": "Unpaved Native",
        "trailtype": "Terra Trail"
      },
      "type": "Feature"
    },
    {
      "geometry": {
        "coordinates": [
          [
            -118.63173640973795,
            37.22007927234086
          ],
          [
            -118.63175964411647,
            37.220076369213984
          ],
          [
            -118.63183568058909,
            37.22009109837683
          ],
          [
            -118.6318191607984,
            37.22012512338127
          ],
          [
            -118.63185241601828,
            37.22018099734278
          ],
          [
            -118.63189137748593,
            37.220207499425996
          ],
          [
            -118.63196173479066,
            37.22022005254734
          ],
          [
            -118.63203848584496,
            37.220218998375266
          ],
          [
            -118.6321470879452,
            37.22020849211669
          ],
          [
            -118.63221726295552,
            37.22019625669395
          ],
          [
            -118.63233132859398,
            37.22014511709772
          ],
          [
            -118.63238215047438,
            37.2201173806332
          ],
          [
            -118.63246436610854,
            37.22007569104009
          ],
          [
            -118.63252776924053,
            37.22004327332421
          ],
          [
            -118.63257219007973,
            37.22002914102809
          ],
          [
            -118.63261056821102,
            37.220028612900386
          ],
          [
            -118.63266171821996,
            37.22003241706384
          ],
          [
            -118.63271921926984,
            37.22002035664206
          ],
          [
            -118.6327634932333,
            37.21999947122028
          ],
          [
            -118.63282035053163,
            37.21997390350552
          ],
          [
            -118.63287784949821,
            37.21996184412531
          ],
          [
            -118.63294183075821,
            37.219956457662086
          ],
          [
            -118.6330115568097,
            37.21993972640557
          ],
          [
            -118.63306866723255,
            37.21990964514872
          ],
          [
            -118.63308032035437,
            37.21986216701828
          ],
          [
            -118.63309271410324,
            37.21983270138955
          ],
          [
            -118.63312407660497,
            37.219800724300875
          ],
          [
            -118.63318049015103,
            37.21975488470922
          ],
          [
            -118.63329450578921,
            37.21970148677944
          ],
          [
            -118.63338959954973,
            37.21965285968476
          ],
          [
            -118.63344621413846,
            37.21961603051056
          ],
          [
            -118.63349708185252,
            37.21959054404622
          ],
          [
            -118.63357819227791,
            37.21954661695299
          ],
          [
            -118.63370250375328,
            37.21951335964948
          ],
          [
            -118.63369075583927,
            37.219556331529475
          ],
          [
            -118.63367885584125,
            37.219592546117184
          ],
          [
            -118.6336544318835,
            37.219635698206396
          ],
          [
            -118.63363187771657,
            37.21966755550276
          ],
          [
            -118.63369004231339,
            37.219702804460496
          ],
          [
            -118.6336935694044,
            37.219768100299945
          ],
          [
            -118.63369317878441,
            37.2198154242629
          ],
          [
            -118.63368238816182,
            37.21985388051737
          ],
          [
            -118.6336688912875,
            37.21988110447935
          ],
          [
            -118.6337074642115,
            37.2198895909358
          ],
          [
            -118.63376381734237,
            37.21985726801212
          ],
          [
            -118.63378135172343,
            37.219886315930374
          ],
          [
            -118.63377418818351,
            37.21991345655855
          ],
          [
            -118.6337855277726,
            37.21994935135291
          ],
          [
            -118.63377644965004,
            37.2199855315654
          ],
          [
            -118.63376143611003,
            37.22002403990351
          ],
          [
            -118.63374928090411,
            37.22006477011668
          ],
          [
            -118.63373562569743,
            37.220101008662766
          ],
          [
            -118.63371407778041,
            37.220130600333846
          ],
          [
            -118.63375672882928,
            37.2201322649144
          ],
          [
            -118.63378199549793,
            37.22011163574393
          ],
          [
            -118.63381572154834,
            37.22014046595275
          ],
          [
            -118.63381306947068,
            37.2201968336668
          ],
          [
            -118.63381546114093,
            37.220226096169476
          ],
          [
            -118.63381438197749,
            37.22025765554757
          ],
          [
            -118.63382668094125,
            37.22028903263315
          ],
          [
            -118.63381406531981,
            37.22034103055578
          ],
          [
            -118.63378139760998,
            37.22037753472825
          ],
          [
            -118.63374384552462,
            37.22041635348463
          ],
          [
            -118.63371720906603,
            37.220455028490235
          ],
          [
            -118.63371738094548,
            37.220495583702515
          ],
          [
            -118.63373481845107,
            37.220520129537036
          ],
          [
            -118.6337720820003,
            37.22053313786907
          ],
          [
            -118.63382274868043,
            37.22057975974508
          ],
          [
            -118.63384837681281,
            37.22060870141282
          ],
          [
            -118.63389940703301,
            37.22063954620396
          ],
          [
            -118.63393097474945,
            37.22066614828768
          ],
          [
            -118.63397864037766,
            37.22062268057177
          ],
          [
            -118.63398531641506,
            37.220573013899866
          ],
          [
            -118.63401318828605,
            37.220493769098546
          ],
          [
            -118.63401414348701,
            37.220423902424955
          ],
          [
            -118.63402603827672,
            37.22038768367062
          ],
          [
            -118.63405671952496,
            37.22032416907895
          ],
          [
            -118.63408822265245,
            37.22029895032433
          ],
          [
            -118.63412694349387,
            37.22031418886482
          ],
          [
            -118.63414039454163,
            37.220350058659015
          ],
          [
            -118.63419847892789,
            37.22036503157311
          ],
          [
            -118.63421056851031,
            37.22033782323631
          ],
          [
            -118.63423539351001,
            37.2202969232306
          ],
          [
            -118.63425386955204,
            37.22027188260188
          ],
          [
            -118.6342918122644,
            37.22025108259724
          ],
          [
            -118.63434306956378,
            37.220243616967934
          ],
          [
            -118.63441337895154,
            37.220253912797396
          ],
          [
            -118.63446522062897,
            37.22027348050403
          ],
          [
            -118.63450437793098,
            37.22030899196313
          ],
          [
            -118.63453773210975,
            37.22036937321672
          ],
          [
            -118.63455187066103,
            37.22043677530565
          ],
          [
            -118.63455908212498,
            37.220477234684076
          ],
          [
            -118.63458010297006,
            37.2205535576067
          ],
          [
            -118.63461979673322,
            37.22061385240151
          ],
          [
            -118.63464027070222,
            37.22068116594835
          ],
          [
            -118.63464802175226,
            37.220746404495806
          ],
          [
            -118.6346878623911,
            37.22081345554126
          ],
          [
            -118.63476461866084,
            37.22087774408389
          ],
          [
            -118.63478864470866,
            37.2208976899175
          ],
          [
            -118.63482599471847,
            37.220930975334795
          ],
          [
            -118.63485464993394,
            37.220953112834955
          ],
          [
            -118.63489226452495,
            37.22096611700029
          ],
          [
            -118.6349285884878,
            37.22095209512142
          ],
          [
            -118.63495367077869,
            37.220906685740246
          ],
          [
            -118.63499716661312,
            37.2208497544817
          ],
          [
            -118.63500926140384,
            37.220822547186536
          ],
          [
            -118.635042291612,
            37.22077026801248
          ],
          [
            -118.63506594994604,
            37.22074064821627
          ],
          [
            -118.63508755098833,
            37.220713312795496
          ],
          [
            -118.6351024561962,
            37.220686063833455
          ],
          [
            -118.63513250307321,
            37.22065861382871
          ],
          [
            -118.63517206765843,
            37.22061525757174
          ],
          [
            -118.635202928076,
            37.220576525274154
          ],
          [
            -118.63522383640813,
            37.22053342735183
          ],
          [
            -118.63524891349071,
            37.220488013803994
          ],
          [
            -118.63529053016111,
            37.220458146089854
          ],
          [
            -118.63532893120565,
            37.2204260710841
          ],
          [
            -118.63535846766686,
            37.22040763670525
          ],
          [
            -118.63538265204002,
            37.220353225239904
          ],
          [
            -118.63545124683735,
            37.22030045752166
          ],
          [
            -118.6354827489232,
            37.22027523564207
          ],
          [
            -118.63551313225321,
            37.220198204382456
          ],
          [
            -118.63553078224932,
            37.220134868958375
          ],
          [
            -118.63556784370711,
            37.220073521033136
          ],
          [
            -118.63561739683098,
            37.21998721164629
          ],
          [
            -118.63569171870606,
            37.219873524130115
          ],
          [
            -118.6357985145469,
            37.21977966578018
          ],
          [
            -118.63589281872183,
            37.219710769933585
          ],
          [
            -118.63595646352177,
            37.21968960951047
          ],
          [
            -118.63599483644475,
            37.21968908242442
          ],
          [
            -118.63603911457481,
            37.21966819387769
          ],
          [
            -118.63605734790724,
            37.21963188762286
          ],
          [
            -118.63606973957275,
            37.219602428244116
          ],
          [
            -118.63610109582454,
            37.219570449072144
          ],
          [
            -118.63614635104298,
            37.21959461052972
          ],
          [
            -118.63618472917429,
            37.21959408240204
          ],
          [
            -118.63622266251167,
            37.21957327718899
          ],
          [
            -118.63623456250974,
            37.21953706260134
          ],
          [
            -118.63623368542189,
            37.219496514680756
          ],
          [
            -118.63623904375119,
            37.21945137405098
          ],
          [
            -118.63625139374983,
            37.219419658422076
          ],
          [
            -118.63635277605277,
            37.21936868861837
          ],
          [
            -118.6363964916835,
            37.219354564655646
          ],
          [
            -118.63642322501755,
            37.21932039798384
          ],
          [
            -118.63650894065574,
            37.21931020318519
          ],
          [
            -118.63655961253542,
            37.219275707344984
          ],
          [
            -118.63660208962156,
            37.21923681358823
          ],
          [
            -118.63662339170403,
            37.21919596149946
          ],
          [
            -118.63667356670787,
            37.219154711491974
          ],
          [
            -118.63670080837436,
            37.219111523985866
          ],
          [
            -118.63673997087595,
            37.21906591564541
          ],
          [
            -118.63676761150111,
            37.219024977097796
          ],
          [
            -118.63680736983736,
            37.218990630216695
          ],
          [
            -118.63693686152136,
            37.21895278957904
          ],
          [
            -118.63698068444259,
            37.2189273999902
          ],
          [
            -118.63697514485179,
            37.21886663956802
          ],
          [
            -118.63697286151367,
            37.2188261083142
          ],
          [
            -118.63695351671544,
            37.21879483435418
          ],
          [
            -118.63690274170312,
            37.2187594791459
          ],
          [
            -118.63688435523785,
            37.21872368226869
          ],
          [
            -118.63688801981547,
            37.21866504267937
          ],
          [
            -118.63693091669023,
            37.2185968541281
          ],
          [
            -118.63696207814928,
            37.21855586558032
          ],
          [
            -118.63698075939892,
            37.21852406245092
          ],
          [
            -118.63701167190007,
            37.218487581195156
          ],
          [
            -118.63705619898808,
            37.21846218118965
          ],
          [
            -118.6371193864958,
            37.21843652389109
          ],
          [
            -118.63715776358546,
            37.21843599368001
          ],
          [
            -118.63722837609805,
            37.21844403221762
          ],
          [
            -118.63729859694192,
            37.21843405200342
          ],
          [
            -118.63733638861187,
            37.21840649158144
          ],
          [
            -118.63736808549041,
            37.218390281161014
          ],
          [
            -118.63740704799976,
            37.21841678220258
          ],
          [
            -118.63737579070688,
            37.21845326762498
          ],
          [
            -118.63733195112071,
            37.218494432215344
          ],
          [
            -118.6373007907033,
            37.218535419721476
          ],
          [
            -118.63730810529273,
            37.21858038326702
          ],
          [
            -118.63734662925812,
            37.21858661243164
          ],
          [
            -118.63738476363818,
            37.218574819719485
          ],
          [
            -118.63741002405683,
            37.21855418950743
          ],
          [
            -118.63744728030733,
            37.21850185408304
          ],
          [
            -118.63747235009991,
            37.21847221345345
          ],
          [
            -118.63750472927363,
            37.21848753949437
          ],
          [
            -118.63749257615105,
            37.21852826554082
          ],
          [
            -118.63748068344472,
            37.21856448533686
          ],
          [
            -118.63750033032606,
            37.21859350304667
          ],
          [
            -118.63756406470985,
            37.21857685095728
          ],
          [
            -118.63756962408185,
            37.21854072387005
          ],
          [
            -118.63757479282681,
            37.21848657282275
          ],
          [
            -118.63755500011136,
            37.21845079469565
          ],
          [
            -118.63756065115055,
            37.2184191707338
          ],
          [
            -118.63757102718417,
            37.218328892599324
          ],
          [
            -118.63761762718715,
            37.218285439466854
          ],
          [
            -118.63768146469643,
            37.21827329362788
          ],
          [
            -118.63774554074871,
            37.21827241029003
          ],
          [
            -118.63780705638327,
            37.21826705299355
          ],
          [
            -118.6378389053459,
            37.21825759986547
          ],
          [
            -118.63787727722725,
            37.21825706965439
          ],
          [
            -118.63790214181223,
            37.21823419465043
          ],
          [
            -118.63799138557424,
            37.218208176933366
          ],
          [
            -118.63799860328811,
            37.21824863631188
          ],
          [
            -118.63793520432277,
            37.21828105819443
          ],
          [
            -118.63789726473543,
            37.21830186236576
          ],
          [
            -118.63786576369125,
            37.21832708320369
          ],
          [
            -118.63789205328183,
            37.21835375924613
          ],
          [
            -118.63792984703515,
            37.21832619882421
          ],
          [
            -118.6380128366316,
            37.21832054465122
          ],
          [
            -118.63805145851418,
            37.218331280066266
          ],
          [
            -118.63809002727153,
            37.218339761314375
          ],
          [
            -118.6381223137364,
            37.21835058006321
          ],
          [
            -118.6381484512429,
            37.218370500896704
          ],
          [
            -118.63812319186594,
            37.21839112694208
          ],
          [
            -118.63806564394075,
            37.21840093319703
          ],
          [
            -118.6380342022701,
            37.21841263736705
          ],
          [
            -118.63800903351871,
            37.21843776966291
          ],
          [
            -118.63807969394821,
            37.218448059242355
          ],
          [
            -118.63811797416233,
            37.21844302590584
          ],
          [
            -118.63814455750443,
            37.21848321861626
          ],
          [
            -118.63817078147153,
            37.21852341549336
          ],
          [
            -118.63824119814971,
            37.218522443613374
          ],
          [
            -118.63828001378337,
            37.21854218527931
          ],
          [
            -118.63831249295752,
            37.21856201757065
          ],
          [
            -118.63833204088014,
            37.21858653319667
          ],
          [
            -118.6383202950495,
            37.218629506118354
          ],
          [
            -118.63835877109797,
            37.21863348424107
          ],
          [
            -118.63838359193099,
            37.21859258319372
          ],
          [
            -118.63839567943003,
            37.21856537381519
          ],
          [
            -118.638433080473,
            37.21851979359986
          ],
          [
            -118.63846566173105,
            37.21854413109998
          ],
          [
            -118.6384409804821,
            37.218591790481305
          ],
          [
            -118.63844185965334,
            37.21863233840189
          ],
          [
            -118.63845566695115,
            37.21866819777939
          ],
          [
            -118.63849335966233,
            37.21863613006532
          ],
          [
            -118.63851793153741,
            37.2185997415184
          ],
          [
            -118.63855498674523,
            37.21853838942656
          ],
          [
            -118.63860595550143,
            37.218517408170975
          ],
          [
            -118.6386565680076,
            37.21849642795707
          ],
          [
            -118.63872040030856,
            37.21848428107649
          ],
          [
            -118.6387774982331,
            37.2184699727378
          ],
          [
            -118.63889863262466,
            37.21843675293452
          ],
          [
            -118.63893647533656,
            37.21841144459609
          ],
          [
            -118.63896737846271,
            37.218374967507025
          ],
          [
            -118.63897972116966,
            37.21834325083645
          ],
          [
            -118.63899785554324,
            37.21830244249789
          ],
          [
            -118.63899717220634,
            37.21827090395317
          ],
          [
            -118.63901590137296,
            37.218241352907334
          ],
          [
            -118.63904745137572,
            37.21821838311123
          ],
          [
            -118.63909250971818,
            37.21823353310958
          ],
          [
            -118.63909962638996,
            37.218269491445916
          ],
          [
            -118.63908148160135,
            37.218326071661046
          ],
          [
            -118.63907636806496,
            37.21838247583354
          ],
          [
            -118.63910250452979,
            37.21840239250035
          ],
          [
            -118.63915302016042,
            37.21837690811934
          ],
          [
            -118.63915902744964,
            37.2183452789492
          ],
          [
            -118.63918340349048,
            37.21829987894311
          ],
          [
            -118.63922143995335,
            37.218283581022206
          ],
          [
            -118.63926590558441,
            37.21827169664294
          ],
          [
            -118.63931745559367,
            37.21827774559828
          ],
          [
            -118.63936870143641,
            37.21828605080387
          ],
          [
            -118.6394196545693,
            37.21828084350821
          ],
          [
            -118.6394964306202,
            37.218248237249675
          ],
          [
            -118.63953044833167,
            37.218225233078414
          ],
          [
            -118.63956476500127,
            37.218199972656905
          ],
          [
            -118.63958766812667,
            37.218168110152206
          ],
          [
            -118.63962632021244,
            37.218131521604306
          ],
          [
            -118.63964581291938,
            37.21808844243211
          ],
          [
            -118.63969633583997,
            37.2180471851329
          ],
          [
            -118.63973398167577,
            37.21801286637694
          ],
          [
            -118.63974452542219,
            37.217963148663046
          ],
          [
            -118.63978654417613,
            37.21793552678245
          ],
          [
            -118.63983197855525,
            37.21790335281783
          ],
          [
            -118.63988188585289,
            37.21788238614566
          ],
          [
            -118.6399309921083,
            37.21785692155645
          ],
          [
            -118.6399751723212,
            37.21783152050925
          ],
          [
            -118.64003596399199,
            37.21777660487469
          ],
          [
            -118.64008613482925,
            37.21773535278383
          ],
          [
            -118.64013061712527,
            37.21770769652809
          ],
          [
            -118.64013631712305,
            37.21767832777484
          ],
          [
            -118.6401093962792,
            37.21762236839622
          ],
          [
            -118.64009603377355,
            37.217591005894086
          ],
          [
            -118.6401013962696,
            37.217545865264306
          ],
          [
            -118.64011338585145,
            37.217514152760394
          ],
          [
            -118.64012573272508,
            37.217482436089774
          ],
          [
            -118.64014395772415,
            37.21744613400168
          ],
          [
            -118.64015635355636,
            37.217416669414604
          ],
          [
            -118.64017478063984,
            37.21738937566063
          ],
          [
            -118.64018047751254,
            37.21736000378242
          ],
          [
            -118.64016078271425,
            37.21732872878071
          ],
          [
            -118.64011519311897,
            37.217288799613335
          ],
          [
            -118.64006900143913,
            37.2172376152365
          ],
          [
            -118.64004257955443,
            37.21718840377521
          ],
          [
            -118.64005447121913,
            37.21715218918756
          ],
          [
            -118.64007949205313,
            37.21712029751601
          ],
          [
            -118.6401557993552,
            37.21709896105031
          ],
          [
            -118.6402257754062,
            37.21707771729342
          ],
          [
            -118.64025668374067,
            37.21704123499604
          ],
          [
            -118.6402626858216,
            37.21700960582589
          ],
          [
            -118.64026839102772,
            37.21698023707264
          ],
          [
            -118.64024843997986,
            37.21695347144641
          ],
          [
            -118.64020952642906,
            37.21692922248839
          ],
          [
            -118.64017027016823,
            37.21688920686225
          ],
          [
            -118.64016948891413,
            37.21685316623375
          ],
          [
            -118.64018183370447,
            37.216821449563184
          ],
          [
            -118.64019343265932,
            37.21677171934916
          ],
          [
            -118.64019883994726,
            37.216728828719575
          ],
          [
            -118.6402302472409,
            37.21669910475619
          ],
          [
            -118.64027451807934,
            37.21667821100111
          ],
          [
            -118.64033167329413,
            37.216650383911066
          ],
          [
            -118.64039461392555,
            37.21661345890314
          ],
          [
            -118.64047732539387,
            37.216578517227326
          ],
          [
            -118.64055358373734,
            37.216554929719734
          ],
          [
            -118.64062320562158,
            37.21653368908785
          ],
          [
            -118.64069298583826,
            37.21650343178842
          ],
          [
            -118.6407626181374,
            37.216466414071654
          ],
          [
            -118.64080645251522,
            37.2164252494813
          ],
          [
            -118.64083756189073,
            37.21638200780823
          ],
          [
            -118.6408685264738,
            37.2163320078012
          ],
          [
            -118.64093267439786,
            37.21630182758548
          ],
          [
            -118.64100938065855,
            37.21628274112
          ],
          [
            -118.64105577857892,
            37.21624604527986
          ],
          [
            -118.64107938482937,
            37.21621417652508
          ],
          [
            -118.64109821191317,
            37.21618912652139
          ],
          [
            -118.64120052129546,
            37.216099832755546
          ],
          [
            -118.64125662859172,
            37.21605624733077
          ],
          [
            -118.64129808484635,
            37.216035397325825
          ],
          [
            -118.64133737860037,
            37.21601232023756
          ],
          [
            -118.64138290048166,
            37.216000420233236
          ],
          [
            -118.64142562236077,
            37.21597279314426
          ],
          [
            -118.64144148173494,
            37.21594102647341
          ],
          [
            -118.64149889007433,
            37.21590868688292
          ],
          [
            -118.64155850570616,
            37.21588082437608
          ],
          [
            -118.64160524425333,
            37.21585989520414
          ],
          [
            -118.6416607807186,
            37.21583885040656
          ],
          [
            -118.64171330989073,
            37.215808829566676
          ],
          [
            -118.6417569338526,
            37.21577442851866
          ],
          [
            -118.64180488594066,
            37.21574447122072
          ],
          [
            -118.64184719948612,
            37.215714591006545
          ],
          [
            -118.64190037553483,
            37.21569808579296
          ],
          [
            -118.64193836512078,
            37.21566375662029
          ],
          [
            -118.64197307449193,
            37.215575400359256
          ],
          [
            -118.64198616824098,
            37.215545928480495
          ],
          [
            -118.64200569740812,
            37.21552087326835
          ],
          [
            -118.64203882449179,
            37.21547309513643
          ],
          [
            -118.642078576578,
            37.21543874200528
          ],
          [
            -118.64212330574863,
            37.215406581582414
          ],
          [
            -118.64216144741867,
            37.21537901178537
          ],
          [
            -118.64219954013011,
            37.21534919094652
          ],
          [
            -118.64224889846834,
            37.21531921802353
          ],
          [
            -118.64229357451543,
            37.215300575310295
          ],
          [
            -118.64232968493731,
            37.21529331384871
          ],
          [
            -118.64237200473274,
            37.215263433634554
          ],
          [
            -118.64240657348525,
            37.21523366175426
          ],
          [
            -118.64243469952957,
            37.21521524820888
          ],
          [
            -118.64248380161833,
            37.21518978257799
          ],
          [
            -118.64251850787329,
            37.215182540908216
          ],
          [
            -118.64257163392173,
            37.215163781527664
          ],
          [
            -118.64260377663413,
            37.21515207214932
          ],
          [
            -118.64264768705758,
            37.215146956520755
          ],
          [
            -118.64271042456474,
            37.21511679297181
          ],
          [
            -118.64274634227726,
            37.21510052317609
          ],
          [
            -118.64278191207309,
            37.215084256505364
          ],
          [
            -118.64280721936696,
            37.215065881501815
          ],
          [
            -118.64283459228592,
            37.21504522524788
          ],
          [
            -118.6428732308318,
            37.215024408576525
          ],
          [
            -118.642921474588,
            37.21500796794659
          ],
          [
            -118.64287059228528,
            37.21498388669775
          ],
          [
            -118.64282643915224,
            37.21497773670021
          ],
          [
            -118.64277710060227,
            37.21497616899518
          ],
          [
            -118.64280267039393,
            37.21493750753129
          ],
          [
            -118.64285005373435,
            37.214930090860655
          ],
          [
            -118.64291282561847,
            37.21491795752178
          ],
          [
            -118.64294869020743,
            37.214915208560654
          ],
          [
            -118.64294554228688,
            37.21488370751612
          ],
          [
            -118.6429816152068,
            37.214858422094515
          ],
          [
            -118.64302261000422,
            37.21484883667409
          ],
          [
            -118.64304963083978,
            37.214828185628505
          ],
          [
            -118.64307551000634,
            37.21478726791441
          ],
          [
            -118.64303593187411,
            37.2147810574999
          ],
          [
            -118.64303756207856,
            37.21474272728773
          ],
          [
            -118.64307884020373,
            37.21468131894554
          ],
          [
            -118.6430956610359,
            37.21464503144083
          ],
          [
            -118.64310307353374,
            37.214613383520586
          ],
          [
            -118.64315088707765,
            37.21456089705379
          ],
          [
            -118.64317182249509,
            37.21453582204991
          ],
          [
            -118.64319286728629,
            37.21449947621157
          ],
          [
            -118.64319987874217,
            37.214465580374466
          ],
          [
            -118.64322614853565,
            37.214442683495385
          ]
        ],
        "type": "LineString"
      },
      "properties": {
        "bicycle": null,
        "crosscountryski": null,
        "dogsled": null,
        "ebike": null,
        "electricwatercraft": null,
        "feature_id": "{7883C1CE-3F51-420F-B463-26CBD70661D1}",
        "globalid": "{81E0BA74-0A16-4EAE-A380-65CD480CC64A}",
        "hikerpedestrian": null,
        "icewatercraft": null,
        "lengthmiles": 1.25282402,
        "livestock": null,
        "loaddate": 1777310283000,
        "maplabel": "LAMARCK LAKES",
        "motorcycle": null,
        "name": "LAMARCK LAKES",
        "namealternate": null,
        "nationaltraildesignation": null,
        "networklength": 4481.21651792,
        "nonmotorizedwatercraft": null,
        "objectid": 2475489,
        "ohvisorunder50inches": null,
        "ohvover50inches": null,
        "osvm": null,
        "packsaddle": null,
        "permanentidentifier": "{7883C1CE-3F51-420F-B463-26CBD70661D1}",
        "pets": null,
        "primarytrailmaintainer": "FS",
        "publisheddate": null,
        "routetype": "Trail",
        "seasonopen": null,
        "shape_Length": 0.020385171027671987,
        "snowshoe": null,
        "sourcedatadecscription": "USFS Trails Update 03/2026",
        "sourcedatasetid": "{8CC4DB36-D0BE-4189-88C7-64C3569EB754}",
        "sourceeditdate": 1774742400000,
        "sourcefeatureid": "5822",
        "sourceoriginator": "U.S. Forest Service",
        "trailnumber": "3004",
        "trailnumberalternate": null,
        "trailsurface": "Unpaved Native",
        "trailtype": "Terra Trail"
      },
      "type": "Feature"
    },
    {
      "geometry": {
        "coordinates": [
          [
            -118.62857104319129,
            37.226038791891234
          ],
          [
            -118.62856926714724,
            37.22601928772273
          ],
          [
            -118.62832896605282,
            37.22590090856123
          ],
          [
            -118.628253464998,
            37.225895183565896
          ],
          [
            -118.6282156962413,
            37.22589119502645
          ],
          [
            -118.62809680453795,
            37.22573509918616
          ],
          [
            -118.628051445154,
            37.225722199188034
          ],
          [
            -118.62791602326449,
            37.22579616170461
          ],
          [
            -118.62784581908382,
            37.22577459191574
          ],
          [
            -118.6278574388704,
            37.22570908670021
          ],
          [
            -118.62787487636881,
            37.225668289820035
          ],
          [
            -118.62790121595258,
            37.225631873148
          ],
          [
            -118.62791563886626,
            37.22558210543378
          ],
          [
            -118.62792608157213,
            37.22554365542934
          ],
          [
            -118.62794829407238,
            37.225511803341355
          ],
          [
            -118.62796618052973,
            37.225475508544875
          ],
          [
            -118.62799251282189,
            37.225439090831195
          ],
          [
            -118.62800823990362,
            37.22540057415965
          ],
          [
            -118.62805825345178,
            37.22538411373793
          ],
          [
            -118.62807479199085,
            37.225334316856916
          ],
          [
            -118.62812530241486,
            37.22532460643582
          ],
          [
            -118.6281718992946,
            37.22529692934653
          ],
          [
            -118.62821408575596,
            37.22526030017341
          ],
          [
            -118.62829930555284,
            37.225178008492804
          ],
          [
            -118.62833062638771,
            37.225143780362274
          ],
          [
            -118.62838768889365,
            37.2251114511885
          ],
          [
            -118.62844421181522,
            37.22507011784727
          ],
          [
            -118.62849484411134,
            37.225033372006806
          ],
          [
            -118.62851274306698,
            37.224981299083844
          ],
          [
            -118.62851820973017,
            37.224940665746125
          ],
          [
            -118.62846647430158,
            37.22490982824672
          ],
          [
            -118.62842175346087,
            37.224910442833206
          ],
          [
            -118.62837092741373,
            37.224938182422775
          ],
          [
            -118.62833317741072,
            37.224967989719985
          ],
          [
            -118.62830826490884,
            37.224988612640374
          ],
          [
            -118.62827046490553,
            37.22501616889567
          ],
          [
            -118.62823218052472,
            37.22502120327385
          ],
          [
            -118.62818703051508,
            37.22500154077506
          ],
          [
            -118.62816064300735,
            37.22497035639883
          ],
          [
            -118.62814050029176,
            37.224934583480085
          ],
          [
            -118.62815923570834,
            37.224905031392574
          ],
          [
            -118.62820351488011,
            37.22488414701246
          ],
          [
            -118.62822854300579,
            37.22485225846595
          ],
          [
            -118.62827872634297,
            37.22481100950014
          ],
          [
            -118.62835417739048,
            37.22474913448886
          ],
          [
            -118.62841738677147,
            37.22470770843876
          ],
          [
            -118.62841661176745,
            37.22467166364362
          ],
          [
            -118.62840959822124,
            37.22464021364107
          ],
          [
            -118.62837077946264,
            37.22462046885014
          ],
          [
            -118.62833893154166,
            37.224629918853296
          ],
          [
            -118.62828785861834,
            37.22464639177508
          ],
          [
            -118.62824382215615,
            37.224678542822964
          ],
          [
            -118.62818720444243,
            37.22471536991378
          ],
          [
            -118.62814925860503,
            37.22473617200179
          ],
          [
            -118.62811765547701,
            37.224756886589326
          ],
          [
            -118.62807951588866,
            37.224768676176446
          ],
          [
            -118.62802752733549,
            37.224742351177476
          ],
          [
            -118.6280583554594,
            37.22468559700316
          ],
          [
            -118.62810221483558,
            37.224628657411216
          ],
          [
            -118.62812669191852,
            37.22458776261387
          ],
          [
            -118.62817053879633,
            37.224546603231836
          ],
          [
            -118.62822760651069,
            37.224514273016396
          ],
          [
            -118.62826521172126,
            37.22447770738523
          ],
          [
            -118.62829628255486,
            37.224432212586954
          ],
          [
            -118.62828247525702,
            37.22439635216779
          ],
          [
            -118.62826892733369,
            37.224355980289786
          ],
          [
            -118.62828727524823,
            37.224308409450536
          ],
          [
            -118.62835115025949,
            37.22431429278
          ],
          [
            -118.62839616172674,
            37.224327191736506
          ],
          [
            -118.62844147111045,
            37.22433783860937
          ],
          [
            -118.62849185340696,
            37.22430560214442
          ],
          [
            -118.62849712111077,
            37.2242559583892
          ],
          [
            -118.62852170965085,
            37.22420379275739
          ],
          [
            -118.62855331486219,
            37.22418308233654
          ],
          [
            -118.62858482319803,
            37.224157863581915
          ],
          [
            -118.6286352961201,
            37.22413012920071
          ],
          [
            -118.628660225287,
            37.22409373648708
          ],
          [
            -118.6286980721655,
            37.22406843127367
          ],
          [
            -118.62876795967435,
            37.224042682307974
          ],
          [
            -118.62881901489106,
            37.22404198126272
          ],
          [
            -118.62885071593625,
            37.224025779175605
          ],
          [
            -118.62885584405598,
            37.22396937083641
          ],
          [
            -118.6288293596727,
            37.22393368437644
          ],
          [
            -118.62871978152579,
            37.22389913333901
          ],
          [
            -118.62864936068088,
            37.22390010001061
          ],
          [
            -118.62857327838006,
            37.223932689602435
          ],
          [
            -118.62847857628653,
            37.22398356461392
          ],
          [
            -118.62840215440065,
            37.22400038649586
          ],
          [
            -118.62835724501727,
            37.223991986498184
          ],
          [
            -118.62832442938299,
            37.223956386497
          ],
          [
            -118.6283175075039,
            37.22392944378649
          ],
          [
            -118.62832911375041,
            37.22387970732251
          ],
          [
            -118.62836023250091,
            37.22383646981613
          ],
          [
            -118.62840388562773,
            37.22378630001658
          ],
          [
            -118.62847928771663,
            37.2237221718801
          ],
          [
            -118.62854230334663,
            37.223671736454136
          ],
          [
            -118.62863685960608,
            37.223614108316944
          ],
          [
            -118.62869805752892,
            37.223577212475796
          ],
          [
            -118.6287255304484,
            37.22356106351397
          ],
          [
            -118.62879210441429,
            37.22352860308954
          ],
          [
            -118.62886643879642,
            37.22348026349635
          ],
          [
            -118.6289353929617,
            37.22336214785503
          ],
          [
            -118.62897789817659,
            37.22335705722659
          ],
          [
            -118.62900788776338,
            37.22334312909813
          ],
          [
            -118.62903675026277,
            37.22329315617458
          ],
          [
            -118.62907498360165,
            37.22328587596291
          ],
          [
            -118.62908097213722,
            37.22322044470614
          ],
          [
            -118.62905041379567,
            37.22319157387208
          ],
          [
            -118.6290226075394,
            37.223176183247496
          ],
          [
            -118.62894064085604,
            37.22314801345876
          ],
          [
            -118.62888270126224,
            37.22313979575368
          ],
          [
            -118.62882486895882,
            37.22312030721413
          ],
          [
            -118.62878571269844,
            37.22308479471339
          ],
          [
            -118.62880351373698,
            37.22302821866498
          ],
          [
            -118.62882863873811,
            37.22300083636888
          ],
          [
            -118.6288471179052,
            37.22297579157346
          ],
          [
            -118.62887838248977,
            37.22293931344279
          ],
          [
            -118.62891569394884,
            37.22288922906029
          ],
          [
            -118.62892135644637,
            37.222857605098454
          ],
          [
            -118.62889522518822,
            37.22282190926346
          ],
          [
            -118.62885674809802,
            37.2228179332241
          ],
          [
            -118.62881846580053,
            37.22282296239388
          ],
          [
            -118.62879320225696,
            37.22284359052268
          ],
          [
            -118.62875516058568,
            37.22285988636023
          ],
          [
            -118.62871687932984,
            37.22286491553002
          ],
          [
            -118.6286719689048,
            37.2228565186573
          ],
          [
            -118.62866459910852,
            37.2228250738631
          ],
          [
            -118.62866382306285,
            37.22278903531796
          ],
          [
            -118.62868231472818,
            37.22274822177104
          ],
          [
            -118.62871914180974,
            37.222675612386446
          ],
          [
            -118.62873773243388,
            37.22263930092325
          ],
          [
            -118.62878825327284,
            37.22261382279228
          ],
          [
            -118.62885121681926,
            37.22256113528277
          ],
          [
            -118.62887569806891,
            37.22252024048544
          ],
          [
            -118.62893266057434,
            37.22248340297786
          ],
          [
            -118.62897026370167,
            37.22244683734672
          ],
          [
            -118.62900752828551,
            37.222394497755715
          ],
          [
            -118.62903927724761,
            37.22238054046045
          ],
          [
            -118.62910242829673,
            37.22235263628673
          ],
          [
            -118.62913393454929,
            37.22232741753208
          ],
          [
            -118.62916519809215,
            37.22229093835968
          ],
          [
            -118.62915808246208,
            37.22225498210664
          ],
          [
            -118.62913194495559,
            37.222235058148186
          ],
          [
            -118.62909337098989,
            37.22222657585836
          ],
          [
            -118.62903583243805,
            37.2222206091951
          ],
          [
            -118.62897789805251,
            37.22221238732334
          ],
          [
            -118.62893927512829,
            37.222201652949956
          ],
          [
            -118.62888100844764,
            37.222161893575105
          ],
          [
            -118.62887344385867,
            37.22212143940503
          ],
          [
            -118.62890446990028,
            37.22207369252319
          ],
          [
            -118.62894918449099,
            37.222073080020046
          ],
          [
            -118.62899449283299,
            37.22208372168462
          ],
          [
            -118.62909070222608,
            37.222102683138154
          ],
          [
            -118.62915478244494,
            37.222101802925266
          ],
          [
            -118.6292252991237,
            37.222105340420725
          ],
          [
            -118.62926314391889,
            37.22208003520731
          ],
          [
            -118.62931976059096,
            37.22204320811648
          ],
          [
            -118.629344593924,
            37.22200230706908
          ],
          [
            -118.6293814137139,
            37.221929696642825
          ],
          [
            -118.62938663766751,
            37.22187779663735
          ],
          [
            -118.62937898661794,
            37.22181706642368
          ],
          [
            -118.62939079182385,
            37.221776344543905
          ],
          [
            -118.62942196057456,
            37.22173535912108
          ],
          [
            -118.62944688349143,
            37.2216989611991
          ],
          [
            -118.62945244598849,
            37.22166283515354
          ],
          [
            -118.62944498973161,
            37.22161110910734
          ],
          [
            -118.62939974076316,
            37.22158694452479
          ],
          [
            -118.62937272512714,
            37.22152647472905
          ],
          [
            -118.62938419283124,
            37.22146998513943
          ],
          [
            -118.62940887303851,
            37.221422332008096
          ],
          [
            -118.62944691158472,
            37.22140603721221
          ],
          [
            -118.62947875846402,
            37.22139658200074
          ],
          [
            -118.6295681907704,
            37.221395354911095
          ],
          [
            -118.62963227619761,
            37.22139447469823
          ],
          [
            -118.62968366787445,
            37.221409542404494
          ],
          [
            -118.62971604808983,
            37.22142486948705
          ],
          [
            -118.62977442414429,
            37.221453363235824
          ],
          [
            -118.62981947727837,
            37.221468518442514
          ],
          [
            -118.62985785645134,
            37.22146799031475
          ],
          [
            -118.62990256895876,
            37.22146737676994
          ],
          [
            -118.62996772313447,
            37.221450709055475
          ],
          [
            -118.63006003148146,
            37.22143591946434
          ],
          [
            -118.63009608044821,
            37.221457959047264
          ],
          [
            -118.63014223670777,
            37.22147534862911
          ],
          [
            -118.63018779400934,
            37.22149725800312
          ],
          [
            -118.63022732734969,
            37.221501222584074
          ],
          [
            -118.63021704192741,
            37.22146530903964
          ],
          [
            -118.63019709400452,
            37.22143854549672
          ],
          [
            -118.63019486170835,
            37.22140026945149
          ],
          [
            -118.63017723149345,
            37.22136671319944
          ],
          [
            -118.63012997627342,
            37.221331306949274
          ],
          [
            -118.63009770543184,
            37.22130471215724
          ],
          [
            -118.63005311167157,
            37.22127828715774
          ],
          [
            -118.63004348458249,
            37.22124011319634
          ],
          [
            -118.63008351375703,
            37.22125082673629
          ],
          [
            -118.63013370647457,
            37.221259149650265
          ],
          [
            -118.63018284190028,
            37.22126749339774
          ],
          [
            -118.63024138670212,
            37.221271193394024
          ],
          [
            -118.63028910962761,
            37.221279549641515
          ],
          [
            -118.63030880233552,
            37.221245481928506
          ],
          [
            -118.63029464816258,
            37.221209620467654
          ],
          [
            -118.63028784086568,
            37.221171412131085
          ],
          [
            -118.63029037627962,
            37.22114208296138
          ],
          [
            -118.63029241377605,
            37.22110600483271
          ],
          [
            -118.63029743252193,
            37.2210608694113
          ],
          [
            -118.63028559397371,
            37.22101822044965
          ],
          [
            -118.63028703667713,
            37.220970880861586
          ],
          [
            -118.63028280229608,
            37.22092136210703
          ],
          [
            -118.63027467937444,
            37.22088767668764
          ],
          [
            -118.6302530189444,
            37.22079784334709
          ],
          [
            -118.63025736164344,
            37.22070539750441
          ],
          [
            -118.6302433762179,
            37.22064475270779
          ],
          [
            -118.63026127309023,
            37.220592678743124
          ],
          [
            -118.63026615641701,
            37.22052501623621
          ],
          [
            -118.63024626890939,
            37.22048472977532
          ],
          [
            -118.63021968973395,
            37.22044453706494
          ],
          [
            -118.63019970535075,
            37.22039974435358
          ],
          [
            -118.630172549089,
            37.22033252039063
          ],
          [
            -118.6301461647062,
            37.2203013360144
          ],
          [
            -118.63011334907185,
            37.22026573184654
          ],
          [
            -118.63010004385815,
            37.22023662455293
          ],
          [
            -118.63009892718574,
            37.22018481204796
          ],
          [
            -118.63014252197894,
            37.22013239016484
          ],
          [
            -118.63020631469634,
            37.22011799328403
          ],
          [
            -118.63027024803945,
            37.220110352653855
          ],
          [
            -118.63034724701167,
            37.22012056619114
          ],
          [
            -118.63041140952443,
            37.220139962021904
          ],
          [
            -118.63048226578829,
            37.22015927035225
          ],
          [
            -118.63054025121578,
            37.22016973805757
          ],
          [
            -118.63062344081324,
            37.22017310263547
          ],
          [
            -118.63067449290497,
            37.22017240159023
          ],
          [
            -118.63071306582897,
            37.22018088388004
          ],
          [
            -118.63074578458777,
            37.22021198075579
          ],
          [
            -118.63077246063871,
            37.22025667659162
          ],
          [
            -118.63081205440137,
            37.220312465136004
          ],
          [
            -118.6308518898319,
            37.22037951826478
          ],
          [
            -118.6308911377594,
            37.22041953805761
          ],
          [
            -118.63096199298164,
            37.22043884222125
          ],
          [
            -118.63101953049187,
            37.22044481200954
          ],
          [
            -118.63107069195736,
            37.220432845338166
          ],
          [
            -118.63109551070876,
            37.22040771825068
          ],
          [
            -118.63110741799676,
            37.22035572449475
          ],
          [
            -118.63110639924149,
            37.220308420323555
          ],
          [
            -118.63111133048521,
            37.22024300781684
          ],
          [
            -118.63112946902547,
            37.220202200519935
          ],
          [
            -118.63113557110684,
            37.22017507760021
          ],
          [
            -118.63117365861169,
            37.220161033846175
          ],
          [
            -118.63122490549611,
            37.220169341135076
          ],
          [
            -118.6312896700935,
            37.22019999842526
          ],
          [
            -118.63131589197722,
            37.22024019634405
          ],
          [
            -118.63132959719121,
            37.22027155363783
          ],
          [
            -118.63134958365775,
            37.220316347390785
          ],
          [
            -118.63135055449611,
            37.22036139635345
          ],
          [
            -118.63137094096292,
            37.22040843593995
          ],
          [
            -118.63144092118061,
            37.220387196349705
          ],
          [
            -118.63147871597552,
            37.22035963488606
          ],
          [
            -118.63152870035339,
            37.2203093755027
          ],
          [
            -118.63155640451876,
            37.22025491612049
          ],
          [
            -118.63160268681001,
            37.220179922359975
          ],
          [
            -118.63163394931127,
            37.22014344214592
          ],
          [
            -118.63166477326858,
            37.220086686929875
          ]
        ],
        "type": "LineString"
      },
      "properties": {
        "bicycle": null,
        "crosscountryski": null,
        "dogsled": null,
        "ebike": null,
        "electricwatercraft": null,
        "feature_id": "{7B64F752-3CA1-43B9-A9D5-4FAAB119C6B6}",
        "globalid": "{BD2E569F-F930-44FD-9B81-615865A9C941}",
        "hikerpedestrian": null,
        "icewatercraft": null,
        "lengthmiles": 0.89022998,
        "livestock": null,
        "loaddate": 1777310283000,
        "maplabel": "LAMARCK LAKES",
        "motorcycle": null,
        "name": "LAMARCK LAKES",
        "namealternate": null,
        "nationaltraildesignation": null,
        "networklength": 4481.21651792,
        "nonmotorizedwatercraft": null,
        "objectid": 2475500,
        "ohvisorunder50inches": null,
        "ohvover50inches": null,
        "osvm": null,
        "packsaddle": null,
        "permanentidentifier": "{7B64F752-3CA1-43B9-A9D5-4FAAB119C6B6}",
        "pets": null,
        "primarytrailmaintainer": "FS",
        "publisheddate": null,
        "routetype": "Trail",
        "seasonopen": null,
        "shape_Length": 0.014480878836579673,
        "snowshoe": null,
        "sourcedatadecscription": "USFS Trails Update 03/2026",
        "sourcedatasetid": "{8CC4DB36-D0BE-4189-88C7-64C3569EB754}",
        "sourceeditdate": 1774742400000,
        "sourcefeatureid": "5921",
        "sourceoriginator": "U.S. Forest Service",
        "trailnumber": "3004",
        "trailnumberalternate": null,
        "trailsurface": "Unpaved Native",
        "trailtype": "Terra Trail"
      },
      "type": "Feature"
    },
    {
      "geometry": {
        "coordinates": [
          [
            -118.56465779746478,
            37.161509166049136
          ],
          [
            -118.56470820997059,
            37.161485075418305
          ],
          [
            -118.56474187039036,
            37.16146209624711
          ],
          [
            -118.56476882768213,
            37.16142118061623
          ],
          [
            -118.56484229539676,
            37.1613661326891
          ],
          [
            -118.56485809018712,
            37.161329874351104
          ],
          [
            -118.56489186831405,
            37.161295626428725
          ],
          [
            -118.56493972352663,
            37.1612611972554
          ],
          [
            -118.56497697249087,
            37.16125845350259
          ],
          [
            -118.5650030151999,
            37.16122431078914
          ],
          [
            -118.56503972665945,
            37.16117875974044
          ],
          [
            -118.5650740027038,
            37.16115127015207
          ],
          [
            -118.56510803395894,
            37.161146311815855
          ],
          [
            -118.56512532666672,
            37.161114536811596
          ],
          [
            -118.56514824541712,
            37.16108268784853
          ],
          [
            -118.56519649854667,
            37.1610505055504
          ],
          [
            -118.5652349527129,
            37.160986904499836
          ],
          [
            -118.56527586313315,
            37.16095707532742
          ],
          [
            -118.56529160896496,
            37.16091856073923
          ],
          [
            -118.56531744542099,
            37.1608573784398
          ],
          [
            -118.56536362875877,
            37.160827480517
          ],
          [
            -118.56538866417618,
            37.160795603428845
          ],
          [
            -118.56539303396566,
            37.160768503425906
          ],
          [
            -118.56540200062918,
            37.16072557321273
          ],
          [
            -118.56541317146025,
            37.16068711904153
          ],
          [
            -118.56544807562756,
            37.160639337784446
          ],
          [
            -118.56546881833371,
            37.160587240902906
          ],
          [
            -118.5654966652099,
            37.1605553263145
          ],
          [
            -118.56549961311858,
            37.16047642005657
          ],
          [
            -118.56551200269885,
            37.16042893671771
          ],
          [
            -118.56550044644351,
            37.160397541923764
          ],
          [
            -118.56549355268949,
            37.160370595046636
          ]
        ],
        "type": "LineString"
      },
      "properties": {
        "bicycle": null,
        "crosscountryski": null,
        "dogsled": null,
        "ebike": null,
        "electricwatercraft": null,
        "feature_id": "{93E539C3-B4DA-4C0A-99E8-4958DD2B2598}",
        "globalid": "{FC8765B1-8D03-4B63-9D29-B2FD4CB6013E}",
        "hikerpedestrian": null,
        "icewatercraft": null,
        "lengthmiles": 0.09704744,
        "livestock": null,
        "loaddate": 1777310283000,
        "maplabel": null,
        "motorcycle": null,
        "name": "BISHOP PASS",
        "namealternate": null,
        "nationaltraildesignation": null,
        "networklength": 35.85381204,
        "nonmotorizedwatercraft": null,
        "objectid": 2475227,
        "ohvisorunder50inches": null,
        "ohvover50inches": null,
        "osvm": null,
        "packsaddle": null,
        "permanentidentifier": "{93E539C3-B4DA-4C0A-99E8-4958DD2B2598}",
        "pets": null,
        "primarytrailmaintainer": "FS",
        "publisheddate": null,
        "routetype": "Trail",
        "seasonopen": null,
        "shape_Length": 0.0015213528266068274,
        "snowshoe": null,
        "sourcedatadecscription": "USFS Trails Update 03/2026",
        "sourcedatasetid": "{8CC4DB36-D0BE-4189-88C7-64C3569EB754}",
        "sourceeditdate": 1774742400000,
        "sourcefeatureid": "5664",
        "sourceoriginator": "U.S. Forest Service",
        "trailnumber": "3104",
        "trailnumberalternate": null,
        "trailsurface": "Unpaved Native",
        "trailtype": "Terra Trail"
      },
      "type": "Feature"
    },
    {
      "geometry": {
        "coordinates": [
          [
            -118.56582613496069,
            37.1693299188176
          ],
          [
            -118.56582304745507,
            37.169282639646525
          ],
          [
            -118.56579799328212,
            37.16926268756299
          ],
          [
            -118.56575413285697,
            37.169252002148276
          ],
          [
            -118.56569436826042,
            37.169221242774434
          ],
          [
            -118.565682853672,
            37.16919210006405
          ],
          [
            -118.56566763908202,
            37.16915399276968
          ],
          [
            -118.56563438490161,
            37.16907782088953
          ],
          [
            -118.56562294427015,
            37.169035161511104
          ],
          [
            -118.56562715884493,
            37.168949478169125
          ],
          [
            -118.56564431509359,
            37.16891094378918
          ],
          [
            -118.56569665676116,
            37.16883814794505
          ],
          [
            -118.56575514426562,
            37.16879005731135
          ],
          [
            -118.56580828385414,
            37.16875555730429
          ],
          [
            -118.56587866719181,
            37.16868703125104
          ],
          [
            -118.56593105573458,
            37.16861648644888
          ],
          [
            -118.56598330469325,
            37.168539182271026
          ],
          [
            -118.56601728802224,
            37.16844634996789
          ],
          [
            -118.56606963073143,
            37.16837355412384
          ],
          [
            -118.56610286926468,
            37.1682446759839
          ],
          [
            -118.56612696822242,
            37.1682015426447
          ],
          [
            -118.56614329530554,
            37.16817428951589
          ],
          [
            -118.56617673488705,
            37.16810625096526
          ],
          [
            -118.56618584217634,
            37.16807007596109
          ],
          [
            -118.56619525363213,
            37.16803164262338
          ],
          [
            -118.56620250362894,
            37.16799098949384
          ],
          [
            -118.56623439841788,
            37.167916209276015
          ],
          [
            -118.56623419008157,
            37.167889173856715
          ],
          [
            -118.56623745257895,
            37.16785983635362
          ],
          [
            -118.56623872549149,
            37.167819260307894
          ],
          [
            -118.56623235361148,
            37.16778328947148
          ],
          [
            -118.566235973397,
            37.16772014779835
          ],
          [
            -118.56623253380798,
            37.16767287800232
          ],
          [
            -118.56623496505082,
            37.16760299049531
          ],
          [
            -118.5662360233807,
            37.16756917799189
          ],
          [
            -118.56620553691248,
            37.16752451236468
          ],
          [
            -118.56619318169821,
            37.167488618612005
          ],
          [
            -118.56618098585803,
            37.16744371756674
          ],
          [
            -118.56616736293593,
            37.16741460298154
          ],
          [
            -118.56614049105212,
            37.16737439672948
          ],
          [
            -118.56611663791806,
            37.16732739151817
          ],
          [
            -118.56610383791157,
            37.16728699984841
          ],
          [
            -118.56607304623526,
            37.16724459567971
          ],
          [
            -118.56604124518397,
            37.167204455053
          ],
          [
            -118.56602788059477,
            37.167170833175604
          ],
          [
            -118.56599622016928,
            37.16713744671621
          ],
          [
            -118.56597316495251,
            37.167094940463656
          ],
          [
            -118.56593740348343,
            37.16705034254507
          ],
          [
            -118.56590625868193,
            37.16700794150144
          ],
          [
            -118.56588911804737,
            37.16694507587146
          ],
          [
            -118.56586393366527,
            37.16691836857892
          ],
          [
            -118.56584643782585,
            37.16688930503558
          ],
          [
            -118.56581372739659,
            37.166822138364594
          ],
          [
            -118.56578738780544,
            37.16679093940506
          ],
          [
            -118.56576548571438,
            37.16675291961115
          ],
          [
            -118.56574438049893,
            37.166719398776
          ],
          [
            -118.56571870236608,
            37.16668594044117
          ],
          [
            -118.56569689506712,
            37.1666524237727
          ],
          [
            -118.56566865651668,
            37.16661449252093
          ],
          [
            -118.56564750442594,
            37.16657871751894
          ],
          [
            -118.56561692629057,
            37.16652954772454
          ],
          [
            -118.56556959919119,
            37.16645355813705
          ],
          [
            -118.5655628314776,
            37.166415340425445
          ],
          [
            -118.56553801584391,
            37.16637285500633
          ],
          [
            -118.5655130689594,
            37.166323611253254
          ],
          [
            -118.56543924393654,
            37.166225440415374
          ],
          [
            -118.56538331891639,
            37.16612477582607
          ],
          [
            -118.56528477513535,
            37.16598862269452
          ],
          [
            -118.56514327092292,
            37.165783183100864
          ],
          [
            -118.5650571615214,
            37.1656693997623
          ],
          [
            -118.56497076461824,
            37.16554209871416
          ],
          [
            -118.56491526043374,
            37.16546170704347
          ],
          [
            -118.56484751353736,
            37.165367964330606
          ],
          [
            -118.56482817290185,
            37.16530061849199
          ],
          [
            -118.56482659060168,
            37.1652240278596
          ]
        ],
        "type": "LineString"
      },
      "properties": {
        "bicycle": null,
        "crosscountryski": null,
        "dogsled": null,
        "ebike": null,
        "electricwatercraft": null,
        "feature_id": "{A186567E-F41B-4E9B-B30E-51FAC507D3F6}",
        "globalid": "{DF72AEBA-6481-4094-B5A7-0C638F01CCA5}",
        "hikerpedestrian": null,
        "icewatercraft": null,
        "lengthmiles": 0.31627164,
        "livestock": null,
        "loaddate": 1777310283000,
        "maplabel": null,
        "motorcycle": null,
        "name": "BISHOP PASS",
        "namealternate": null,
        "nationaltraildesignation": null,
        "networklength": 35.85381204,
        "nonmotorizedwatercraft": null,
        "objectid": 2475273,
        "ohvisorunder50inches": null,
        "ohvover50inches": null,
        "osvm": null,
        "packsaddle": null,
        "permanentidentifier": "{A186567E-F41B-4E9B-B30E-51FAC507D3F6}",
        "pets": null,
        "primarytrailmaintainer": "FS",
        "publisheddate": null,
        "routetype": "Trail",
        "seasonopen": null,
        "shape_Length": 0.004820329964313531,
        "snowshoe": null,
        "sourcedatadecscription": "USFS Trails Update 03/2026",
        "sourcedatasetid": "{8CC4DB36-D0BE-4189-88C7-64C3569EB754}",
        "sourceeditdate": 1774742400000,
        "sourcefeatureid": "5477",
        "sourceoriginator": "U.S. Forest Service",
        "trailnumber": "3104",
        "trailnumberalternate": null,
        "trailsurface": "Unpaved Native",
        "trailtype": "Terra Trail"
      },
      "type": "Feature"
    }
  ],
  "type": "FeatureCollection",
  "wayproof": {
    "artifact_format_version": 1,
    "classification": "public_domain",
    "normalized_coordinate_reference_system": "EPSG:4326",
    "retrieved_at": "2026-09-25T08:00:00+00:00",
    "selection": {
      "feature_ids": [
        "{197DBD9A-C332-4B2F-988D-8FE66A2C7FD0}",
        "{2455306E-FFBB-4E3E-9AB4-54599266EFAB}",
        "{5D362CB9-BAF5-40FA-9C90-A898285A5D53}",
        "{5D6BC459-47B7-4B51-87D3-96E4DCDAEEB0}",
        "{70A05BFB-692F-4CFE-9380-1B9DA54DC158}",
        "{7883C1CE-3F51-420F-B463-26CBD70661D1}",
        "{7B64F752-3CA1-43B9-A9D5-4FAAB119C6B6}",
        "{93E539C3-B4DA-4C0A-99E8-4958DD2B2598}",
        "{A186567E-F41B-4E9B-B30E-51FAC507D3F6}"
      ]
    },
    "source_coordinate_reference_system": "EPSG:4269",
    "source_id": "source-usgs-national-digital-trails-eastern-sierra-20260924",
    "source_layer": 0,
    "source_locator": "https://partnerships.nationalmap.gov/arcgis/rest/services/USGSTrails/MapServer/0"
  }
}
