entry_id,date_checked,permit_group,source_url,source_last_updated,method,verdict,summary,conflict_id,conflict_kind
hoover-2026-07-22-01,2026-07-22,hoover,,,websearch,new-group,"Initial 50%-at-6mo/50%-at-3day split figure from web-search synthesis, no single primary page.",,
inyo_jmw_aaw-2026-07-22-01,2026-07-22,inyo_jmw_aaw,,,websearch,new-group,Initial May 1 - Nov 1 season and 60/40 6mo/2wk split from web-search synthesis.,,
whitney_zone-2026-07-22-01,2026-07-22,whitney_zone,,,websearch,new-group,"Initial lottery date estimates from web-search synthesis (apply Feb1-Mar1, ~Mar15 results, Apr21 claim, Apr22 release).",,
sierra_nf-2026-07-22-01,2026-07-22,sierra_nf,,,websearch,new-group,Initial May1-Sep30 seasonal-quota guess and 60/40 6mo/2wk-release-style split guess -- BOTH later found wrong by a primary source.,,
yosemite-2026-07-22-01,2026-07-22,yosemite,,,websearch,new-group,Season/split from web-search synthesis. Never independently re-checked against a primary source since.,,
seki-2026-07-22-01,2026-07-22,seki,,,websearch,new-group,2026 season May22-Sep26 and rolling 6mo release from web-search synthesis. Never independently re-checked against a primary source since.,,
gtw_free-2026-07-22-01,2026-07-22,gtw_free,https://www.fs.usda.gov/r05/sequoia/recreation/golden-trout-wilderness,,websearch,new-group,"Free self-issue, no quota, from web-search synthesis. Never independently re-checked against a primary source since.",,
desolation-2026-07-22-01,2026-07-22,desolation,,,websearch,new-group,Initial Apr24-Oct18 season guess and 70/30 split guess -- season later found wrong by a primary source; split never independently confirmed.,,
cpma-2026-07-22-01,2026-07-22,cpma,,,websearch,new-group,Initial season/quota-count/fee guesses from web-search synthesis.,,
mokelumne_free-2026-07-22-01,2026-07-22,mokelumne_free,https://www.fs.usda.gov/r05/eldorado/wilderness/mokelumne-wilderness-general-overnight-permits,,websearch,new-group,"Free self-issue outside CPMA, from web-search synthesis. Never independently re-checked against a primary source since.",,
stanislaus_free-2026-07-22-01,2026-07-22,stanislaus_free,https://www.fs.usda.gov/r05/stanislaus/permits/wilderness-permits,,websearch,new-group,"Free self-issue, no quota, from web-search synthesis. Never independently re-checked against a primary source since.",,
none-2026-07-22-01,2026-07-22,none,,,general-knowledge,new-group,"Blanket disclaimer row for non-wilderness trailheads; California Campfire Permit reference is generic USFS policy, not agency-specific -- no single source to log.",,
sierra_nf-2026-07-22-02,2026-07-22,sierra_nf,https://www.fs.usda.gov/r05/sierra/permits/obtaining-wilderness-permit ; https://www.recreation.gov/permits/445858,2026-01-22,user-screenshot,corrects-existing,"CORRECTED the 2026-07-22 web-search entry: quotas are year-round, not May-Sep seasonal (fixed a real code bug in in_quota_season() that assumed no-season-bounds meant never-in-season). Reservation is a continuous 6mo-to-14-day rolling window, not a two-stage 60/40 release. Fee, pickup-in-person requirement, and no-phone-reservations detail corrected/added.",,
desolation-2026-07-22-02,2026-07-22,desolation,https://www.recreation.gov/permits/233261,,user-screenshot,corrects-existing,"CORRECTED the 2026-07-22 web-search entry: quota season is Friday-before-Memorial-Day through a FIXED Sep 30 end date, not Apr24-Oct18 (that range was untraceable to any real source). Unconfirmed 70/30 split language dropped in favor of the actually-confirmed mechanics (45 Destination Zones, 6-month window, walk-in during season).",,
cpma-2026-07-22-02,2026-07-22,cpma,https://www.fs.usda.gov/r05/eldorado/wilderness/carson-pass-management-area-permits,2026-04-06,user-screenshot,corrects-existing,"CORRECTED the 2026-07-22 web-search entry: fee was wrong (separate $5/day parking fee + Sno-Park permit required, not ""included in permit""); off-season is NOT self-issue, requires contacting Amador Ranger District in person or by email. Season, 14-permit/day quota, and 8-person group cap confirmed as correct.",,
hoover-2026-07-22-02,2026-07-22,hoover,https://www.fs.usda.gov/r04/humboldt-toiyabe/permits/hoover-wilderness-permits,2026-04-29,user-pasted-text,corrects-existing,"CONFIRMED the 50/50 6mo/3day split from web-search. CORRECTED the quota'd trailhead list: official list is Buckeye Creek, Green Creek, Horse Creek, Leavitt Meadows, Little Slide Canyon, Robinson Creek, Virginia Lakes -- not ""Green Lakes"" (wrong name) or ""Twin Lakes"" (the trailhead is officially named Robinson Creek). Removed an unconfirmed off-season self-issue claim; source doesn't state the off-season issuance method.",,
inyo_jmw_aaw-2026-07-22-02,2026-07-22,inyo_jmw_aaw,https://www.fs.usda.gov/r05/inyo/permits/wilderness-permits,2026-07-08,user-screenshot,confirms-existing,"Independently corroborated the May1-Nov1 season and 60/40 6mo/2wk split exactly. Added that this page states Inyo NF also issues permits for the Hoover Wilderness portion (not just John Muir/Ansel Adams/Golden Trout), which the hoover-permit_group entry above already implied from the other side.",,
whitney_zone-2026-07-23-01,2026-07-23,whitney_zone,https://www.recreation.gov/permits/445860,,user-screenshot,unresolved-conflict,"Screenshot (low resolution, full scrolled page compressed to one tall image) appeared to show TWO different ""results"" dates -- Feb 22 and Mar 15 -- alongside the already-confirmed Apr21/Apr22 dates. Could not tell if this was two real steps or a misread. Flagged rather than guessed; NOT yet reconciled at this point in the log.",whitney-results-date,cross_source
whitney_zone-2026-07-23-02,2026-07-23,whitney_zone,https://www.recreation.gov/permits/445860,,user-pasted-full-text,corrects-existing,"RESOLVED the prior unresolved-conflict entry: clean full-page text shows only ONE results date (Mar 15) -- the screenshot ambiguity was a resolution/misread issue, not a real second date on the page. Also CORRECTED: daily quota numbers were backwards in the existing data (should be 100/day Day Use, 60/day Overnight, not reversed). CORRECTED: off-season (Nov2-Apr30) still requires an online reservation, not self-issue walk-up as previously assumed. NEW: Day Use permits explicitly cannot combine with other permits for pass-through/exit -- narrowed the interagency_note to Overnight-only. NEW, IMPORTANT: this permit's scope is limited to the classic Mt. Whitney Trail; the page explicitly excludes the North Fork of Lone Pine Creek trail (Mountaineers Route / Mt. Russell) from this lottery, directing climbers to the regular Inyo NF permit instead -- this became the basis for the permit_group_override mechanism added later the same day.",whitney-results-date,cross_source
inyo_gtw-2026-07-23-01,2026-07-23,inyo_gtw,https://www.fs.usda.gov/sites/nfs/files/legacy-media/inyo/List%20of%20Trail%20Names%20and%20Quotas%206-13-2021.pdf,2021-06-13,user-pdf-screenshot,new-group,"New permit_group. Cottonwood Lakes (trail code GT39) and Cottonwood Pass (GT60) are GT-prefixed trails, which per this PDF's footer text have a DIFFERENT quota season (last Friday in June - Sep 15) than the general Inyo John Muir/Ansel Adams May1-Nov1 season. Season NAME corroborated by the fs.usda.gov general wilderness-permits page (source_last_updated 2026-07-08, see the inyo_jmw_aaw entry above), but the specific quota NUMBERS (60/day, 40/day, 60/40 split) come only from this 2021 PDF -- lower confidence, worth re-checking. Corrects a prior mistake: Horseshoe Meadows (Cottonwood) had been tagged to inyo_jmw_aaw with the wrong (May1-Nov1) season.",,
inyo_hoover_nonquota-2026-07-23-01,2026-07-23,inyo_hoover_nonquota,https://www.fs.usda.gov/sites/nfs/files/legacy-media/inyo/List%20of%20Trail%20Names%20and%20Quotas%206-13-2021.pdf,2021-06-13,user-pdf-screenshot,new-group,"New permit_group. Lundy Canyon (trail code HH01) and Saddlebag Lake (HH04) are both listed as Inyo NF-administered (not Humboldt-Toiyabe NF) and non-quota. RESOLVES an open question flagged in the 2026-07-22 hoover entry above (Lundy Canyon wasn't on Humboldt-Toiyabe's official trailhead list, and it was unclear which forest actually administers it). CORRECTS two prior mistakes: Lundy Canyon had been tagged to Humboldt-Toiyabe NF's quota'd hoover group; Saddlebag Lake had been tagged to the quota'd inyo_jmw_aaw group. Same 2021 PDF caveat as inyo_gtw above -- the agency/quota-status facts are unlikely to be stale, but treat as the least-fresh source in this dataset.",,
inyo_gtw-2026-07-23-02,2026-07-23,inyo_gtw,https://www.recreation.gov/permits/233262,,user-screenshot,unresolved-conflict,"CONFLICTS with the 2026-07-23 new-group entry above. This is a screenshot of the general Inyo NF recreation.gov listing (the same one apply_url already points to), whose 'Important Dates' table explicitly names 'Cottonwood Pass - Golden Trout Wilderness' with quota season May 1, 2026 - November 1, 2026 -- i.e. the GENERAL Inyo season, NOT the shorter 'last Friday in June - Sep 15' season the 2021 PDF gave for GT-coded trails. This screenshot was originally sent alongside the PDF screenshot in the same message but was not actually reviewed until a later turn -- a real gap in that verification pass, caught when the user asked whether it had been backfilled. NOT YET RECONCILED: possible explanations include (a) this recreation.gov 'Important Dates' table reflects whichever trail is currently selected in the page's interactive booking widget rather than being Cottonwood-specific and may not be accurate for that trail, (b) the 2021 PDF is simply outdated and the season has since changed to match the general Inyo season, or (c) some other explanation not yet checked. Next step: check the 'Trail Names & Quota' link in this same page's Additional Information panel -- it may be an updated version of the 2021 PDF with a newer date, which would settle this directly. permits.csv NOT changed pending resolution; inyo_gtw's notes field flags this conflict so it surfaces in --permits output too, not just here.",inyo-gtw-quota-table-source,cross_source
inyo_gtw-2026-07-23-03,2026-07-23,inyo_gtw,https://www.fs.usda.gov/sites/nfs/files/legacy-media/inyo/List%20of%20Trail%20Names%20and%20Quotas%206-13-2021.pdf,2021-06-13,user-pdf-full-text,unresolved-conflict,"Followed up on the prior entry's suggested next step: user opened the 'Trail Names & Quota' link from the recreation.gov Additional Information panel and it resolves to this SAME URL/PDF, confirmed byte-for-byte via full text extraction (not just filename match) -- footer text verbatim matches the 2026-07-23 new-group entry above, word for word, including the Golden Trout season line. This does NOT resolve the conflict -- it SHARPENS it: recreation.gov's own listing page simultaneously (a) shows a live 'Important Dates' calendar claiming May1-Nov1 for Cottonwood Pass, and (b) links to its own official reference document, confirmed unchanged since 2021, saying the shorter Jun26-Sep15 season. The two are inconsistent with EACH OTHER, not just with each other across different sites. Still not reconciled -- a decisive test would be checking whether Cottonwood Pass is actually bookable/shows availability on recreation.gov outside the Jun-Sep15 window (e.g. try selecting an April date); that would settle which system the live booking engine actually enforces. Not yet done. permits.csv still unchanged pending this.",inyo-gtw-quota-table-source,cross_source
inyo_gtw-2026-07-23-04,2026-07-23,inyo_gtw,https://www.fs.usda.gov/sites/nfs/files/publication/trail%20quota%20sheet.pdf_0.pdf,,user-screenshot,confirms-existing,"User independently found a SECOND government-hosted copy of this same table, at a different URL/path (fs.usda.gov's 'publication' library rather than 'legacy-media') -- this filename doesn't embed a date, so source_last_updated is unknown for this specific copy. Content is identical to the 2021-06-13 PDF: same title, same table order, same Cottonwood Lakes (GT39, 60/36/24) and Cottonwood Pass (GT60, 40/24/16) figures, same 'Golden Trout Wilderness ... Quota applies Last Friday in June through Sept 15th' footer text verbatim. RESOLVING the conflict logged in the two prior entries: it's now 2 independent official reference documents (different URLs) agreeing on the shorter Jun26-Sep15 GT season, versus 1 dynamic recreation.gov summary calendar claiming May1-Nov1 whose specificity to Cottonwood Pass was never independently confirmed (most likely a generic/default range the widget shows regardless of which trail is selected, rather than a real season change). Weight of evidence favors the shorter season already in permits.csv -- closing this as resolved in that direction. Not a certainty: the fully decisive test (checking live recreation.gov booking availability for Cottonwood outside Jun-Sep) was still not performed, and remains available if the user wants to fully rule out the other possibility.",inyo-gtw-quota-table-source,cross_source
inyo_gtw-2026-07-23-05,2026-07-23,inyo_gtw,https://www.recreation.gov/permits/233262,,user-screenshot,confirms-existing,"User ran the live-booking-availability test suggested in the prior entry. Checked recreation.gov's per-day availability table directly (not just the summary calendar text) for two dates: (1) 4/21/2027 -- before both proposed seasons, so non-discriminating as expected -- Cottonwood Lakes and Cottonwood Pass both show a released value of 0 (confirmed no quota, not 'NR'). (2) 9/21-24/2026 -- inside the discriminating window (after Sep15, before Nov1) -- Cottonwood Lakes and Cottonwood Pass show 'NR' on all 4 days. Per the page's own legend, NR = 'Not Yet Released', a distinct status from 'Unavailable' -- it means the system hasn't opened booking for that date, not that the date is confirmed out of season. Critically, the SAME 4 dates for Deer Lakes (a plain John Muir Wilderness trail, general Inyo system) already show real released numbers (6, 6, NR, 6) one row below -- meaning the 6-month advance window is clearly already open system-wide for that date range, yet Cottonwood specifically has not released for it. This is strong (not fully conclusive, since NR could in principle still resolve to a nonzero number later) structural evidence that Cottonwood Lakes/Cottonwood Pass run on a DIFFERENT release/quota mechanism than standard JM-coded trails, consistent with -- and further supporting -- the shorter GT-specific season already adopted in permits.csv. Does not upgrade the resolution to full certainty, but adds a third independent data point (live booking system behavior, not just static documents) pointing the same direction as the two PDF sources.",,
yosemite-2026-07-23-01,2026-07-23,yosemite,https://www.nps.gov/yose/planyourvisit/wildpermitdates.htm,2025-11-13,user-screenshot,corrects-existing,"First independent verification of this permit_group (previously web-search synthesis only). CORRECTS the reservation mechanism: the 60% portion was modeled as a simple rolling reservation window (like Inyo/SEKI); it's actually a WEEKLY LOTTERY -- each week-long hiking-start window gets its own application period (opens Sunday 12:01am, closes the following Saturday 11:59pm, ~24 weeks/168 days ahead, results by Monday 5pm), with lottery-unclaimed spots opening first-come the following Friday up to 3 days out, and the remaining 40% released 7 days out (up to 3 days before entry). Structurally closer to the Whitney Zone lottery than to Inyo's system, just weekly instead of annual. ALSO CORRECTS an implicit assumption: season start is NOT a fixed May 1 park-wide -- source states late-April starts are available 'in some -- but not all -- areas of the park', with exact per-area dates in a downloadable dataset (linked from the source page, not retrieved). 05-01 in this row is now flagged as an approximation, not confirmed. permits.py gained a Yosemite-specific status branch so the report says 'apply to the weekly lottery' instead of the generic 'book now', matching the Whitney/CPMA precedent for permits whose mechanism doesn't fit the generic rolling-reservation model.",,
seki-2026-07-23-01,2026-07-23,seki,https://www.nps.gov/seki/planyourvisit/wilderness_permits.htm,2025-11-25,user-pasted-full-text,confirms-existing,"First independent verification of this permit_group (previously web-search synthesis only). CONFIRMS everything already on file, word for word: season is exactly May 22 - Sep 26 2026; fee is exactly $15/trip + $5/person; reservation mechanism is genuinely a simple daily 7am-Pacific rolling release up to 6 months out, NOT a lottery -- no Yosemite-style surprise this time. ADDS real logistics detail not previously captured: permits must be physically picked up at a trailhead Wilderness Office (a recreation.gov confirmation email is not valid), pickup window 1pm day-before to 10am day-of or the reservation releases to walk-ups; per-person fee refundable if cancelled 1+ week ahead; walk-up permits available same fee starting 1pm the day before. BROADENS the interagency reciprocity note: source explicitly names Sierra NF and Yosemite NP as reciprocal agencies too, not just Inyo NF as previously noted. SURFACES A NEW OPEN QUESTION rather than resolving it: entries via Jennie Lakes Wilderness (Sequoia NF) need a SEKI permit if continuing into the park via the JO Pass/Belle Canyon/Sugarloaf entry points specifically -- even though Jennie Lakes itself needs no permit for use that stays within it. This project's Marvin Pass trailhead (Jennie Lakes, tagged permit_group=none) serves Whaleback and Glacier Ridge; whether those specific summits cross into SEKI via one of the three named entry points is NOT confirmed -- flagged in the seki row's interagency_note, permits.csv NOT changed for the none/Marvin Pass row pending that check.",,
gtw_free-2026-07-23-01,2026-07-23,gtw_free,https://www.fs.usda.gov/r05/sequoia/recreation/golden-trout-wilderness,2025-09-03,user-screenshot-and-pasted-text,confirms-existing,"First independent verification of this permit_group (previously web-search synthesis only). CONFIRMS word for word: overnight-only permit requirement ('Visitor permits (required only for overnight stays...) are available from forest offices near wilderness entry points'), day-use needs no permit, wilderness spans both Sequoia and Inyo NF. Also confirms a California Campfire Permit is separately required for campfires/stoves specifically for this wilderness (previously only asserted as a general assumption in the 'none' group). PARTIAL -- doesn't independently nail down 'free' or 'self-issue' specifically: the page's own wording is 'available from forest offices near entry points', not an explicit self-issue-kiosk statement. Kept the existing self-issue framing since it matches the pattern confirmed elsewhere (inyo_hoover_nonquota, stanislaus_free), but flagged as not 100% independently confirmed for this specific page. User expanded the page's collapsed 'Passes and Permits' accordion, which turned out to cover only the campfire permit, not the wilderness permit; 'Seasons of Use' and 'Restrictions' sections were not checked.",,
gtw_free-2026-07-23-02,2026-07-23,gtw_free,https://www.fs.usda.gov/r05/sequoia/recreation/golden-trout-wilderness,2025-09-03,user-screenshot,confirms-existing,"Follow-up on the same Golden Trout Wilderness page (user intended to check Mokelumne Wilderness this round but re-sent screenshots of this same page with different accordions expanded -- content confirmed by 'Kern River Ranger District'/'Western Divide Ranger District' contact info, unmistakably Golden Trout, not Mokelumne). Adds previously-uncaptured detail rather than changing anything: 'Seasons of Use' section says 'June-November' -- a general trail-access/snow-free window, NOT a permit quota season (the wilderness remains confirmed non-quota). 'Restrictions' section: campfires may be prohibited for dispersed camping depending on current fire danger. Ranger district contacts added: Kern River RD (760-376-3781), Western Divide RD (559-539-2607, Springville CA, Mon-Fri 8am-4:30pm). 'Passes and Permits' accordion still not expanded this round (already captured in the prior entry) -- the free/self-issue framing remains an inference, not a direct quote, same as before.",,
mokelumne_free-2026-07-23-01,2026-07-23,mokelumne_free,https://www.fs.usda.gov/r05/eldorado/wilderness/mokelumne-wilderness-general-overnight-permits,2026-03-03,user-screenshot,corrects-existing,"First independent verification of this permit_group (previously web-search synthesis only) -- and this time the correct page (a prior round mistakenly re-sent Golden Trout Wilderness screenshots). CONFIRMS no quota, no fee, required year-round. CORRECTS an oversimplification: this isn't a simple trailhead self-issue kiosk -- it's specifically EITHER download-fill-print-sign-scan-email to SM.FS.mowilderness@usda.gov, OR an in-person visit to the Amador Ranger District office with limited hours (Tue-Sat 8am-4:30pm until September, closed federal holidays). ADDS real detail not previously captured: max group size 8 outside the CPMA, one-mile buffer between groups, one permit per group per trip, must enter at the designated trailhead, the specific Forest Order citation for the Mokelumne-wide campfire ban (03-23-10 -- this project had never cited a specific order number before, just '(Forest Order)' generically, so no actual conflict to reconcile), and the Emigrant Lake 300ft camping setback (waived when snow-covered).",,
stanislaus_free-2026-07-23-01,2026-07-23,stanislaus_free,https://www.fs.usda.gov/r05/stanislaus/permits/wilderness-permits,2026-07-12,user-pasted-full-text,corrects-existing,"First independent verification of this permit_group (previously web-search synthesis only) -- the freshest source_last_updated found in this whole dataset. CONFIRMS no quota for Emigrant/Carson-Iceberg/Mokelumne (Stanislaus portion), and campfire-permit requirement via CAL FIRE. CORRECTS the acquisition process: not simply '24/7 self-issue at Summit and Calaveras Ranger Stations' as previously stated -- it's in-person during station hours (Sugar Pine RS on Hwy 108 for the Summit RD/Sonora Pass corridor, Calaveras RS on Hwy 4 or Lake Alpine RS) with self-issue kiosks as a FALLBACK only when stations are closed; Groveland RS (Hwy 120) issues by phone/in-person but ONLY 24 hours ahead (up to 3 days for holiday weekends); long-distance trips exiting toward Tuolumne Meadows/Echo Summit CANNOT use self-issue kiosks at all. MAJOR CORRECTION, surfaced a real trailhead-tagging error: the source states outright 'Ebbetts Pass is within the boundary of the Humboldt-Toiyabe National Forest', not Stanislaus NF as this project had it tagged -- retagged trailheads.csv to a new toiyabe_free permit_group; Sonora Pass confirmed correctly as Stanislaus NF. SHARPENS the Yosemite Kibbie Lake/Lake Eleanor interagency detail with exact figures: 25 people/day via Shingle Springs (Kibbie Lake), 10/day via Lake Eleanor (Yosemite NP's own quota); call Groveland 1 day ahead, recommended 8:30am, Friday if starting Sun/Mon (office closed Sat/Sun/holidays); bear canisters REQUIRED and dogs NOT allowed once inside Yosemite wilderness (unlike the Stanislaus side, where bear canisters are confirmed NOT required).",,
toiyabe_free-2026-07-23-01,2026-07-23,toiyabe_free,https://www.fs.usda.gov/r04/humboldt-toiyabe/permits,,inferred-from-cross-reference,new-group,"New permit_group, NOT independently confirmed from Humboldt-Toiyabe NF's own site -- built from (a) the Stanislaus NF page's explicit statement that Ebbetts Pass is Humboldt-Toiyabe NF jurisdiction and (b) the general non-quota-wilderness pattern already confirmed for every other free/self-issue group in this dataset (inyo_hoover_nonquota, gtw_free, mokelumne_free, stanislaus_free). This is the lowest-confidence row in the dataset by design -- flagged as such in its own notes field. Should be checked directly against fs.usda.gov/r04/humboldt-toiyabe (or by phone) before relying on it, same as any other unverified row.",,
desolation-2026-09-12-01,2026-09-12,desolation,https://www.recreation.gov/permits/233261,,user-screenshot,confirms-existing,"Independent check of the live recreation.gov permit page and its booking UI. CONFIRMS the 45 destination zones (the booking dropdown lists exactly 01-45), the first-night-in-selected-zone rule, the Friday-before-Memorial-Day through Sept 30 quota season, the 6-month reservation window, and max group size 12. ADDS several hard requirements this project had never captured: bear canister REQUIRED with fines up to $5,000 under 36 CFR 261.58(cc); a signed PRINTED permit must be carried by the group leader and a reservation confirmation is explicitly NOT a valid permit; permits print starting 7 days before entry in quota season; campfires prohibited but camp stoves permitted. ADDS a constraint to the roam-after-first-night rule that was missing here: you must exit by the last date booked. Also names the 13 access trailheads (Loon Lake, Van Vleck, Rockbound, Twin Lakes, Lyons Creek, Pyramid Creek, Ralston Peak, Echo Lake, Glen Alpine, Mt. Tallac, Bayview, Eagle Lake, Meeks Bay) -- this project has only 3 of them.",,
desolation-2026-09-12-02,2026-09-12,desolation,http://desowv.org/files/Desolation_Wilderness_Trip_Planning_Guide_2022_08_18.pdf,2022-09-08,user-supplied-pdf,confirms-existing,"USFS-authored trip planning guide (PDF metadata author 'Rhodewalt, Amelia -FS', USDA Forest Service branding), hosted by the Desolation Wilderness Volunteers rather than on an fs.usda.gov URL, and four years old -- treated as corroborating but stale, with the 2026 recreation.gov check taking precedence on any disagreement. Note its filename date (2022-08-18) and internal CreationDate (2022-09-08) differ. INDEPENDENTLY CORROBORATES the 45 zones, the first-night zone semantics almost verbatim, the Memorial-Day-Friday-to-Sept-30 quota season (backing this project's earlier correction away from Oct 18), and max group size 12 with children counted. SOURCES the two-thirds reservable / one-third same-day walk-up split now recorded in release_policies.csv, which was not represented anywhere before. ADDS the $20 annual pass, the no-refund window inside 7 days, the four Special Management Areas by name, and stock limits.",,
desolation-2026-09-12-03,2026-09-12,desolation,https://www.fs.usda.gov/sites/nfs/files/r05/eldorado/publication/desolation_wilderness_zone_map.pdf,2011-05-12,user-supplied-pdf,confirms-existing,"Official Eldorado NF / LTBMU zone map (ESRI ArcMap export, 2011 -- the oldest source consulted for this group, so positional/boundary detail is not treated as current). Its text layer carries zone labels 1 through 45 with no gaps, a fourth independent confirmation of the count and the first evidence they are contiguously numbered. CONFIRMS campfires prohibited year-round, group max 12, the 100 ft camping setback, and the four Special Management Areas by name. Its rules block states a permit is required for day AND overnight use year-round, siding with recreation.gov against Eldorado NF's day-use page (see the unresolved-conflict entry). Shows 13 trailheads INCLUDING Tells Creek and EXCLUDING Van Vleck -- the reverse of the 2026 sources, indicating the access roster genuinely changed rather than one source being wrong. Does NOT carry per-zone quota numbers in any extractable form, so those remain unknown.",,
desolation-2026-09-12-04,2026-09-12,desolation,https://www.fs.usda.gov/r05/eldorado/wilderness/desolation-day-use-permits-parking,,web-search-snippet,unresolved-conflict,"DAY-USE PERMIT REQUIREMENT IS CONTESTED BETWEEN TWO OFFICIAL SOURCES. Eldorado NF's own day-use page states day use permits are available at trailheads only from the start of quota season through Sept 30, and that 'outside of these times no day use permits are needed'. recreation.gov's permit page states a wilderness permit is required for overnight camping AS WELL AS day visits, year-round; the official 2011 zone map says the same. This project currently asserts year-round, siding with two sources against the land manager's own page -- normally the land manager would win on a regulatory question, which is why this is logged rather than resolved. IMPORTANT PROVENANCE CAVEAT: the Eldorado NF text was read via a web-search snippet, not a direct page fetch (blocked from this environment), so it needs a first-hand read before being acted on. Do not silently flip the value on snippet evidence alone.",desolation-day-use-season,internal
desolation-2026-09-12-05,2026-09-12,desolation,http://desowv.org/files/Desolation_Wilderness_Trip_Planning_Guide_2022_08_18.pdf,2022-09-08,user-supplied-pdf,unresolved-conflict,"FEE TIER BOUNDARY DISAGREES ACROSS SOURCES. This project records $10 for 2-14 nights (from the 2026 recreation.gov check); the 2022 USFS guide states $10 for 2-13 nights. Could be a real fee change since 2022 or a misreading in either direction -- neither the current recreation.gov permit page text nor the booking UI screenshots captured so far show the fee table, so nothing on hand settles it. Kept at 2-14 with the conflict noted in fee_notes rather than silently switched. SEPARATELY CORRECTED, not a conflict: fees are per ADULT, not per person -- children 12 and under are free, which this project had omitted entirely and which materially changes the cost for a family.",desolation-fee-tier,cross_source
desolation-2026-09-12-06,2026-09-12,desolation,https://www.recreation.gov/permits/233261,,user-screenshot,unresolved-conflict,"Read the permit page's Fees & Cancellation tab, which no earlier check had reached. RESOLVES THE FEE TIER CONFLICT logged earlier today: the page states '$5 per person for the 1st night; $10 for 2-14 nights' for adults over 12, confirming this project's 2-14 and showing the 2022 USFS guide's 2-13 is simply out of date. The per-ADULT framing and the free-for-under-13 rule are likewise confirmed verbatim. ADDS a large amount of fee and booking policy never captured here: recreation fees are capped at $100 per permit; a Desolation annual pass waives the recreation fee but NOT the $6 reservation fee; America the Beautiful passes (Senior and Access included) explicitly do not apply; cancelling 8+ days out refunds recreation fees while 7 days or less refunds nothing and a no-show refunds nothing; changes are barred entirely once the permit becomes printable, and otherwise cost $5 (party size, days, or first-night zone) or a full cancel-and-rebook at $6 (entry date). ADDS the parking waiver, and NAMES FIVE day-use areas with parking fees -- Pyramid Creek, Eagle Falls, Loon Lake, Rockbound, and Twin Lakes -- where the 2022 guide named only the first three. ADDS livestock spacing rules, the 150-yard firearm restriction, water treatment guidance, and the commercial-use/outfitting special use permit requirement. VERDICT IS STILL unresolved-conflict because the DAY-USE question (year-round per recreation.gov and the zone map, quota-season-only per Eldorado NF's own page) remains open and nothing here speaks to it. Recorded this way deliberately: unresolved_conflicts() takes only the latest entry per permit_group, so logging the fee resolution under a clean verdict would have masked the still-open day-use conflict.",desolation-fee-tier,cross_source
desolation-2026-09-12-07,2026-09-12,desolation,https://www.recreation.gov/permits/233261,,user-screenshot,unresolved-conflict,"Read the permit page's 'How Does the Quota Work' and 'Need to Know' sections. NEW CONFLICT FOUND on the Special Management Area camping distance: recreation.gov says camp within 30 ft of the marked post, the 2022 USFS trip guide says 25 ft. Taken as 30 ft here on the same newer-source-wins basis used for the fee tier, with the disagreement recorded rather than dropped. CORRECTS this project's own modelling of the Tahoe Rim Trail entry: it was recorded as 'not itself a zone', but the source states plainly that 'a new zone has been created' for TRT thru-hikers, live 2026-03-20 09:00 PST, for individuals completing the full loop in a single continuous journey -- it is still carried without a zone_code, since the same page counts the destination-zone quota as 45 without it. ADDS the quota's unit of measure, which was never stated here: it counts INDIVIDUALS selecting a zone for their first night, not permits or groups. ADDS the agency's own rationale for the model -- a destination-based quota was chosen over a trailhead-based one because Desolation is small and many zones are reachable from one trailhead, which is direct confirmation that zone and trailhead are properly separate entities here. ADDS that off-quota-season has NO per-zone limit at all (group cap still applies), refining the off_season release phase. REFINES the Special Management Areas: only the north and east sides of Lake of the Woods are included, and if every designated site is occupied the fallback is to camp 500 ft from the lakeshore. ADDS waste rules (200 ft, 6-8 inch cat hole, pack out toilet paper, no soap of any kind in water, cookware cleaned 200 ft away), restoration-site closures, protection of natural features, and -- entirely absent before -- that DOGS ARE PERMITTED subject to El Dorado County's mandatory leash law, which matters because neighbouring Yosemite bans them. Verdict stays unresolved-conflict: the day-use year-round question is still open, and the new 25-vs-30 ft disagreement joins it.",desolation-sma-distance,cross_source
none-2026-09-12-01,2026-09-12,none,https://www.fs.usda.gov/r05/eldorado/recreation/camping-cabins,,user-screenshot,corrects-existing,"Eldorado NF's camping page states the California Campfire Permit requirement in full, and reading it exposed that this project had the rule WRONG in five places and inconsistent across seven. CORRECTS THE SCOPE: the permit covers campfires, stoves, LANTERNS and BARBEQUES -- five permit_groups described it as applying to a 'stove' alone. CORRECTS THE EXEMPTION: it is required outside a campground or RV *and in some developed campgrounds*, so 'outside a developed campground' was not a safe exemption as previously written. ADDS two facts held nowhere: the signer must be 18 or older (a group of minors cannot self-issue), and the legal basis is 36 CFR 261.52(k) / PRC 4433. URL CORRECTION: this project carried three different links for one permit (fs.usda.gov/main/r5/passes-permits on the 'none' group, readyforwildfire.org on gtw_free, nothing on the rest), and the Eldorado NF page itself cites 'www.preventwildfiresca.org', which does not resolve. The working path is readyforwildfire.org/prevent-wildfire/campfire-safety, which links through to the permit portal at permit.preventwildfiresca.org -- so gtw_free's link was the closest to right all along. STRUCTURAL FIX: because this is California state law rather than a per-wilderness rule, it is now stored once in data/regulations.csv scoped to the CA jurisdiction and inherited by every group, and the seven duplicated copies have been removed. ALSO ADDS an Eldorado NF-wide rule: dispersed camping outside a developed campground is capped at 10 days per ranger district per calendar year.",,
desolation-2026-09-12-08,2026-09-12,desolation,https://www.recreation.gov/permits/233261,,log-migration,corrects-existing,"Bookkeeping, no new evidence. The fee tier conflict was settled earlier today by the permit page's Fees & Cancellation tab ('$5 per person for the 1st night; $10 for 2-14 nights' for adults over 12), but that entry had to carry verdict=unresolved-conflict because unresolved_conflicts() tracked only one conflict per permit_group -- a clean verdict would have masked the still-open day-use question. Conflicts now carry a conflict_id and are opened and closed independently, so this entry closes desolation-fee-tier on the evidence already logged. The earlier entry stands unedited: the log is append-only, and the workaround it records is part of the history.",desolation-fee-tier,cross_source
desolation-2026-09-12-09,2026-09-12,desolation,https://www.recreation.gov/permits/233261,,user-screenshot,confirms-existing,"Read the permit page's remaining rules sections (Waste, Bears and Food Storage, Pets, Natural Features, Livestock, Other Considerations, Commercial Use) plus the Guest Reviews and Mobile Coverage panels, completing a full pass over this page. CONFIRMS verbatim, with no drift found: the 200 ft / 6-8 inch cat hole waste rule and pack-out-toilet-paper requirement, the blanket soap ban including biodegradable soap, cookware cleaned 200 ft from water, all five livestock rules (2 per person and 12 per group, 200 ft from water and 100 ft from campsites, no tying to trees except while loading or resting, weed-free forage, some trails not recommended), the 150-yard firearm restriction, water treatment, natural features, the El Dorado County leash law and dog waste rule, and the commercial-use/outfitting special use permit requirement. CORRECTS A NARROWING THIS PROJECT INTRODUCED ITSELF, not a source conflict: the bear canister rule was recorded as applying to 'all overnight visitors'. The permit page states the requirement flat, with no overnight qualifier and no elevation or zone exception, and this row already cited that page as its source. The qualifier was ours, and it is the kind that gets a day visitor fined. Also re-attributed the $5,000 fine figure and the Placerville/LTBMU rental terms, which come from the 2022 USFS guide rather than the permit page -- the page says only that containers 'may be available for rental'. ADDS a rule held nowhere before: 'State fish and game laws apply.' Captured under a new 'fishing' category, stated as the deferral it is -- a wilderness permit is not a fishing licence, and CDFW's season, limit, gear and licensing rules are not in this project at all. ADDS the agency's stated rationale for the dog-control rule (wildlife impact and barking). ADDS AN ENTIRELY NEW DATA TYPE in data/connectivity.csv: crowd-reported mobile coverage, the first table here sourced from visitors rather than an agency. Verizon reads '0.8 - Major Issues' from 272 visitor reports. The page states neither the scale's maximum nor how the average is computed, so the number is stored with rating_scale_known=False and rendered with that admission attached. AT&T shows 209 reports but its rating fell below the fold of the screenshot and is recorded as unread rather than omitted, which open_questions() surfaces. DELIBERATELY NOT CAPTURED: the Guest Reviews panel (842 reviews, 4.5 stars, 610/140/46/17/29 by star). It rates satisfaction with the permit and booking experience, not any fact about the wilderness, and nothing in it changes a trip plan. Neither open conflict on this group is touched by any of the above: the day-use season question and the 25-vs-30 ft Special Management Area setback both still need a first-hand read of the disputed source.",,
none-2026-09-12-02,2026-09-12,none,https://www.readyforwildfire.org/permits/,,user-pasted-full-text,corrects-existing,"CAL FIRE's permits FAQ, a different page from the campfire-safety page previously cited. CORRECTS A MATERIAL OMISSION: there are TWO California Campfire Permits, not one. One covers federal- and state-controlled lands (campfires, barbeques, portable stoves); a separate one covers private lands and additionally requires written permission from the landowner. This project described a single undifferentiated permit, so a reader could obtain the private-lands permit for a national forest trip and hold an invalid document. The rule now names which type applies. CONFIRMS what was already on file: the permit is free, and both types carry the caveat that local burn restrictions may apply -- independent support for the precondition-not-permission framing corrected earlier today. ADDS that the same portal issues permits for burning debris, a different product that a backcountry traveller does not need and could easily pick by mistake. NOTES A MINOR DISCREPANCY, not logged as a conflict because one page is plainly a summary of the other: this FAQ enumerates the federal/state permit as covering campfires, barbecues and portable stoves, while the campfire-safety page also lists lanterns. The fuller list is kept. SURFACES A GAP RATHER THAN GUESSING: every trailhead in this project is on federal land -- national forest, national park, BLM, or LTBMU -- except Del Valle and Stanford Ave, which are East Bay Regional Park District land. A regional park district is a special district, neither federal, state, nor private, so the FAQ's two-way split does not clearly place it. Recorded as unconfirmed in the rule's detail rather than assuming the federal permit covers it. source_url for the rule moved to readyforwildfire.org/permits, which is where the permit is actually obtained and where the two-type distinction is stated.",,
desolation-2026-09-12-10,2026-09-12,desolation,https://www.recreation.gov/permits/233261,,maintainer-decision,corrects-existing,"Scope correction, no new evidence. An earlier entry today recorded adding data/connectivity.csv, holding recreation.gov's crowd-reported mobile coverage for this permit area (Verizon 0.8 'Major Issues' from 272 reports, AT&T unread). The maintainer has since ruled mobile coverage out of scope for this project, and the dataset, its module, its tests and its rendering have been removed. The earlier entry stands unedited, as the log is append-only; read it together with this one. Nothing about any permit or regulation fact changed, and neither open conflict on this group is affected.",,
desolation-2026-09-12-11,2026-09-12,desolation,https://www.fs.usda.gov/r05/eldorado/about-area/faqs,2026-06-12,user-pasted-full-text,corrects-existing,"CLOSES THE DAY-USE SEASON CONFLICT, and flips this project's stored value. Eldorado NF's FAQ states: 'Day use permits for the Desolation Wilderness are available at the trailheads starting with the beginning of quota season (Memorial Day Friday thru September 30th), outside of these times no day use permits are needed.' WHY THIS RESOLVES IT. The conflict was logged, not resolved, for one stated reason: the Eldorado NF text had been read through a web-search snippet rather than a direct page read, and that entry said explicitly not to flip the value on snippet evidence alone. That blocker is now gone. This is a first-hand read of the full text of a SECOND Eldorado NF page, carrying its own last-updated date of 2026-06-12, saying the same thing as the day-use page. The land manager now states it twice, first-hand and currently. WHY THE LAND MANAGER WINS. recreation.gov's permit page and the 2011 zone map both say a permit is required for day use year-round. recreation.gov is a booking platform operated across agencies, not the regulating authority for this wilderness, and the zone map is the oldest source consulted for this group. On a regulatory question the forest that administers the land decides. This is the reasoning the original conflict entry itself set out. WHAT CHANGED: permits.csv now says a free day-use permit is required at the trailhead during quota season only, with the recreation.gov disagreement stated in the same note so a reader meeting the contrary text on the booking site is not blindsided. Parking fees are unaffected and apply in either season. The SMA setback conflict (25 vs 30 ft) is untouched by this page and remains open.",desolation-day-use-season,internal
none-2026-09-12-03,2026-09-12,none,https://www.fs.usda.gov/r05/eldorado/about-area/faqs,2026-06-12,user-pasted-full-text,corrects-existing,"Eldorado NF's forest-wide FAQ. FOUR NEW AGENCY-SCOPED RULES, each inherited by all three Eldorado permit groups rather than copied: firewood may be gathered while camping without a permit but no tree may be cut and gathered wood may not be taken home, while wood from outside the forest is prohibited outright because it transports non-native pests; dogs must be PHYSICALLY RESTRAINED on a leash under six feet for the whole visit, which is materially stricter than the 'under control at all times' wording this project carried from the Desolation permit page; a firearm may be carried only visible and unloaded unless actively hunting, which governs carry where the existing Desolation rule governs discharge; and drones are allowed on the forest but not over congressionally designated wilderness, which is almost every objective here, nor under a Temporary Flight Restriction such as those routine over active wildfires. TWO ADDITIONS TO THE STATEWIDE CAMPFIRE PERMIT RULE. The permit must be available for rangers and other officials to inspect while camping -- a carry requirement this project did not hold. And the lantern discrepancy logged earlier today is settled: CAL FIRE's permits FAQ omitted lanterns, but this page independently confirms a campfire permit is needed for a cooking appliance, LANTERNS, and campfire, so the fuller list stands on two sources against one summary. This page is also the third independent source for the precondition-not-permission framing, telling readers campfires may be restricted entirely in high wildfire potential areas. CONFIRMS the Eldorado-wide dispersed camping allowance and its pack-out-your-trash rule. DELIBERATELY NOT CAPTURED, as none of it changes a trip plan for this project's objectives: motorhome water tank filling, gold panning and metal detecting, scattering ashes, volunteering, where to buy maps or a park pass, fuelwood and botanical harvest permits, target shooting, and the D5 deer hunting zone.",,
mokelumne_free-2026-09-12-01,2026-09-12,mokelumne_free,https://www.fs.usda.gov/r05/eldorado/about-area/faqs,2026-06-12,user-pasted-full-text,corrects-existing,"ADDS the day-use answer, which this project did not state either way: no day-use permit is needed for day hiking anywhere in the Mokelumne, in either season. That is a real difference from Desolation, which requires one at the trailhead during quota season, and the two wildernesses are adjacent enough to be confused. ADDS three named entry points with NO parking fee -- Salt Springs, the Bear River area (Tanglefoot trailhead), and the Silver Lake area (Allen Camp trailhead) -- described as the most common non-CPMA entries. Most other Eldorado NF trailheads do charge, so this is worth knowing before budgeting a trip. CONFIRMS that self-issue permits for areas outside the CPMA are available online or in person at the Amador Ranger District, matching what was already on file.",,
cpma-2026-09-12-01,2026-09-12,cpma,https://www.fs.usda.gov/r05/eldorado/about-area/faqs,2026-06-12,user-pasted-full-text,confirms-existing,"CONFIRMS the awkward part of this permit, from a second page: CPMA overnight permits are limited and available IN PERSON ONLY, at the Carson Pass Information Center. No online or mail option is offered, which is what makes this group different from every other free permit here. NOTES A NAMING TRAP rather than a data change: the agency calls the same unit the Carson Pass Management AREA on its permit page (CPMA, the spelling used here) and the Carson Pass Management UNIT in this FAQ (CPMU). Searching either agency site for one term will miss pages using the other.",,
cpma-2026-09-12-02,2026-09-12,cpma,https://www.fs.usda.gov/sites/nfs/files/r05/eldorado/publication/2025%20Moke%20Permit%20Instructions%20Summer_0.pdf,2025,user-uploaded-pdf,unresolved-conflict,"THE SOURCE CONTRADICTS ITSELF ON THE NUMBER OF DESIGNATED CPMA SITES. The 2025 permit instructions state '13 designated sites = 3 sites at Winnemucca, 5 sites at Roundtop, and 6 sites at Fourth of July Lake'. That breakdown sums to 14, not 13. This project carries 14, which matches the arithmetic and the per-lake figures, and those per-lake figures are consistent across every source seen so far. But the headline number in the official document says 13, and a site count is exactly the sort of figure that gets decremented when a site is retired without the breakdown being updated -- so 13 may be current and the breakdown stale, rather than a typo. Unresolved because no source on hand distinguishes those two possibilities. Resolving it needs the Carson Pass Information Station or a current-season document; the practical impact is one permit per day either way.",cpma-designated-site-count,internal
cpma-2026-09-12-03,2026-09-12,cpma,https://www.fs.usda.gov/sites/nfs/files/r05/eldorado/publication/rog_wild_moke_regs%202025.pdf,2025,user-uploaded-pdf,unresolved-conflict,"TWO 2025 FOREST SERVICE DOCUMENTS DISAGREE ABOUT WHETHER A SEASON DAY-USE PASS EXISTS. The regulations sheet says 'A season day use pass can be purchased for $20.00 that applies to FS operated trailheads.' The permit instructions for the same season say 'There is no longer a Carson Pass seasonal pass.' Same year, same forest, same fee programme, opposite claims, and neither carries a date more precise than 2025. The instructions read as the more current of the two, since 'no longer' describes a change, but that is inference rather than evidence. Recorded as a conflict and the fee note says a buyer should ask before budgeting for it. Both documents agree on the daily rate of $5.00 and on America the Beautiful Senior and Access passes being accepted, so only the season pass is in doubt.",mokelumne-carson-pass-season-pass,cross_source
cpma-2026-09-12-04,2026-09-12,cpma,https://www.fs.usda.gov/sites/nfs/files/r05/eldorado/publication/2025%20Moke%20Permit%20Instructions%20Summer_0.pdf,2025,user-uploaded-pdf,corrects-existing,"CORRECTS THE PARKING FEE, which this project had as '$5/day at Carson Pass Jun 1 - Oct 31'. The fee also applies at the Meiss and Carson Pass Overflow trailheads, is paid at a self-service iron ranger with a dashboard tag rather than at a booth, and Woods Lake trailhead is concession-operated at $8 rather than $5. ADDS that America the Beautiful Senior and Access passes ARE accepted at the USFS-operated lots -- worth stating because the same passes are explicitly NOT accepted on the Desolation overnight permit, so a reader generalising from one to the other gets it wrong in one direction or the other. ADDS the permit mechanics that make this group awkward: the CPMA permit is the only permit valid in the CPMA, a general self-issue Mokelumne permit does not work there, and without a signed CPMA permit you may not camp in the CPMA or along the trail from Woods Lake / Carson Pass trailhead to the three lakes. Permits issue from 8:00 AM on the day of entry and typically go within moments, so a backup outside the CPMA is expected rather than optional. ADDS that each site has a numbered wooden post and the permit is valid only at the numbered site it names. ADDS A WINTER RULE held nowhere here: with at least one foot of snow on the ground, snow camping is NOT confined to the assigned sites, though a permit is still required and the water setbacks still apply.",,
mokelumne_free-2026-09-12-02,2026-09-12,mokelumne_free,https://www.fs.usda.gov/sites/nfs/files/r05/eldorado/publication/rog_wild_moke_regs%202025.pdf,2025,user-uploaded-pdf,corrects-existing,"The Mokelumne Wilderness rules and regulations sheet, the first structured regulation source for this wilderness. ELEVEN RULES ADDED, and stored at a new 'wilderness' scope rather than on this permit group: Mokelumne is entered on two different permits, the free general self-issue one and the quota'd CPMA one, under a single rulebook. Scoping them per permit group would have meant maintaining eleven rules in two places, which is the drift the regulations table exists to stop. Both groups now resolve 17 rules where they previously had 6, with no duplicated row. NOTABLE CONTENTS. Bear canisters are RECOMMENDED here and counterbalance hanging is accepted, where neighbouring Desolation REQUIRES a hard-sided canister on pain of a $5,000 fine -- an assumption carried from one wilderness to the other goes wrong in both directions, and Amador Ranger District loans canisters free. Day-use group size is 12 while overnight is 8, which is easy to get backwards. Mechanized equipment is barred including strollers and game carts, so the rule is about mechanical transport rather than engines. Natural AND HISTORIC features are protected, broader than Desolation's natural-features-only wording. Insect repellent and sunscreen are named as water contaminants alongside soap. The campfire ban is given an ecological rationale, not just a fire-risk one: dead and downed wood is critical alpine habitat and drives soil nutrition, which is why the forest-wide allowance on gathering downed firewood does not translate into a fire here. A SETBACK DISCREPANCY, recorded in the rule rather than logged as a conflict because one figure satisfies both: this sheet says camp 100 ft from water, the permit page says at least 200 ft. The rule states 200 ft. RESOLVES THE DOG LEASH SCOPE QUESTION raised by the forest FAQ. Three Eldorado NF documents state the six-foot leash requirement at three widening scopes -- this 2025 sheet applies it to the CPMA, the 2025 permit instructions to the Mokelumne Wilderness and the CPMA, the 2026 FAQ to the forest generally. Same authority, differing dates, monotonically broadening, so the newest and broadest stands and the forest-wide rule added earlier today is kept. The CPMA requirement is certain in all three; the forest-wide extent rests on the 2026 FAQ alone, and the wilderness rule says so.",,
none-2026-09-12-04,2026-09-12,none,https://www.fs.usda.gov/sites/nfs/files/r05/eldorado/publication/2025%20Moke%20Permit%20Instructions%20Summer_0.pdf,2025,user-uploaded-pdf,confirms-existing,"Third and fourth independent confirmations of two campfire permit facts corrected earlier today. CARRY REQUIREMENT: 'Please carry your campfire permit on your person during the entirety of your travels' -- corroborating Eldorado NF's FAQ, from a separate document. LANTERNS: 'The Campfire permit covers your camp stove and lanterns', stated in both PDFs. The fuller scope now rests on four sources against CAL FIRE's own FAQ summary, which omitted lanterns; that omission is safely read as abbreviation. CONFIRMS the permit is free, obtainable online, and valid for the remainder of the calendar year from issue, and repeats the instruction to check local restrictions first -- a fourth source for the precondition-not-permission framing. NOTES A THIRD CAMPFIRE PERMIT URL in circulation: these documents cite readyforwildfire.org/permits/campfire-permit/, a deeper path than the readyforwildfire.org/permits/ page this project cites. Both resolve to the same programme; no change made.",,
desolation-2026-09-12-12,2026-09-12,desolation,https://www.recreation.gov/permits/233261,,user-screenshot,confirms-existing,"The live booking widget, which no earlier check had captured. CONFIRMS the group size cap of 12 from the system that actually enforces it: the party stepper is labelled 'Group Members (12 max)' and the cap is flat rather than per zone, reading the same whichever destination zone is selected. CONFIRMS this project's zone dataset at the string level -- the dropdown shows '06 Rubicon', matching the label built from data/permit_zones.csv exactly, which is independent corroboration that the numbering and naming are right. CONFIRMS the quota season end date: the September 2026 calendar offers availability through the 30th and stops there. SCOPE CORRECTION TO AVOID A MISREADING, and the reason this is logged rather than acted on as new data. The widget was offered as evidence of a DAY USE group size limit. It is the overnight flow: a destination zone is the overnight quota mechanism, booked for your first night, and Desolation day-use permits are free, self-issued at the trailhead, and not reservable here at all. The 12 therefore confirms the overnight cap, which this project already held, and says nothing about day use. STATES A GAP rather than filling it: no source on hand gives a group size for Desolation day use. Assuming it equals the overnight 12 would be a guess, and a demonstrably unsafe kind -- Mokelumne, under the same forest, caps day hikes at 12 and overnight groups at 8. Two numbers, same agency, different products. Recorded in the rule's detail so the absence is visible on the page instead of being read as covered.",,
desolation-2026-09-12-13,2026-09-12,desolation,https://www.recreation.gov/permits/233261,,user-pasted-full-text,corrects-existing,"STRENGTHENS THE DAY-USE RESOLUTION, on evidence from the source that had been treated as the losing side. recreation.gov contradicts ITSELF. Its overview paragraph says visitors must obtain a permit 'for overnight camping as well as day visits, year-round', and that sentence was the whole basis for the year-round claim. But its structured Permit & Season Information section separates the two products and says: 'Day Use Permit: Obtain a free permit from a local Forest Service office, or at trailheads IN THE SUMMER.' The same section makes the year-round claim explicitly and only for overnight permits ('Permits are required all year round'). So the operational text agrees with Eldorado NF, and the year-round day-use reading rests on one overview sentence that bundles day use into an overnight claim. The conflict was closed correctly earlier today; this shows it was closer to a misreading of a loose sentence than a genuine disagreement between agencies. The stored note now cites recreation.gov's own operational wording rather than resting the answer on authority ranking alone. ADDS that a day-use permit is obtainable from a local Forest Service office, not only at a trailhead -- relevant outside summer staffing. ADDS A HAZARD not previously held: the page warns about travel through the Caldor Fire burn scar, where dead and fire-weakened trees remain a danger, and states heavy snow may begin as early as October and persist through July. NAMES THE 13 TRAILHEADS: Loon Lake, Van Vleck, Rockbound, Twin Lakes, Lyons Creek, Pyramid Creek, Ralston Peak, Echo Lake, Glen Alpine, Mt. Tallac, Bayview, Eagle Lake, Meeks Bay. This project holds three (Lyons Creek, Mount Tallac, Wrights Lake/Rockbound). The remaining ten are recorded as a coverage gap rather than added, because adding a trailhead requires coordinates and none are given here; inventing them would be worse than the gap. Consistent with the 2011 zone map entry logged earlier, which showed 13 trailheads including Tells Creek and excluding Van Vleck -- the reverse of this list, indicating the access roster genuinely changed rather than one source being wrong. CONFIRMS, with no drift: 45 destination zones, the first-night rule, the six-month window, quota season Friday-before-Memorial-Day to September 30, no per-zone limit off-season, the printed-permit requirement, the bear canister rule and its $5,000 citation, the 100 ft camping setback, the campfire ban, max group size 12, and the TRT thru-hike zone going live 2026-03-20 09:00 PST.",,
none-2026-09-15-01,2026-09-15,none,,,inferred-from-cross-reference,corrects-existing,"FILLS A BLANK FIELD. No new source: states from this project's own data that a group requiring no wilderness permit still leaves one document to carry, the statewide California Campfire Permit, and points at the resolved rule rather than restating it (the pattern desolation's carry already uses for the bear canister). Q6 asks 'what must I carry?' and 'nothing' was the wrong answer here. REVISED on the same day, before commit: the first version only said what to carry and named nothing that fails, which test_every_carry_value_names_what_does_not_count correctly rejected -- 'the field exists for the trap, not for a restatement of bring the permit'. This group's trap is the wrong campfire permit: CAL FIRE issues a private-lands version that is not valid on federal or state land, which the ca-campfire-permit rule already calls out and the carry field now names.",,
inyo_jmw_aaw-2026-09-15-01,2026-09-15,inyo_jmw_aaw,https://www.fs.usda.gov/r05/inyo/permits/printing-instructions,,websearch,corrects-existing,"FILLS A BLANK FIELD, the document half of Q6, for the largest permit group in the dataset (178 objectives). Inyo NF publishes a dedicated printing-instructions page: printed, signed, in the leader's possession, presented on request; a reservation letter is explicitly not proof; permit cancelled unless printed by 10:00 on the entry date; no visitor-center check-in once printed. EVIDENCE GRADE: search-engine summary of the cited official page, not captured page text -- both fs.usda.gov and recreation.gov are unreachable from the environment this was checked in, so no quote is verbatim. An earlier websearch entry on sierra_nf was later found wrong by a primary source, so re-confirm against the page itself before a real trip.",,
inyo_gtw-2026-09-15-01,2026-09-15,inyo_gtw,https://www.fs.usda.gov/r05/inyo/permits/printing-instructions,,websearch,corrects-existing,"FILLS A BLANK FIELD. Same permit product and same issuing forest as inyo_jmw_aaw (both recreation.gov/permits/233262), split in this dataset only by season and trail code, so the forest-wide printing rule applies unchanged. EVIDENCE GRADE: search-engine summary of the cited official page, not captured page text -- both fs.usda.gov and recreation.gov are unreachable from the environment this was checked in, so no quote is verbatim. An earlier websearch entry on sierra_nf was later found wrong by a primary source, so re-confirm against the page itself before a real trip.",,
inyo_hoover_nonquota-2026-09-15-01,2026-09-15,inyo_hoover_nonquota,https://www.fs.usda.gov/r05/inyo/permits/printing-instructions,,websearch,corrects-existing,"FILLS A BLANK FIELD with the forest-wide rule only. A targeted search for non-quota self-issue on the Inyo-administered Hoover trails returned nothing specific, so the print-deadline and self-issue questions are recorded as open in the field itself rather than answered by analogy. The existing row already treats self-issue here as an inference; this does not upgrade it. EVIDENCE GRADE: search-engine summary of the cited official page, not captured page text -- both fs.usda.gov and recreation.gov are unreachable from the environment this was checked in, so no quote is verbatim. An earlier websearch entry on sierra_nf was later found wrong by a primary source, so re-confirm against the page itself before a real trip.",,
whitney_zone-2026-09-15-01,2026-09-15,whitney_zone,https://www.fs.usda.gov/r05/inyo/permits/printing-instructions,,websearch,corrects-existing,"FILLS A BLANK FIELD. Inyo NF administers Whitney, so the printed-and-signed rule applies, plus two pickup deadlines that differ between the products this project already separates: noon the day before for Day Use, 10:00 on the entry date for Overnight. The Day Use deadline is the earlier one and is the easier to miss. EVIDENCE GRADE: search-engine summary of the cited official page, not captured page text -- both fs.usda.gov and recreation.gov are unreachable from the environment this was checked in, so no quote is verbatim. An earlier websearch entry on sierra_nf was later found wrong by a primary source, so re-confirm against the page itself before a real trip.",,
yosemite-2026-09-15-01,2026-09-15,yosemite,https://www.nps.gov/yose/planyourvisit/wildpermits.htm,,websearch,corrects-existing,"FILLS A BLANK FIELD, and the answer is the OPPOSITE of the Inyo one: no home printing at all, in-person collection only, day-before or day-of, not issued by phone or email. Also records that the named trip leader is not substitutable. A reader who generalised Inyo's print-at-home rule across the Sierra would arrive at Yosemite without a permit, which is exactly the failure Q6's 'wrong if' describes. EVIDENCE GRADE: search-engine summary of the cited official page, not captured page text -- both fs.usda.gov and recreation.gov are unreachable from the environment this was checked in, so no quote is verbatim. An earlier websearch entry on sierra_nf was later found wrong by a primary source, so re-confirm against the page itself before a real trip.",,
seki-2026-09-15-01,2026-09-15,seki,https://www.nps.gov/seki/planyourvisit/wilderness_permits.htm,,websearch,corrects-existing,"MOVES a fact already held in this row's reservation_method prose ('a recreation.gov confirmation email is not a valid permit') into the field that Q6 reads, and ADDS from NPS that the permit must be signed, stays in the leader's possession, is presented on request, and is issued only to the named leader or alternate. reservation_method keeps the acquisition mechanic and no longer restates the document rule. NOT ADOPTED: the search summary also offered a print-at-home-one-week rule for SEKI, but attributed it to 'related wilderness permit information for nearby Inyo National Forest' -- that is Inyo's rule bleeding across, it contradicts this row's existing in-person-pickup claim, and it was left out rather than logged as a conflict because the contamination is visible in the summary itself. EVIDENCE GRADE: search-engine summary of the cited official page, not captured page text -- both fs.usda.gov and recreation.gov are unreachable from the environment this was checked in, so no quote is verbatim. An earlier websearch entry on sierra_nf was later found wrong by a primary source, so re-confirm against the page itself before a real trip.",,
sierra_nf-2026-09-15-01,2026-09-15,sierra_nf,https://www.fs.usda.gov/r05/sierra/permits/obtaining-wilderness-permit,,websearch,corrects-existing,"FILLS A BLANK FIELD. Printed, signed, in the group's possession, shown on request; only the named leader or alternate may collect or use it; the signature is an acceptance of responsibility for the group; cancelled unless printed before the no-show deadline. ALSO RECORDS a validity condition, that exiting and re-entering elsewhere voids the permit -- kept here rather than in notes because it is a fact about the document a reader needs while holding it. EVIDENCE GRADE: search-engine summary of the cited official page, not captured page text -- both fs.usda.gov and recreation.gov are unreachable from the environment this was checked in, so no quote is verbatim. An earlier websearch entry on sierra_nf was later found wrong by a primary source, so re-confirm against the page itself before a real trip.",,
gtw_free-2026-09-15-01,2026-09-15,gtw_free,https://www.fs.usda.gov/r05/sequoia/recreation/golden-trout-wilderness,,websearch,corrects-existing,"FILLS A BLANK FIELD, and inverts the pattern every other group follows: Sequoia NF issues this permit virtually by email, by post, or in person, so email is a valid carry medium here. Recorded explicitly because the rest of this dataset says an email is not a permit, and a reader generalising that would discard a valid one. STATES A GAP rather than filling it: the permit_type names Monarch and South Sierra alongside Golden Trout, and the source says only Golden Trout requires an overnight permit while Monarch uses trailhead sign-in sheets -- the row may be bundling three different products. Not acted on here. EVIDENCE GRADE: search-engine summary of the cited official page, not captured page text -- both fs.usda.gov and recreation.gov are unreachable from the environment this was checked in, so no quote is verbatim. An earlier websearch entry on sierra_nf was later found wrong by a primary source, so re-confirm against the page itself before a real trip.",,
stanislaus_free-2026-09-15-01,2026-09-15,stanislaus_free,https://www.fs.usda.gov/r05/stanislaus/permits/wilderness-permits,,websearch,corrects-existing,"FILLS A BLANK FIELD, and this is the one group where it moves Q6 from PARTIAL to ANSWERED, because stanislaus_free is one of only four groups with a food_storage rule on file. ADDS the self-issue locations and the exception that matters for a cross-boundary trip: a trip leaving the forest cannot self-issue, which is precisely the kind of trip this project's reciprocity data encourages. EVIDENCE GRADE: search-engine summary of the cited official page, not captured page text -- both fs.usda.gov and recreation.gov are unreachable from the environment this was checked in, so no quote is verbatim. An earlier websearch entry on sierra_nf was later found wrong by a primary source, so re-confirm against the page itself before a real trip.",,
toiyabe_free-2026-09-15-01,2026-09-15,toiyabe_free,https://www.fs.usda.gov/r04/humboldt-toiyabe/recreation/ebbetts-pass-trailhead,,websearch,corrects-existing,"FILLS A BLANK FIELD. Humboldt-Toiyabe self-issues Carson-Iceberg permits at the trailhead, free, required for overnight visits -- so the document is one you create on arrival rather than one you bring, which is a different answer to 'what must I carry?' than any reserved permit gives. EVIDENCE GRADE: search-engine summary of the cited official page, not captured page text -- both fs.usda.gov and recreation.gov are unreachable from the environment this was checked in, so no quote is verbatim. An earlier websearch entry on sierra_nf was later found wrong by a primary source, so re-confirm against the page itself before a real trip. REVISED before commit for the same reason as the none entry: the first version named no trap and test_every_carry_value_names_what_does_not_count rejected it. For a self-issue area the trap is the absence of any advance document -- there is nothing to book, so a party that searches for a reservation and finds none can conclude no permit is needed, when one is required and simply does not exist until it is filled in at the trailhead. That is stated from the cited source's own two facts (self-issued at trailheads; required for overnight visits) and nothing beyond them: the register's physical form, whether it is a tear-off, and any day-use rule were NOT sourced and are not claimed.",,
none-2026-09-15-02,2026-09-15,none,https://www.ebparks.org/public-safety/ordinance-38,2023-09,user-pdf-full-text,corrects-existing,"Ordinance 38 (Rules and Regulations, revised September 2023), Sections 801-803, read in full from a PDF supplied by the user. THE FIRST REGULATION SOURCE THIS PROJECT HAS FOR EBRPD AT ALL: its two trailheads previously resolved exactly one rule, the statewide California Campfire Permit, because nothing else had ever been scoped to them. CORRECTS THIS PROJECT'S OWN FRAMING OF THE PETS CATEGORY, which was built entirely from Forest Service dog rules and assumed agencies legislate about dogs. Ordinance 38 does not: it writes 'no dog, cat, or other animal' in 801.1 and 801.2(h)-(i), so a cat is a named subject of the rule rather than an animal the reader has to reason across from a dog leash law. THE RULE THAT ACTUALLY ANSWERS THE CAMPGROUND QUESTION is 801.2(i): at campgrounds, dogs, cats or other animals must be attended and either leashed OR contained within a vehicle, tent or other physical confinement -- confinement is an accepted alternative to a leash, which a leash-only reading would have got wrong. TWO ASYMMETRIES FOUND, both of which cut against reading the ordinance as species-neutral throughout, and both recorded rather than smoothed over: the three-per-person cap in 801.2(d) is written for DOGS, and the leash-optional allowance for undeveloped areas in 801.3 opens 'A dog may run at large', so a cat has no off-leash provision anywhere in the District. ADDS the prohibited-area list (801.1 plus Attachment B), which bars every animal, leashed or not, from swim areas, bathing beaches, designated nature study areas, wetlands and marshes, and golf courses; Del Valle Beaches/Swim Area is named explicitly, which matters because Del Valle is this project's own East Bay trailhead. Service animals assisting disabled persons are exempt. ADDS the six-foot leash maximum (801.2(f)), electronic collars explicitly excluded from counting as a restraint (801.2(e)), extendable leashes permitted only if not extended past six feet (801.2(g)), the ~200 ft leash radius around any parking lot, trail head or staging area (801.2), the bar on leaving any animal unattended and uncontained (801.2(h)), and immediate removal of dog excrement (801.10). NOTE ON THE SOURCE URL: recorded as the ordinance's landing page. The environment running this check cannot reach ebparks.org, so the URL is search-result metadata rather than a page anyone here opened, and the direct file URL for the September 2023 revision is NOT confirmed -- the only file URL found by search was an 04-2019 revision, which is an older document than the one read. The rules above come from the PDF's own text; the link to them does not.",,
none-2026-09-15-03,2026-09-15,none,https://www.ebparks.org/public-safety/ordinance-38,2023-09,user-pdf-full-text,corrects-existing,"Ordinance 38 (revised September 2023), Sections 400, 404 and 908.2, same read as none-2026-09-15-02. ADDS the family campground occupancy cap of 8 per site and the stay limit of 15 consecutive days or 30 total days per year per park with a two-day break after the first 15 (400.3) -- the first group-size and stay-limit facts this project holds for any EBRPD land, and figures a trip is planned around rather than read at the gate. ADDS that camping is permitted only in designated areas and only with a valid District permit (400.1), and that 400.6 defines camp/camping/campsite/campground to cover tent, RV, cabin and walk-in camping alike, so none of these rules can be read as applying to only one style of camping. ADDS the fire rules (404): open fires only in the facilities provided for them, no fire left unattended, and personal gas or propane stoves, portable barbecues and hibachis allowed subject to a 30 ft clearance from flammable material, not on beaches, and not where posted No BBQ. SHARPENS THIS PROJECT'S EXISTING STATEWIDE CAMPFIRE RULE rather than duplicating it: the California Campfire Permit is a precondition, and 404 is the local restriction that sits on top of it -- the README's own falsification criterion for the fire question. ADDS the district-wide smoking ban including vapor devices (404.3), which is not a fire-season restriction but a standing one. ADDS the generator and amplified-sound restriction in campgrounds (400.2, 908.2). DELIBERATELY NOT CAPTURED, as none of it changes a trip plan for this project's objectives: nudity, firearms and dangerous weapons, abandoned vehicles, speed limits, sound trucks, and the commercial dog-walker permit scheme (801.11). Same source-URL caveat as none-2026-09-15-02.",,
none-2026-09-15-04,2026-09-15,none,https://www.ebparks.org/sites/default/files/Ord38-09052023FINAL.pdf,2023-09,user-pasted-text,confirms-existing,"CLOSES THE SOURCE-URL CAVEAT RAISED IN none-2026-09-15-02 AND none-2026-09-15-03. Those entries recorded the nine EBRPD rules as read from a PDF whose canonical URL could not be confirmed, because this environment cannot reach ebparks.org and the only file URL search had surfaced was an 04-2019 revision -- an older document than the one read. The user supplied the real URLs. CONFIRMS the landing page already recorded, https://www.ebparks.org/public-safety/ordinance-38, and ADDS the direct file URL for the September 2023 revision: https://www.ebparks.org/sites/default/files/Ord38-09052023FINAL.pdf. The nine rules are re-pointed from the landing page to that file URL, which is the document their text actually came from; the landing page is where it is linked, not the document itself, and this project cites what was read. THREE-WAY CORROBORATION that the file at that URL is the file read here, none of it requiring the page to be fetched: the uploaded PDF's filename is Ord38-09052023FINAL.pdf, matching the URL's last path segment exactly; the document's own cover states 'Revised September 2023'; and 09052023 in the filename reads as 5 September 2023, consistent with both. NO RULE TEXT CHANGED, and nothing here is a re-verification of the rules themselves -- this entry concerns provenance only, and the verified_date on those rows still refers to the full read logged under -02 and -03. ALTERNATE VIEW RECORDED BUT NOT CITED: the ordinance is also published as a browsable webview at https://library.municode.com/ca/east_bay_regional_park_district/codes/ordinance_38_-_rules_and_regulations. It is a third-party republication by a different publisher rather than EBRPD's own document, so no rule cites it; it is worth knowing as the version most likely to be current if the District revises the ordinance and replaces the PDF at a new filename. It was not reachable from here either.",,
none-2026-09-15-05,2026-09-15,none,https://www.ebparks.org/recreation/camping,,user-pasted-text,confirms-existing,"EBRPD's park finder filtered by the 'camping' activity, pasted by the user as two pages of results. EIGHTEEN PARKS OFFER CAMPING; this project holds campgrounds for four of them (Del Valle, Sunol, Mission Peak, Ohlone). The twelve with no campground row here are Black Diamond Mines, Briones, Charles Lee Tilden, Coyote Hills, Dr. Aurelia Reinhardt Redwood, Dry Creek Pioneer, Garin, Las Trampas, Morgan Territory, Point Pinole, Round Valley and Tilden Nature Area. NOT ADDED, deliberately: the listing names parks, not campgrounds, and gives no campground name, site count, fee, reservation channel or coordinates for any of them. A campground row invented from a park name would assert a facility this project cannot name. They need each park's own camping page. A SECOND SIGNAL WORTH CHECKING BUT NOT ENCODED: the listing carries a per-park 'Dogs Allowed' attribute, and four camping parks lack it -- Las Trampas, Round Valley, Sunol and Tilden Nature Area. Ordinance 38's Attachment B independently corroborates two of those (Round Valley outright as a wildlife protection area for listed species at risk, and the Tilden Botanical Garden and Nature Area), partially corroborates Las Trampas (Attachment B lists only Las Trampas Stables, not the preserve, so the icon is stricter than the ordinance), and does not mention Sunol at all. A missing amenity icon is not a stated rule, and the gap between the icon and the ordinance is itself the reason not to encode it as one.",,
none-2026-09-15-06,2026-09-15,none,https://www.ebparks.org/parks/anthony-chabot/camping,,web-search-snippet,new-group,"ADDS TWO DRIVE-IN CAMPGROUNDS, the first in this dataset outside the Ohlone corridor: Anthony Chabot Campground and Dumbarton Quarry Campground on the Bay. Anthony Chabot matters to the question this project was pointed at -- it is the nearest drive-in camping to Oakland in the dataset, where Del Valle is roughly twice as far. WEAK PROVENANCE, STATED AS SUCH: every fact in both rows comes from web-search summaries of EBRPD pages, not from the pages themselves, which this environment cannot reach. Both rows carry a source_url to check against and a BLANK verified_date, and campgrounds.csv gained those two columns in this change -- it previously had no provenance columns at all, so its seven existing rows cited nothing. Those stay blank rather than being given an invented citation. FIELDS LEFT EMPTY RATHER THAN GUESSED: fee_notes, check-in and check-out times, and the nightly entry cutoff. A blank fee already renders as 'NO FEE ON FILE -- absent is not free'. TWO CAVEATS CARRIED IN THE ROWS THEMSELVES. Anthony Chabot's reported 75 sites include 10 hike-in ones, so access_mode is not uniform within the campground; the row is tagged drive_in for the other 65 and says so. Dumbarton Quarry's park field is genuinely ambiguous: EBRPD lists it as a park in its own right while describing it as located within Coyote Hills Regional Park, which appears separately in the same listing with its own camping. Since the park field is what campgrounds join to park_access and trailheads on, the ambiguity is flagged in the row rather than resolved by picking one. Both parks were added to the referential-integrity allowlist for parks that have a campground but no trailhead, the same shape Sunol already had, rather than inventing park_access rows whose fees nobody knows.",,
none-2026-09-15-07,2026-09-15,none,https://www.ebparks.org/reservations,,user-pasted-full-text,corrects-existing,"EBRPD's Reservations page, pasted in full. THE CHANNEL FACTS ARE NOW FIRST-HAND rather than inherited from trip notes, and they split by campsite type, which this project had recorded only implicitly. Family campsites are booked at reserveamerica.com or by phone; GROUP AND BACKPACK CAMPSITES ARE PHONE ONLY and are not bookable online at all, which confirms what the six Ohlone corridor rows already said ('phone, confirmed via ReserveAmerica') and now states it on the District's own authority. ADDS A TRAP THE README'S OWN FALSIFICATION LIST NAMES: there is a published reservations email address, reservations@ebparks.org, and it accepts NO reservations -- general inquiries only. Someone who emails it and waits has not booked anything. ADDS a third channel nobody here had: in-person walk-in service at District HQ, 2950 Peralta Oaks Ct., Oakland. ADDS THE OPENING-DATE MECHANICS, which govern the scarce case rather than the ordinary one: on a reservation opening date it is phone only from 9am, NO walk-ins, phones are closed 12-1pm, and a maximum of TWO reservations per call -- a party wanting three sites needs a second call, and the line is competitive at exactly that moment. ADDS the current booking horizon: group and backpack campsites are taking arrival dates through December 2026, and event venues through December 2027. Recorded with its as-of date because a rolling horizon is a fact that expires. ADDS a dated closure of the reservations phone line, Wednesday 14 October 2026 9am-12pm, which matters only because that line is the sole channel for backpack sites. NOT CAPTURED, as it does not change a trip plan for this project's objectives: picnic-site and event-venue booking, activity registration, and the in-District fee waiver for organizations hosting events for people with disabilities, seniors or low-income groups -- a real exemption, but on reservation fees for group events rather than on anything a camping party pays. STRUCTURAL NOTE, NOT A FACT ABOUT EBRPD: the contact string this entry sharpens is District-wide and is now stored in nine campground rows, and will be in twenty-one once the remaining parks land. That is the same shape as the California Campfire Permit copied into seven permits.csv rows, which is what regulations.csv was built to stop. Booking mechanics have no agency-scoped home in this schema; they need one.",,
none-2026-09-15-08,2026-09-15,none,https://www.ebparks.org/reservations,,user-pasted-full-text,unresolved-conflict,"TWO EBRPD PAGES DISAGREE ON HOW MANY PARKS OFFER CAMPING. The Reservations page states the department oversees 'a range of camping opportunities including backpacking, family, group, and equestrian camping at 15 parks'. The park finder filtered by the camping activity returns 18 parks: Anthony Chabot, Black Diamond Mines, Briones, Charles Lee Tilden, Coyote Hills, Del Valle, Dr. Aurelia Reinhardt Redwood, Dry Creek Pioneer, Dumbarton Quarry, Garin, Las Trampas, Mission Peak, Morgan Territory, Ohlone, Point Pinole, Round Valley, Sunol and Tilden Nature Area. Both were read on 2026-09-15. NEITHER FIGURE IS TAKEN AS CORRECT HERE. The gap is three, and the reconciliation is not obvious: the finder may tag a park whose camping the Reservations department does not handle, Dumbarton Quarry is listed as a park in its own right while sitting inside Coyote Hills so one arrangement could be double-counted, or Garin and Dry Creek Pioneer are described by the District as a single paired parkland yet appear as two entries. WHY IT MATTERS rather than being trivia: the difference decides whether a park showing a camping icon can actually be booked, which is the question someone acts on. RESOLVED BY going park by park through each camping page and counting what is bookable -- in progress at the time of writing.",ebrpd-camping-park-count,cross_source
none-2026-09-15-09,2026-09-15,none,https://www.ebparks.org/parks/anthony-chabot,2026-09-15,user-pasted-full-text,corrects-existing,"Anthony Chabot's park page, pasted in full, plus its map brochure PDF reached from that page (AnthonyChabot-LakeChabot-LeonaCanyon-map-brochure.pdf). PROMOTES THE ANTHONY CHABOT CAMPGROUND ROW FROM WEB-SEARCH GUESSWORK TO A FIRST-HAND READ: it was added earlier today with a blank verified_date and every field caveated, and now carries fees, gate hours and facilities from EBRPD's own text. ADDS THE FEE SCHEDULE, which had been blank rather than guessed: drive-in camping $35/night, hike-in $25/night, RV hook-up $45/night, limited overflow parking $8/night/vehicle, RV sewage disposal $20/use, firewood $10/bundle and charcoal $15/bag at the campground kiosk. The three camping rates confirm that access_mode is genuinely mixed inside this one campground -- EBRPD prices hike-in sites separately -- which the row already said on weaker evidence. ADDS A GATE CUTOFF STATED BY THE AGENCY, unlike Del Valle's, which this project holds only as a visitor's near-miss report: campground gates close at 10:00pm, and campground and group camp gate hours run 8am-10pm, so there is no arrival before 8am either, while the park itself is open 5am-10pm. ADDS AN RV CONSTRAINT held nowhere in this project: maximum vehicle length 35 feet on hookup sites, with sewage, water and 30-amp electric. ADDS a park_access row, which removes Anthony Chabot from the referential-integrity allowlist for parks with a campground and no trailhead. PARKING IS FREE HERE, and that is a fact about this park rather than about the District: Del Valle charges $10 on weekends and holidays, and Lake Chabot -- connected by trail and covered by the same brochure -- charges $5/vehicle. A reader generalising either way is wrong. CONFIRMS Ordinance 38 s.400.3(b) from a second, independent document: the brochure states the same 15 consecutive days / 30 days per year / 2-day break stay limit, so it is left as the single agency-scoped rule rather than copied into the campground row. CORRECTS THE GROUP BOOKING LEAD TIME: the reservations page gives 2 business days for campsites generally, while this brochure requires group camping reservations at least 3 business days in advance. Recorded as a difference between site classes rather than a conflict, since booking_channels.csv now holds lead time per class. The brochure's rules panel restates Ordinance 38's dog leash rules (200 ft, developed areas, grazing areas, clean up after your pet) with no drift, so no regulation row changed. NOT CAPTURED: Lake Chabot's own fees, boat rental, fishing and tour-boat operations, and the equestrian centres -- none of them change a camping plan. ALSO NOT CAPTURED, AND THIS ONE IS A SCHEMA GAP RATHER THAN A CHOICE: the page's top carries live trail-closure notices, updated 2026-09-15 -- Willowview Trail closed, Redtail Trail closed between Brandon and Grass Valley, 300 ft of Brandon Trail inaccessible to equestrians, and a permanently closed section of Bird Trail since 2025-08-04. The scorecard already reports 'What is closed?' as no-model for every objective in the dataset, and this is that gap in concrete form: there is nowhere to put a dated closure. The notices also sit under no heading on the page, so a future scrape has nothing to anchor on.",,
ebmud_trail-2026-09-15-01,2026-09-15,ebmud_trail,https://www.ebmud.com/recreation/buy-trail-permit,,user-pasted-full-text,new-group,"EBMUD's trail use permit page, pasted in full. A NEW AGENCY AND A NEW PERMIT, and the first in this project issued by a water utility rather than a park or forest agency. It arrives through Anthony Chabot rather than being sought out: the six-mile Chabot-to-Garin Regional Trail linking Anthony Chabot to Cull Canyon crosses EBMUD watershed land and requires this permit, and EBRPD's own Ordinance 38 Attachment C already named EBMUD first among lands owned by others whose rules apply once crossed. TWO THINGS HERE ARE THE KIND THIS PROJECT EXISTS TO CATCH. First, the fee ladder has a free rung that is NOT SOLD THROUGH THE CHECKOUT that sells every other tier: $3/day, $10/year, $20/3yr and $30/5yr are bought online at trailpermits.ebmud.com, while the income-qualified $0 one-year permit requires downloading a PDF, completing it and MAILING it. Someone entitled to pay nothing cannot obtain it the way everyone else obtains theirs, and has to allow post time -- a channel difference, not just a price. Second, THE PERMIT COVERS ONE NAMED PERSON, who may bring immediate family plus three guests and is responsible for their conduct, and is not transferable; a party of five unrelated people needs more than one. Both facts are stored in the fields built for them rather than in prose. ADDS the income thresholds verbatim ($67,900 for 1-2 people rising to $98,450 for 6, plus $6,800 per additional member) because a reader has to check themselves against them. ADDS the exclusion that no permit is required for the Lafayette Reservoir Rim or Lakeside Trail, which is the kind of over-application a permit row invites. NO TRAILHEAD USES THIS GROUP YET: nothing in trailheads.csv sits on EBMUD land, so the row is currently reachable only by reading it. That is deliberate -- the permit is real and sourced, and inventing a trailhead to justify it would be the wrong fix. NOT CAPTURED: Mokelumne-area trail permits beyond the contact number, and the Trail Leader permit scheme, which is for organised trips rather than a private party.",,
none-2026-09-15-10,2026-09-15,none,https://www.ebparks.org/parks/anthony-chabot,2026-09-15,user-pasted-full-text,confirms-existing,"Anthony Chabot's Attractions section, pasted in full, completing the read of this park page. CONFIRMS THE SITE COMPOSITION THIS PROJECT HAD BEEN CARRYING AS UNCONFIRMED and corrects one figure in it. EBRPD states 53 drive-to tent sites, 10 walk-to tent sites and 12 RV/trailer sites with full hookups -- 75 in total, matching the web-search figure. But that figure also placed 1 developed group site inside the 75, and it is not there: 53+10+12 accounts for all of them, and the park's seven group camps are separate bookings. A small correction, and exactly the kind a search summary introduces. ADDS that every site has a picnic table and a fire ring with grill. SHARPENS THE GATE RULE FROM A CUTOFF INTO A LOCK-OUT, which changes what a late arrival means: gates are locked at 10pm and NO entry is possible until 8am, but campers may EXIT at any time. A late departure is fine; a late arrival is a night in the car outside the gate. The row previously said only that gates close at 10pm. ADDS GROUP CAMPING as a class this project could not previously describe: seven group camps at 35 to 300 campers, all with picnic tables, BBQ, fire ring, water and chemical or vault toilets, requiring a MINIMUM OF 10 PEOPLE -- so they are not an option for a small party, whatever their capacity suggests. Only one is named, Bort Meadow Group Camp, which is added as a row and is the only EBRPD equestrian camping this project holds outside Del Valle; the other six are unnamed here and no rows were invented for them. CONFIRMS independently that group campsites cannot be reserved online, which booking_channels.csv already stated from the reservations page. AN INTERNAL CONTRADICTION, RECORDED RATHER THAN RESOLVED: the same page says the park is 20 minutes from downtown Oakland in its overview and the campground 35 minutes from downtown Oakland and the airport in this section. Both are in the campground's notes. No conflict thread was opened, because drive time gates no decision this project models -- unlike the 25-vs-30 ft setback, where the number is the rule. ADDS the trail context that led to the EBMUD permit logged at ebmud_trail-2026-09-15-01: the East Bay Skyline National Trail runs the length of the park, and the Chabot-to-Garin Regional Trail reaches Cull Canyon over six miles of EBMUD watershed land requiring that permit. NOT CAPTURED: the two equestrian centres, which board horses and give lessons rather than gating any trip.",,
none-2026-09-15-11,2026-09-15,none,https://www.ebparks.org/parks/anthony-chabot/camping,,user-pasted-full-text,corrects-existing,"Anthony Chabot's campground page, pasted in full. REVERSES A CORRECTION THIS PROJECT MADE EARLIER TODAY AND GOT WRONG. Web search had reported the campground's 75 sites as including '1 developed group site'; the park page's Attractions section listed 53 drive-to tent, 10 walk-to tent and 12 RV, which sums to 75 on its own, and that arithmetic was used to strike the group site as a search-summary error. It was not an error -- this page lists it, and it is Puma Point, which sits inside the family campground and now has its own row. The page's own list therefore sums to 76 while calling itself 75. The individual-site figures agree across both pages and are what the row carries; the discrepancy is a counting choice about whether a group site inside the campground is one of its campsites, and it is stated rather than silently resolved. The lesson is the project's own: arithmetic that works is not evidence, and a second source beat a clean sum. NAMES ALL SEVEN GROUP CAMPS WITH THEIR FEES, where only Bort Meadow had been nameable: Puma Point $100 (developed), El Venado $75, Lookout Ridge $75, Two Rocks $75, Lost Ridge $125, Hawk Ridge $175, Bort Meadow $200, each plus an $8 reservation fee. Six rows added, Bort Meadow's fee filled. ADDS A CHARGE THAT DOUBLES THE MONEY NEEDED: every group reservation requires a security/damage deposit equal to one night's fee, so Bort Meadow is $400 to hold rather than $200. ADDS the $8 per-site reservation fee on family bookings, which this row did not carry. ADDS check-in 2pm and check-out 12pm, previously blank. CLARIFIES THE HIKE-IN SITES: #13-22 are explicitly NOT backpack sites -- they are inside the campground without vehicle access or adjacent parking -- which is why access_mode is mixed here. ADDS that generators and smoking are prohibited outright, stricter than Ordinance 38 s.400.2's disturbance test, and that there is NO CAMP STORE beyond the kiosk's firewood and charcoal. ADDS the primitive group camps' character: behind the group camp gate, outside the family campground, no showers or flush toilets, and no RVs, trailers or motorhomes at any group site. ADDS Puma Point's own terms: beer and wine but no hard alcohol, 13 parking passes with the reservation, and no buses, RVs, trailers, food trucks or caterers. NOT READ: the campground map PDF linked from this page (AChabot-Camp-Map.pdf) contains no extractable text -- it is an image -- so nothing was taken from it. NOT CAPTURED: the Lake Chabot blue-green algae caution advisory posted at the time of reading, for the same reason the trail closures were not -- there is nowhere to put a dated advisory, and 'What is closed?' remains no-model on the scorecard. Swimming is never permitted at Lake Chabot regardless of the advisory.",,
none-2026-09-15-12,2026-09-15,none,https://www.ebparks.org/parks/anthony-chabot/camping,,user-pasted-full-text,unresolved-conflict,"ONE PAGE STATES ANTHONY CHABOT'S QUIET HOURS TWICE AND DIFFERENTLY. The Hours block near the top gives 'Quiet Hours: 10pm - 5am'; the Campground Hours block lower down gives 'Quiet hours: 10pm - 7am'. Same page, same read, two hours apart at the morning end. Internal rather than cross-source, so the document has already discredited its own statement and no ranking of publishers helps. IT MATTERS because it decides when a camper may start packing, run a tap, or drive out: at 5am the early start is legitimate, at 7am it is a violation, and Ordinance 38 s.400.5 allows removal from a campsite for breaking campground rules with no refund and a 15-day ban. Neither figure is stored as the answer. Resolving it needs the posted sign at the campground or a call to the park office on (510) 690-6676.",chabot-quiet-hours,internal
none-2026-09-15-13,2026-09-15,none,https://www.ebparks.org/parks/anthony-chabot/camping,,user-pasted-full-text,unresolved-conflict,"TWO EBRPD PAGES DISAGREE ON THE MINIMUM PARTY SIZE FOR A GROUP CAMPSITE. Anthony Chabot's park page says 'a minimum of 10 people to use the group campsites'; its campground page says 'A minimum of 17 people are required to reserve a group campsite'. A third statement, on the District's group campsites page, says group sites are for groups of 10 or more while also encouraging groups of 17 or more away from family campgrounds -- which is how 10 and 17 both end up in circulation without either being obviously wrong. IT MATTERS DIRECTLY: a party of twelve either can or cannot book a group site, and the two answers differ on whether they must instead take family sites. Recorded against the campgrounds rather than a permit because EBRPD issues no permit here. Resolving it needs Reservations on (888) 327-2757 option 2, which is the only channel that sells group sites anyway.",ebrpd-group-camp-minimum,cross_source
none-2026-09-15-14,2026-09-15,none,https://www.ebparks.org/parks/anthony-chabot/camping,,user-pasted-full-text,unresolved-conflict,"HOW LONG AN RV FITS AT ANTHONY CHABOT HAS TWO ANSWERS. The park brochure states a maximum vehicle length of 35 feet on hookup sites. The campground page states that parking pads average 30 feet and the largest is 39. The two are not flatly contradictory -- a pad can be longer than the longest vehicle allowed on it -- but they cannot both be acted on: an owner of a 38-foot rig reads a fit from one and a refusal from the other, and the campground page never says which sites the 39-foot pad belongs to or whether it has hookups. IT MATTERS because the failure is discovered after towing the rig there, which is the class of error this project exists to prevent, and because the 12 hookup sites are the only ones with sewer and electric. Neither figure is stored as the answer; both are in the campground's notes. Resolving it needs the park office on (510) 690-6676 or the per-site dimensions on the ReserveAmerica listing, a1.reserveamerica.com/explore/anthony-chabot/EB/110004/overview.",chabot-rv-length,cross_source
none-2026-09-15-15,2026-09-15,none,https://a1.reserveamerica.com/explore/anthony-chabot/EB/110004/overview,,user-pasted-full-text,corrects-existing,"Anthony Chabot's ReserveAmerica listing, the booking system EBRPD actually sells through, pasted in full. It repeats the campground page's facilities text verbatim, which is itself useful -- the two surfaces agree -- and then adds a page of operational terms that appear nowhere on ebparks.org. ADDS CANCELLATION AND CHANGE MECHANICS, and booking_channels.csv gains a change_cancel column to hold them. The scorecard reports 'Can I change or cancel, and by when?' as NO-MODEL for every objective in this dataset; this is the first data that question has ever had. The answer splits by channel, which is why it belongs here: a family campsite CAN be cancelled online but CANNOT be changed online, and backpacking, equestrian and group reservations can be neither -- all of those need a phone call in office hours. The published email address accepts no cancellations or changes either, matching the fact that it accepts no bookings. ADDS A CLAUSE THAT VOIDS A RESERVATION: bookings are for personal use only, and any resale, transfer, for-profit use or unapproved membership arrangement is cancelled immediately without notice, refund or reimbursement. EBRPD states there are currently NO approved third-party vendors, so any site bought from one is void -- the buyer finds out on arrival. Public advertising of a reservation, social media included, needs a special event permit on file. ADDS the online booking window: 12 weeks ahead to 48 hours before arrival. That 48 hours sits against the reservations page's '2 business days', which differ over a weekend; both are recorded in lead_time with the observation that they may split by channel, flagged as a reading rather than a stated fact. Group lead time has the same shape, '3 days' here against '3 business days' on ebparks.org. ADDS group stay limits of 7 nights per month, distinct from the family campground's 15 consecutive days, and that a group booking's GATE CODE and parking passes are emailed only 5-7 days before arrival. ADDS that group sites need an additional beer and wine permit bought in advance. ADDS site limits that cancel bookings rather than warning: a maximum of two family campsites per household, customer name, primary occupant or registered vehicle on any date, one per date for other site types, and additional sites are cancelled. ADDS 2 vehicles per campsite, hike-in sites #13-22 being 0.2 miles (about 1,000 feet) from parking with a wagon suggested, tents only on dirt or designated pads and never on lawns, fires only from commercially bought wood with WOOD COLLECTION PROHIBITED -- the opposite of the Eldorado NF allowance this project holds -- beer and wine only at 21+, and LIMITED TO NO CELL SERVICE, which matters for a party expecting to look anything up on arrival. ADDS A PET DISTINCTION ORDINANCE 38 DOES NOT DRAW, carried onto ebrpd-pets-prohibited-areas: emotional support animals are NOT service animals for the exemption, and are barred from swim beaches, swim areas, select trails and cabins, while service animals with specialized training are permitted everywhere. ADDS, for dogs specifically, that they must be CONFINED TO VEHICLE OR TENT DURING QUIET HOURS rather than merely leashed -- stricter than Ordinance 38 s.801.2(i)'s leash-or-contain, and stated for dogs only, so whether it reaches a cat is unknown and the campground row says so. NOT CAPTURED: the fire-danger and blue-green-algae advisories, for the same reason as every other dated notice -- there is nowhere to put one.",,
none-2026-09-15-16,2026-09-15,none,https://a1.reserveamerica.com/explore/anthony-chabot/EB/110004/overview,,user-pasted-full-text,corrects-existing,"CLOSES chabot-rv-length. The booking system states 'No rigs over 35 feet in length' twice, in its alert banner and again under Day Passes, agreeing with the park brochure's maximum vehicle length of 35 feet. That is two independent surfaces on the same number against the campground page's 'parking pads average 30 feet; the largest is 39 feet', which on this reading was never a competing limit at all: it describes the length of the pad, not what may be parked on it, and a pad can exceed the longest vehicle allowed on it. 35 FEET IS THE RULE and is stored as such; the 39-foot pad stays in the notes as a dimension, not a permission. The conflict was worth opening -- an owner of a 38-foot rig could have read a fit out of the pad figure -- and it is worth closing on evidence rather than leaving open for tidiness.",chabot-rv-length,cross_source
none-2026-09-15-17,2026-09-15,none,https://a1.reserveamerica.com/explore/anthony-chabot/EB/110004/overview,,user-pasted-full-text,corrects-existing,"CLOSES ebrpd-group-camp-minimum at 17 PEOPLE. The booking system states 'A minimum of 17 people are required to reserve a group campsite' and, separately, that 'Groups larger than 16 should reserve a group campsite' -- two statements on one page agreeing with each other and with Anthony Chabot's campground page. Against that, the park page's 'a minimum of 10 people to use the group campsites' stands alone. Three surfaces to one, and the dissenting one is descriptive prose on a park overview while the agreeing ones are the campground's own terms and the system that enforces them at booking. 17 is stored. The park page's 10 is recorded here rather than erased, because it is still published and a reader may meet it: a party of twelve reading that page would believe it could book a group site, and the booking system is where they would find out otherwise.",ebrpd-group-camp-minimum,cross_source
none-2026-09-15-18,2026-09-15,none,https://a1.reserveamerica.com/explore/anthony-chabot/EB/110004/overview,,user-pasted-full-text,unresolved-conflict,"IS ANTHONY CHABOT OPEN IN WINTER? The booking system states the campground is CLOSED SEASONALLY FROM 1 NOVEMBER TO 1 APRIL, with select sites closed through May, and describes it as 'a beautiful seasonal public campground'. The park's own map brochure states that 'Year-round camping is available in a eucalyptus grove overlooking Lake Chabot'. Those cannot both be acted on, and this is the most trip-blocking disagreement in this dataset: five months of the year are either bookable or not. THE CLOSURE IS TREATED AS LIVE while the conflict is open, which is the deliberate asymmetry -- believing the brochure and driving to a locked gate costs the trip, while believing the booking system costs an unnecessary look elsewhere. The booking system is also the surface that would refuse the reservation, and it carries the more specific claim, down to which sites reopen when. Neither is dated, so newer-source-wins cannot settle it. Resolving it needs the park office on (510) 690-6676, or an attempt to book a January date, which the system itself would answer.",chabot-season,cross_source
none-2026-09-15-19,2026-09-15,none,https://a1.reserveamerica.com/explore/anthony-chabot/EB/110004/overview,,user-pasted-full-text,unresolved-conflict,"OVERFLOW PARKING AT ANTHONY CHABOT: PRICED, OR ABSENT? The park brochure lists 'Limited overflow parking: $8/night/vehicle' among its fees and the campground page says reservations are recommended for it, while the booking system states flatly 'No overflow parking available.' A fee schedule does not usually price a facility that does not exist, so the likeliest readings are that overflow parking was withdrawn and the brochure is stale, or that it is seasonal and absent when the campground reopens -- but neither is stated, and the brochure carries no date. IT MATTERS on arrival: two vehicles per campsite is the hard limit, so a party arriving in three cars either pays $8 for the third or has nowhere to put it, and finds out at a gate that locks at 10pm. Both claims are in the campground's notes; neither is stored as the answer.",chabot-overflow-parking,cross_source
none-2026-09-15-20,2026-09-15,none,https://a1.reserveamerica.com/explore/anthony-chabot/EB/110004/campsites,,user-pasted-full-text,corrects-existing,"Anthony Chabot's per-site listing on the booking system, pasted in full with a screenshot of the filter counts. SETTLES THE SITE-COUNT QUESTION THIS PROJECT HAS NOW BEEN WRONG ABOUT IN BOTH DIRECTIONS. The filters count ALL 76 = 7 group + 11 RV hookup + 10 tent-only + 48 tent/no-hookup, and the listing itself was enumerated site by site to check that: Loop A holds 11 RV sites, Loop B 10 hike-in, and Loops C, D and F 9, 26 and 13 tent sites, which is 48. Every filter total is reproduced by the listing. AGAINST THE PROSE: 12 RV + 53 drive-up tent + 10 hike-in is exactly 75, so the '1 developed group site' the campground page lists inside those 75 does not belong there. Puma Point is real -- this project was right to restore it after striking it this morning -- but it is a separate unit, not one of the 75 individual campsites. The original strike had the arithmetic right and the conclusion wrong; the reversal had the facility right and the arithmetic wrong. Both halves are now in the row. A COINCIDENCE WORTH NAMING SO NOBODY RECONCILES IT FALSELY: the system's 'ALL 76' is not the prose's accidental 76. The system counts 69 listed individual sites plus 7 group camps; the prose's faulty list counts 75 individual sites plus Puma Point. Two different quantities that happen to match. THE FINDING THAT MATTERS MOST IS WHAT IS MISSING: only 69 of the 75 individual sites appear online. Sites 010, 031, 033, 039, 053 and 075 are absent from the booking system's list entirely. Browsing online therefore does not show the full inventory, and a party concluding the campground is full has checked 69 of 75. Why they are absent is NOT STATED by any source: the likeliest reading is that they are the accessible sites, since this same system says ADA campsites must be reserved by phone only and the brochure confirms accessible sites exist here, but that is a hypothesis and the row says so -- they could equally be closed or out of service. ADDS THE LOOP STRUCTURE, which no ebparks.org page carries: Loop A 1-12 (RV, 30-amp full hookup), Loop B 13-22 ('Hike-In Sites (NO driving to site)'), Loop C 23-33, Loop D 34-61, Loop F 62-75, all tent. There is no Loop E. RESOLVES THE GROUP CAMP CAPACITY RANGE into per-site figures, where '35 to 300' was all this project held: El Venado 35, Lookout Ridge 35, Puma Point 50, Two Rocks 50, Lost Ridge 100, Hawk Ridge 100, Bort Meadow 300. CONFIRMS PETS AT EVERY SITE: all 76 listings carry the Pets Allowed marker, group camps and hike-in sites included, with no exception. NOT ADDED AS ROWS: 69 individual campsites. Within a loop the listing differentiates them by nothing at all -- same amenities, same loop, same marker -- and campsites.csv exists for sites that genuinely differ, as Sunol's do by water and restroom proximity. Sixty-nine near-identical rows would be the placeholder pattern this project refuses elsewhere. The loop structure carries the distinction that matters.",,
none-2026-09-15-21,2026-09-15,none,https://a1.reserveamerica.com/explore/anthony-chabot/EB/110004/campsites,,user-pasted-full-text,unresolved-conflict,"EVIDENCE ON THE OPEN SEASON CONFLICT, WHICH IT STRENGTHENS WITHOUT CLOSING. The booking system labels six of Anthony Chabot's seven group camps by season: El Venado, Hawk Ridge, Lookout Ridge, Lost Ridge and Two Rocks are each 'Primitive Group Camp Seasonal A', and Bort Meadow is 'Primitive Group Camp Seasonal B'. Puma Point, the developed one, carries no seasonal label at all. That EBRPD operates named seasons here, and more than one of them, sits badly with the park brochure's flat claim that year-round camping is available, and sits comfortably with the booking system's statement that the campground closes 1 November to 1 April with select sites closed through May -- 'select sites' is what a per-site seasonal designation produces. IT DOES NOT CLOSE THE CONFLICT: what seasons A and B actually run is nowhere stated, no date is attached to either label, and none of this speaks directly to the family campground, which is the part someone car camping would book. The closure stays stored as live. Resolving it still needs the park office on (510) 690-6676, or an attempt to book a January family site.",chabot-season,cross_source
none-2026-09-15-22,2026-09-15,none,https://a1.reserveamerica.com/explore/anthony-chabot/EB/110004/campsites,,user-pasted-full-text,corrects-existing,"REVERSES THIS PROJECT'S DECISION NOT TO STORE ANTHONY CHABOT'S SITES INDIVIDUALLY. That call was made on the grounds that sites within a loop differ by nothing, which is true and was the wrong test: the question a reader asks is not 'how does site 45 differ from site 46' but 'what IS site 45', and loop-level prose cannot answer it. Seventy-five rows added to campsites.csv, the first campground here to have them besides Sunol. campsites.csv gains loop, site_type, hookups and online_bookable. THE TYPE VOCABULARY IS DELIBERATELY NOT THE BOOKING SYSTEM'S. ReserveAmerica calls the ten walk-in sites 'Tent Only' and the forty-eight drive-up tent sites 'Tent/No-Hookup', so a reader filtering for a tent site on the more tent-sounding label gets the ten that are a thousand feet from their car. Stored as tent_hike_in and tent_drive_up, with the system's own wording recorded here rather than propagated. THE SIX UNLISTED SITES GET ROWS TOO, which is the point of doing this at all: 010, 031, 033, 039, 053 and 075 exist but never appear online, and a table built only from the listing would rebuild the listing's blind spot inside this project. They carry their loop, which follows from the ranges each loop states, and a BLANK site_type -- not the type of their neighbours. Loop A's other eleven sites are all RV hookup, and that is not evidence about 010. WHAT THE COUNTS PROVE: the rows reproduce the booking system's own filter totals exactly -- 11 RV hookup, 10 tent-only, 48 tent/no-hookup -- which is the check that no row was mistyped, and a test now holds it. Capacity is 8 on every row, from the stated maximum of 8 people per family campsite, infants and children included. SURFACE CHANGE: plan now summarises a campground of more than twelve sites by type and loop instead of listing them, because 75 site numbers would bury the campground's own facts. Sunol's seven named sites still read one by one. The summary line for the unlisted six says they are absent from the listing with the reason unrecorded, NOT that they are phone-only -- that remains a hypothesis, and the listing shows what is there, never why something is not.",,
none-2026-09-15-23,2026-09-15,none,https://a1.reserveamerica.com/explore/anthony-chabot/EB/110004/campsites?siteTypeId=109&pageNumber=2,,user-pasted-full-text,confirms-existing,"The 'Alerts and Important Information' block at the foot of the filtered campsite listing. IT IS THE SAME TEXT as the ADDITIONAL INFORMATION section already read on the overview page -- ReserveAmerica repeats one boilerplate block on every page of the booking flow. All twenty-one substantive claims in it were checked one by one against this project's data and every one was already stored, and stored somewhere usable -- campground rows and regulation rows -- rather than only in a log summary, which would be provenance without an answer. NOTHING DRIFTED between the two renderings. RE-READING IT DID FIND ONE REAL GAP, which is the reason to check rather than wave a duplicate through. The juveniles rule was being carried only on the seven group camp rows, because it arrived here as part of the group camping text. It is not a group rule: Ordinance 38 s.400.4 makes it agency-wide, and it governs the family campground and the Ohlone backpack camps just as much. It was read first-hand in the ordinance at none-2026-09-15-03 and silently not captured then -- that entry listed what it deliberately skipped and this was not on the list, so the omission was an oversight rather than a decision. Added now as ebrpd-camping-minors at agency scope. The 21-and-over bar is the part worth stating plainly: an 18-year-old may camp unaccompanied but may not be the responsible adult for anyone else.",,
none-2026-09-15-24,2026-09-15,none,,,maintainer-decision,corrects-existing,"A STRUCTURAL LIMIT FOUND WHILE MAKING A CAMPGROUND A FIRST-CLASS OBJECTIVE, recorded because it shapes what a campground plan can warn about. Open conflicts are keyed on (permit_group, conflict_id), which is fine for a permit product and useless for land that issues none: every EBRPD conflict this project holds -- chabot-season, chabot-quiet-hours, chabot-overflow-parking and ebrpd-camping-park-count -- sits under the shared 'none' group alongside fifteen trailheads in Plumas, Tahoe, Sequoia, BLM and LTBMU land. So a campground plan CANNOT list the conflicts that bear on it: showing every 'none' conflict would be right today by coincidence of coverage and wrong the first time a Plumas NF disagreement is logged, which is the same reasoning that made jurisdiction an explicit column rather than an inference. NOT WORKED AROUND. Instead the Anthony Chabot row now states the season disagreement in terms the existing scavenger-hunt mechanism already surfaces, so the most trip-blocking fact about that campground -- that it may be closed 1 November to 1 April -- reaches every plan for it rather than only the full --open-questions view. THE REAL FIX, not attempted here, is a scope on a conflict thread the way regulations have one: a conflict about a campground should be keyed to that campground, about an agency to the agency, and about a permit to the permit. That would also let the Desolation and CPMA threads say what they are about rather than which permit they were filed under.",,
none-2026-09-16-01,2026-09-16,none,https://www.ebparks.org/recreation/camping,,user-pasted-full-text,corrects-existing,"EBRPD's camping page, pasted in full. CORRECTS HOW GROUP AND BACKPACK SITES ARE RELEASED, which this project had recorded as a horizon rather than a mechanism. They go in TWO SIX-MONTH BLOCK RELEASES, not a rolling window: arrival dates July-December 2026 are open now, and January-June 2027 opens for reservation in December 2026. The practical shape is different from what a horizon implies -- a date is unbookable until its block opens however far ahead you plan, and an entire half-year of inventory competes on one morning, by phone only, two reservations per call. The earlier entry recorded 'taking arrival dates through December 2026', which was true and read as a rolling limit. CONFIRMS that family campsites really are on a rolling 12-week window, so the two classes work differently and neither can be read off the other. POINTS AT THE DOCUMENT MOST LIKELY TO SETTLE THE OPEN chabot-season CONFLICT: EBRPD publishes a 'Seasonal and Site Closure List' (PDF) and asks that it be reviewed before calling to inquire. It has NOT been read here and the conflict stays open, but the pointer is recorded on the reservations channel so the next person looking does not start from the brochure and the booking system again. ALSO POINTS AT the Group Campsite Minimums, Maximums and Vehicles table, read separately at none-2026-09-16-03.",,
none-2026-09-16-02,2026-09-16,none,https://www.ebparks.org/parks/black-diamond,,user-pasted-full-text,new-group,"Black Diamond Mines Regional Preserve, pasted in full, plus its map and brochure PDFs. A THIRD EBRPD PARK, in Contra Costa County near Antioch -- 8,533 acres, and the first in this project east of the Diablo ridge. ADDS TWO CAMPGROUNDS THAT ARE NOT ALIKE. Star Mine Group Camp is limited to ORGANIZED, EDUCATIONAL GROUPS ONLY, which is a restriction on who may book rather than how many, and the only one of its kind in this project; capacity 35, two-night limit, open all year, picnic tables and a pit toilet, and NO WATER AT THE SITE AT ALL -- campers bring their own and haul their own rubbish out. Stewartville Backpack Camp is open to the general public, holds 20, sits 3.2 miles from the headquarters parking lot near the Stewartville/Upper Oil Canyon junction, and its only water is a NON-POTABLE horse supply, added to water_sources.csv rather than buried in prose. ITS TWO-NIGHT LIMIT IS QUALIFIED 'during the spring, summer, and fall' and what happens in winter is NOT STATED -- recorded as unconfirmed rather than assumed to be the same. A VEHICLE-CAP DISAGREEMENT, small and concrete: this park's page allows a maximum of eight cars at Star Mine while the District's 2026 group camping table caps a 35-capacity site at seven. One car decides whether a party arrives together. A SCHEMA GAP MET HEAD-ON: park gate hours here run in SEVEN SEASONAL BANDS (8am-5pm in deep winter through 8am-8pm in summer) and park_access.csv holds one closing time. The bands are stated verbatim in gate_hours_conditions and gate_close says it varies, because flattening them to one figure would be wrong for most of the year -- and a backpacker walking out 3.2 miles from Stewartville has to clear a gate that shuts at 5pm in November. CONFIRMS THE ESA DISTINCTION from a second park: service animals are allowed on guided underground mine tours and emotional support animals are not, which is the same line Anthony Chabot's booking system drew and is already carried on ebrpd-pets-prohibited-areas. NOT CAPTURED: the Coal Mine Experience programme, Rose Hill Cemetery, the mining and Bay Miwok history, naturalist programmes and the dated event listings -- none of them change a camping plan, and the events are exactly the dated material this schema still cannot hold. The two PDFs are map sheets whose text is labels; nothing was taken from them that the page did not already say.",,
none-2026-09-16-03,2026-09-16,none,https://www.ebparks.org/sites/default/files/ebprd-group-camping-minimum-2026.pdf,,user-pasted-full-text,corrects-existing,"EBRPD's 2026 Group Camping Minimum, Maximums and Vehicles table. CORRECTS A FIGURE THIS PROJECT CLOSED A CONFLICT ON YESTERDAY AND GOT PARTLY WRONG. ebrpd-group-camp-minimum was closed at 17 people, on three surfaces against one, and 17 is indeed the District's floor -- but it is not the answer for every group camp. The table scales the minimum with capacity: a 300-person site needs 100, a 100-person site needs 50, and 17 applies at 75 and below. So Bort Meadow, at 300, needs a party of 100, and Hawk Ridge and Lost Ridge, at 100, need 50. A group of twenty reading this project yesterday would have believed it could book Bort Meadow. Seven group camp rows corrected. The closed conflict is NOT reopened: the question it settled was whether the District floor is 10 or 17, and that answer stands. This is a different fact the floor was being made to stand in for. ADDS PER-SITE VEHICLE CAPS, which the table names for four sites outright: Bort Meadow 75, Hawk Ridge 25, Puma Point 13, Two Rocks 13, and Del Valle's developed sites 15. ADDS the rules around them -- vehicles park in the lot or area nearest the site, no driving into the campsite on roads or trails, NO ADDITIONAL PARKING PASSES ARE AVAILABLE, and motorhomes, RVs and tent trailers are not permitted at group campsites at all. ADDS that backpack and equestrian capacities and vehicle limits vary by site and are only obtainable by calling Reservations, which is a stated gap rather than one this project can close by reading. HOW THIS WAS READ, STATED BECAUSE IT BOUNDS THE CONFIDENCE: the source is a three-column PDF that extracts as flattened columns, so the tier VALUES are certain and the row-by-row alignment was reconstructed from capacities already confirmed per site. Only the five sites the table names in parentheses are certain as site-to-row matches. Every corrected row says so and points at Reservations.",,
none-2026-09-16-04,2026-09-16,none,https://www.reserveamerica.com/explore/black-diamond-mines-regional-preserve/EB/110452/overview,,user-pasted-full-text,corrects-existing,"Black Diamond Mines on ReserveAmerica, pasted in full. ADDS A SCOPE THIS PROJECT DID NOT HAVE, because this park contradicts its own District in a way that would send someone out with the wrong kit. EBRPD's agency-wide fire rule permits portable barbecues and hibachis; Black Diamond permits NO campfires and NO barbecues at any time, camp stoves only. Read at agency scope alone, a planner packs a barbecue they may not use. regulations.csv gains a 'park' scope_type, sitting between permit_group and wilderness in specificity, because that is the direction real strictness runs -- a park unit tightens what its agency allows. Three rules added at that scope: the fire ban, a total alcohol ban (against Anthony Chabot's beer and wine, which is the contrast most likely to catch someone), and haul-out-everything, which pairs with there being no water at Star Mine and only non-potable horse water at Stewartville. SETTLES THE STAR MINE VEHICLE COUNT AT 7. The park page said a maximum of eight cars and the District's group camping table said seven; the booking system issues SEVEN PARKING PASSES, emailed 5-7 days ahead. Passes are the enforcement, so seven is the operative number and the park page is the outlier. CONFIRMS THE TIER DERIVATION THIS PROJECT FLAGGED AS RECONSTRUCTED: Star Mine is stated here as minimum 17, maximum 35, which is exactly what the flattened-column reading of the 2026 table produced for a 35-capacity site. The derivation was right, and the caveat on the other six rows stays, since only this one has been checked against a second source. THE FINDING THAT WOULD HAVE COST A TRIP: STAR MINE IS NOT REACHED FROM BLACK DIAMOND. The booking system sends its parties to 1200 Frederickson Lane -- the Contra Loma entrance, a different park unit -- to park on gravel by the gate before that park's main entrance. Only Stewartville uses Black Diamond's own 5175 Somersville Road entrance. The row's park stays Black Diamond because that is where the campsite lies, but it now says outright that the entrance fee and seven seasonal gate bands resolved against that park are not necessarily what a Star Mine party meets on arrival. Contra Loma's own access is not in this project. TWO THINGS DELIBERATELY NOT INGESTED. The preserve's acreage is given as 8,533 on EBRPD's page and 6,096 here; it gates nothing, so it is recorded in prose without a conflict thread, on the same basis as Anthony Chabot's 20-versus-35-minute drive. And the GPS block is corrupt -- it prints a longitude of -37121.86306, which is not a place -- so no coordinates were taken. CONFIRMS Stewartville's non-potable horse water, stated here as an instruction to bring your own.",,
none-2026-09-16-05,2026-09-16,none,https://www.ebparks.org/parks/briones,,user-pasted-full-text,corrects-existing,"Briones Regional Park, pasted in full, with the District camping page re-read alongside it. A FOURTH EBRPD PARK, 6,255 acres in Contra Costa County. NO CAMPGROUND ROWS WERE CREATED, and the reason is the useful part: Briones has three group campsites at 50 to 300 capacity, and this page names NONE of them. A row needs a name; inventing one to fill the gap would assert a facility this project cannot identify. The park_access row records that they exist, so the gap is visible rather than reading as 'Briones has no camping'. Naming them needs the booking system. A NEW SHAPE IN THE DATA, handled rather than forced: a park whose ACCESS is known while nothing in the dataset sits inside it. The referential-integrity join from park_access back to trailheads or campgrounds fails on that, correctly, so Briones is named in a small allowlist with its reason -- dropping the access row until a campsite is named would mean re-reading the park later, and a misspelling still fails the join. THE FEE IS CASH ONLY, and this is the kind of fact that ruins an arrival rather than a plan: Anthony Chabot and Black Diamond both take Visa, MasterCard and Discover, so a reader generalising from either turns up at Briones with a card and cannot pay. SIX SEASONAL GATE BANDS, the second park in two days to need more than one closing time, which strengthens the case that park_access.csv's single gate_close is the wrong shape rather than Black Diamond being unusual. TWO LIMITS RATHER THAN ONE HERE: parking lot hours are 8am to SUNSET, a different constraint from the gate, binding first whenever sunset comes earlier. AND THE BANDS COVER ONLY TWO OF FIVE STAGING AREAS -- Alhambra and Bear Creek are published, Briones Road, Reliez Valley and Lafayette Ridge are not, and whether they follow the same schedule is unconfirmed. SHARPENS A RULE THIS PROJECT ALREADY HELD VAGUELY. Ordinance 38 Attachment C names 'designated sections of Alhambra Creek, Tavan, Diablo View and Orchard Trails in Briones' without saying which sections; this page gives all four precisely, and they are added as a park-scoped pets rule. It matters because Briones is otherwise leash-optional undeveloped land under s.801.3, so these are the exception inside the exception, marked by signage rather than visible on a map. ADDS a navigation hazard worth recording: Briones Road Staging Area is at 2537 Reliez Valley Road and Reliez Valley Staging Area is at 1956 Reliez Valley Road -- different entrances, same road, names that point at each other. Lafayette Ridge has no published address at all. ADDS A BOOKING FACT FROM THE CAMPING PAGE that was not there when it was read yesterday: Reservations often runs very high call volumes, and a BUSY SIGNAL MEANS THE CALL CENTRE IS AT ITS MAXIMUM and you must try again later. The phone channel can refuse you outright, which bites hardest on a block-release morning when it is the only channel open. CONFIRMS the six-month block release and the rolling 12-week family window, unchanged. NOT CAPTURED AS A RULE: the Briones Special Management Area, a 1,600-acre zone restricting trail use by mode and direction and ALTERNATING BICYCLE AND EQUESTRIAN USE ON WEEKENDS BY EVEN AND ODD CALENDAR DAYS. It is real and it changes what a visitor may do, but this project's regulation categories have no concept of trail use, so it is recorded in the park's notes rather than invented into the vocabulary. The same is true of the archery range and the reservable picnic areas, which change no camping plan.",,
none-2026-09-16-06,2026-09-16,none,https://www.ebparks.org/sites/default/files/Briones-Map-Brochure.pdf,2026-06,user-uploaded-pdf,corrects-existing,"Briones' map brochure, dated 2026/6. NAMES THE THREE GROUP CAMPS THE PARK PAGE ONLY COUNTED: Wee-Ta-Chi, Maud Whalen and Homestead Valley. Rows added, and Briones leaves the allowlist for parks whose access is known while nothing sits in them -- it was there for exactly one commit. AND IT PREVENTS AN ERROR THE MAP ALONE WOULD HAVE CAUSED: the same map labels Oak Grove, Newt Hollow and Crow, which are RESERVABLE PICNIC AREAS, not camps -- Oak Grove 50 and Newt Hollow 150 at Bear Creek, Crow 50 at Alhambra Creek. All six names sit together on the sheet with the same kind of label, and three of them are not campgrounds. TWO FIELDS LEFT BLANK RATHER THAN INFERRED. Access mode: no source says whether you drive to these camps or walk in, and every other EBRPD group camp in this project being drive-in is not evidence about these. Capacity: the park page gives the three together as 50 to 300 and names no per-site figure, which matters more than it looks -- the District's minimum is tiered to capacity, so without a per-site number the minimum party size cannot be resolved either, and a group could be anywhere from 17 to 100 short of being able to book. Both blanks are stated in the rows and held by named test exceptions, so a new blank still fails. CONFIRMS THE LEASH SEGMENTS VERBATIM, word for word as the park page gave them, which matters because that rule was added yesterday at park scope on a single source; it now has two. EXTENDS THE EBMUD PERMIT'S REACH: the brochure marks the EBMUD Briones Reservoir land on the park's western edge 'EBMUD Trail Use Permit required', so it is not only the Chabot-to-Garin trail. CONFIRMS the Briones Special Management Area wording and the five staging areas. NOT CAPTURED: the trail-type key (hiker only, biker only, hiker/biker, hiker/horse), which is the Special Management Area's substance and still has no category in this project's vocabulary.",,
none-2026-09-16-07,2026-09-16,none,https://www.ebparks.org/sites/default/files/Briones-Map-Brochure.pdf,2026-06,user-uploaded-pdf,unresolved-conflict,"HOW FAR AHEAD A BRIONES GROUP CAMP MUST BE BOOKED HAS TWO ANSWERS. The park's map brochure, dated 2026/6, says the three group camping areas 'must be reserved at least five business days in advance'. Every other EBRPD surface says three: the Anthony Chabot brochure, the park pages, the District camping page and the booking system all give three business days for group campsites, and booking_channels.csv carries three as the agency-wide figure. IT DECIDES A BOOKING RATHER THAN A DETAIL: a party calling on a Tuesday for the following Monday clears three business days and fails five. TWO READINGS, NEITHER STATED. Briones may simply require longer than the District floor, the way its cash-only kiosk departs from the District's card handling -- in which case the brochure is right and the agency-wide three is wrong here. Or the brochure is stale, though at 2026/6 it is the NEWEST document in this comparison, which cuts against that reading and is why newer-source-wins cannot settle it. The agency-wide three is left as the stored answer because it is what four surfaces say, and the five is recorded on all three Briones rows so nobody books on three without seeing it. Resolving it needs Reservations on (888) 327-2757 option 2.",briones-group-lead-time,cross_source
none-2026-09-16-08,2026-09-16,none,https://www.reserveamerica.com/explore/briones-regional-park/EB/110451/overview,,user-pasted-full-text,corrects-existing,"Briones on ReserveAmerica, overview and campsite listing. FILLS BOTH BLANKS THIS PROJECT LEFT YESTERDAY, and they turn out to matter more than a missing number usually does. Per-site minimums and maximums are stated outright: Wee-Ta-Chi 17-50, Maud Whalen 25-75, Homestead Valley 100-300. The park page had given only '50 to 300' across all three, and because the District's minimum is tiered to capacity, no per-site capacity meant no resolvable minimum either. A party of twenty can book Wee-Ta-Chi, cannot book Maud Whalen, and is eighty short of Homestead Valley -- three different answers the row could not previously give. Access mode stays blank: still nothing said. IT ALSO TESTED THE TIER TABLE THIS PROJECT RECONSTRUCTED FROM A FLATTENED PDF, AND FOUND A ROW OF IT WRONG. Maud Whalen is minimum 25 at 75 capacity; the reconstruction gave 17 for a 75-capacity site. Re-reading the extraction, the '25' placed at the end of the maximum column is really the fifth value of the minimum column, making the table 300/100, 100/50, 75/25, 50/17, 35/17 -- which fits all three stated Briones pairs. NO ANTHONY CHABOT FIGURE RESTED ON THE BAD ROW, because no camp there is 75 capacity, and the four tiers those corrections did use are each now corroborated by a directly stated site. The caveat carried on those rows was the right call and is sharpened rather than removed. ADDS A SEASONAL CLOSURE, 1 NOVEMBER TO 15 MAY: the listing shows Briones open through 31 October 2026 and the park's own text says the group areas are reservable 'beginning May through October'. Nothing read contradicts it, unlike Anthony Chabot's. REFINES THE FAMILY STAY LIMIT in a way the campground rows did not carry: 15 consecutive and 30 total nights are counted PER HOUSEHOLD ADDRESS, customer name, primary occupant or registered vehicle -- not per person -- and walk-in and drop-in stays count toward it. CONFIRMS beer and wine are allowed here with a separate permit for group sites, which is the District norm and shows Black Diamond's total ban to be the park-scoped exception it was recorded as. The GPS on this page is valid, unlike Black Diamond's; no coordinate column exists on campgrounds or park_access, so it was not stored.",,
none-2026-09-16-09,2026-09-16,none,https://www.reserveamerica.com/explore/briones-regional-park/EB/110451/overview,,user-pasted-full-text,corrects-existing,"CLOSES briones-group-lead-time AT 3 DAYS. The booking system states 'Reservations cannot be made less than 3 days from arrival date' in its facilities text and '3 days in advance' in its alert banner, agreeing with the park page, the District camping page, the Anthony Chabot brochure and booking_channels.csv. That is five surfaces against the Briones map brochure's 'at least five business days'. THE AWKWARD PART IS RECORDED RATHER THAN SMOOTHED: the brochure is dated 2026/6 and is the NEWEST document in the comparison, so this closes AGAINST recency, on weight of agreement and on the booking system being the thing that actually refuses a late call. Why the brochure says five is unexplained -- it may be stale despite its date, or a Briones-specific practice that the reservation system does not encode. Three is stored; the five stays recorded on all three Briones rows, so a party working from the printed brochure is not silently contradicted.",briones-group-lead-time,cross_source
none-2026-09-16-10,2026-09-16,none,https://www.reserveamerica.com/explore/briones-regional-park/EB/110451/overview,,user-pasted-full-text,unresolved-conflict,"EVIDENCE ON chabot-season FROM A SECOND PARK, strengthening it without closing it. Briones' three group camps are seasonally closed 1 November to 15 May, stated plainly by the booking system with no contradicting source. That EBRPD closes camping over the winter at another park, on almost the same calendar Anthony Chabot's disputed closure claims (1 November to 1 April), makes the booking system's Chabot statement look like the District's normal practice rather than an error, and the brochure's flat 'year-round camping is available' look more like the outlier. IT IS STILL NOT DECISIVE, and the reasons are worth stating so nobody treats this as closed: different park, different site class -- Briones' are primitive group camps and Chabot's is a developed family campground with flush toilets and hookups, which is exactly the kind of site a District might keep open through winter. The Chabot closure stays stored as live and the conflict stays open. The Seasonal and Site Closure List named on the camping page remains the document that would settle it.",chabot-season,cross_source
none-2026-09-16-11,2026-09-16,none,https://www.reserveamerica.com/explore/black-diamond-mines-regional-preserve/EB/110452/1102/campsite-booking,,user-pasted-full-text,corrects-existing,"Black Diamond's per-site booking pages for Stewartville and Star Mine, the deepest level ReserveAmerica publishes. CORRECTS THIS PROJECT'S ACCESS TAG FOR STAR MINE from drive-in to HIKE-IN. The booking system classifies it Hike-In and puts its seven parking spaces a QUARTER MILE from the site; the park page's 'parking available at the site' was read as unloading at the pitch, which it is not. A group of up to 35 carries its kit that far. It also breaks an assumption this project had hardened into a test -- that group camps are driven to -- so the invariant now holds for backpack and family sites and only requires a group camp to state some mode. SETTLES STEWARTVILLE'S WINTER, which this row carried as unconfirmed: the park page limited camping to two nights 'during the spring, summer, and fall' and said nothing about winter, and the listing states a seasonal closure of 1 NOVEMBER TO 31 MARCH. Black Diamond itself stays open through 31 December 2026; only the site shuts. NARROWS WHO MAY BOOK STAR MINE from the park page's 'organized, educational groups' to 'ONLY FOR USE BY SCHOOL GROUPS AND SCOUTS'. A community or church group reading the park page as permission would be refused, and that is a booking-time refusal rather than a gate-time one. ADDS AN ARRIVAL RULE with teeth: at Star Mine ALL VEHICLES MUST ENTER AND EXIT TOGETHER, NO SHUTTLING, and violators may be cited or towed -- a party trickling in across an afternoon is breaking the terms. ADDS check-in 2pm and check-out 12pm for both sites, previously blank. ADDS Stewartville's minimum of 1 person, so a solo camper can book a site this project described only by its capacity of 20. CONFIRMS Star Mine's 7 vehicles, its 17-35 capacity, the Fredrickson Lane access by the Contra Loma entrance, the security deposit, and the no-water, no-fire, no-alcohol terms. ADDS site furniture: Star Mine has a shade structure and 2 tent pads; Stewartville has pole tethering and pipe rails for horses. ONE THING NOTED AND NOT ASSERTED: the listing marks Stewartville 'Pets Allowed: Domestic, Horse' and marks Star Mine with nothing. An absent marker is not a stated ban, and the two sit on one page, so the contrast is recorded in the row as a question for Reservations rather than written in as a prohibition.",,
none-2026-09-16-12,2026-09-16,none,https://www.reserveamerica.com/explore/black-diamond-mines-regional-preserve/EB/110452/1102/campsite-booking,,user-pasted-full-text,unresolved-conflict,"HOW MANY VEHICLES MAY A STEWARTVILLE PARTY BRING? Its own booking page answers twice and differently: the structured site detail says 'Maximum Number of Vehicles: 1', while the free-text notes on the same page say 'PARKING: 5 parking passes'. Internal, so the page has discredited itself and no ranking of publishers helps. IT DECIDES WHETHER A GROUP CAN GO AT ALL: the site holds up to 20 people and sits 3.2 miles from the trailhead, so a party of eight arriving in three cars is either fine or four vehicles over. Both readings are plausible -- 1 may be a default the District never set for a backpack site, or 5 may be copied from a template -- and neither is stated. Neither figure is stored as the answer; both are in the row. Resolving it needs Reservations on (888) 327-2757 option 2, or the information letter EBRPD emails 5-7 days before arrival, which carries the parking passes themselves and would settle it by counting them.",stewartville-vehicles,internal
none-2026-09-16-13,2026-09-16,none,https://a1.reserveamerica.com/explore/anthony-chabot/EB/110004/campsites,,user-pasted-full-text,confirms-existing,"Anthony Chabot's campsite listing, pasted a second time. IT IS THE SAME LISTING, and that was checked rather than assumed: the loops were re-derived from this paste independently of what is stored and every count matches -- 9 in Loop C, 26 in Loop D, 13 in Loop F, with 006 and 022 present -- and the six sites absent from the listing are the same six, 010, 031, 033, 039, 053 and 075. All six named group camps carry the same capacities and the same Seasonal A and B designations. Nothing drifted. RE-READING IT STILL FOUND A GAP, the second time in three days a duplicate has. When Briones' booking page was read yesterday it stated that the family stay limit is counted PER HOUSEHOLD ADDRESS, customer name, primary occupant or registered vehicle rather than per person, and that walk-in and drop-in stays count toward the tally. That was written into the log entry and never into ebrpd-camping-stay-limit, which is the agency-wide rule that states the limit -- so the fact was recorded as provenance without ever becoming an answer, which is the failure this project's own logging discipline is meant to prevent. It is the same shape as the juveniles rule missed on 2026-09-15. Added to the rule's detail now. IT MATTERS: a family reading '30 total days per year' as a per-person allowance plans roughly twice the camping it may actually book, and cannot fix it by reserving in another member's name. THE PATTERN IS WORTH NAMING: both misses happened when a fact arrived inside a block of text about something else -- the juveniles rule inside group camping, this inside a Briones page -- and was summarised rather than filed. Re-reading duplicates is how they surface.",,
none-2026-09-16-14,2026-09-16,none,https://www.ebparks.org/alerts-closures,2026-09-15,user-pasted-full-text,corrects-existing,"EBRPD's Alerts and Closures page, pasted in full -- roughly sixty live notices across the District. MOST OF IT THIS PROJECT STILL CANNOT HOLD, and this is the clearest instance yet of the gap the scorecard reports as 'What is closed?' no-model for all 462 objectives: trail closures at Anthony Chabot, Briones, Sunol, Morgan Territory, Round Valley and Contra Loma, blue-green algae advisories at Lake Chabot and both Del Valle swim beaches, a golden mussel quarantine affecting Del Valle, Lake Chabot, Quarry Lakes and Shadow Cliffs, and a boil-water advisory at Piedmont Stables. Every one is dated and every one expires; there is nowhere to put a fact with an end. THREE THINGS DID FIT THE SCHEMA, and they are the reason to read an alerts page rather than skip it. FIRST, A DATED OFFICIAL WATER CHECK of the whole Ohlone corridor: Eagle Springs, Backpack Camp, Doe Camp, Maggie's Half Acre, Boyd Camp, Stromer Springs and Stewart's Camp all listed as water available on 2026-09-15, with EBRPD restating that ALL of it is non-potable. Seven ledger entries added. It is the newest check on Boyd Camp, where an official update and this project's own field note have disagreed since 2026-09-04 -- it does not disprove the field note and both older entries stay, but it is now what the latest-status view reports. It is also the first official update to cover Stromer Springs, which this project held only on a maintainer's in-person report. EBRPD wrote one entry as 'Backpack Camp' with no park name; mapped to Sunol Backpack Camp, which is the corridor camp the rest of the list covers. SECOND, A PARK-SCOPED FIRE BAN AT SUNOL, stricter than Black Diamond's: no open fires or barbecues of any type, and gas stoves permitted at Alameda Grove and School Camp ONLY -- neither of which is Sunol Backpack Camp, the camp this project actually holds. The District's agency rule permits portable barbecues, so a backpacker planning a hot meal there on that basis plans something they may not do. It is posted as a fire warning rather than in the camping text, and whether it lifts outside fire season is not stated; recorded as standing because its exceptions are named by place rather than by date. THIRD, A CAMPGROUND THIS PROJECT DID NOT HAVE, arriving through its own outage: Round Valley Backpack Camp, whose water supply is not working until further notice. The row is deliberately thin -- no capacity, fee, restroom, reservation terms or season, because no source read states them -- and it carries the fact that Ordinance 38 Attachment B prohibits dogs in the whole of Round Valley Regional Preserve as a wildlife protection area, which is a harder bar than any leash rule and reaches the camp.",,
none-2026-09-16-15,2026-09-16,none,https://www.ebparks.org/alerts-closures,2026-09-15,user-pasted-full-text,corrects-existing,"ADDS data/advisories.csv, and with it the first answer this project has ever had for the scorecard's 'What is closed?', which has read no-model for all 462 objectives since the scorecard existed. Eight advisories from EBRPD's alerts page, scoped to the five parks this project actually holds. WHAT MAKES THIS TABLE DIFFERENT FROM EVERY OTHER ONE HERE: an advisory is a fact with an end. A permit quota, a leash rule and a campground fee stay true until someone corrects them; a trail is closed until the culvert is repaired. Storing the second kind the way this project stores the first would produce exactly what it exists to prevent -- a closure read in September and repeated in March is not stale data, it is a wrong answer with a date on it. THREE PROPERTIES ARE STRUCTURAL RATHER THAN CONVENTION. An advisory with no observed_date is REFUSED AT LOAD, because the date is the only thing that lets a reader judge the rest. An end date and until_further_notice cannot both be set, because they are the two answers the table exists to keep apart, and a row claiming both is refused too. And an open-ended advisory NEVER expires on its own: the agency has not said it is over, and deciding that for them is the failure mode. Instead its age is reported, and past 30 days it is flagged as old enough to doubt -- not a claim about how long closures last, but how long this project is willing to repeat one without saying when it last looked. Storm damage is repaired in a fortnight and an algae bloom clears faster. plan resolves advisories by DATE as well as scope, so a trip planned after a stated reopening is not warned about a closure that will be over, and prints them ABOVE cost and facilities, because a closed trail changes whether the trip happens where a fee only changes what it costs. WHAT WAS NOT ADDED, and why. Sunol's fire warning stayed a park-scoped REGULATION rather than becoming an advisory: its exceptions are named by place, not by date, and holding one fact in two tables is the drift the regulations table was built to stop. Round Valley's water outage stayed in the water ledger, which already records dated checks and is the right home. Advisories at Contra Loma and Lake Chabot were left out because neither park has a row here for them to attach to -- Contra Loma matters, since Star Mine parties park there, and that gap is recorded rather than papered over by scoping its notice to a park it is not in. The golden mussel quarantine IS recorded against Del Valle, because the quarantine bites at Del Valle even though the detection was at Contra Loma. ONE ADVISORY IS NOT REALLY ONE: Anthony Chabot's Bird Trail re-route is permanent, not a condition, but EBRPD publishes it among the alerts and it will never expire; it is kept with that said in its detail, because a map printed before August 2025 shows a loop that is not there.",,
none-2026-09-16-16,2026-09-16,none,https://www.reserveamerica.com/explore/round-valley-regional-preserve/EB/110459/overview,,user-pasted-full-text,corrects-existing,"Round Valley's park page and all three of its ReserveAmerica pages. FILLS THE THINNEST ROW IN THIS PROJECT: the camp entered a day ago through a water-outage notice with a name, a park and nothing else. It now has capacity 1-25, check-in 2pm, check-out 12pm, graded tent pads, a picnic table, hitching rails, two vehicles, and an ADA-ACCESSIBLE VAULT TOILET -- so has_restroom was corrected from False, where it had been a default that could be misread as 'there is no toilet'. RECONCILES THREE SOURCES THAT LOOK LIKE THEY DISAGREE ABOUT WATER. The park page says non-potable water is available at the site; the booking system says NO WATER, bring all you need; the alerts page says the supply is not working until further notice. All three are true at once: the supply exists, it is non-potable, and it is currently broken. The park page describes the normal state and the booking system the current one. This also CONFIRMS a value stored yesterday on no evidence -- potability was set False as the conservative reading, and the park page states it. THE WALK IS 3.4 OR 3.6 MILES: the booking system gives 18,000 feet, which is 3.41, and the park page says 3.6. Recorded as both without a conflict thread, because neither gates a decision at that margin -- though for a party carrying every litre of its own water to a site EBRPD warns commonly exceeds 100F, the longer figure is the one to plan on. FOUR RULES ADDED, THREE OF WHICH REACH CAMPS THIS PROJECT ALREADY HELD. The District treats BACKPACK SITES as their own class and publishes their terms only through the booking system: a 2-night stay limit, except on the Ohlone Wilderness Trail where 3 consecutive nights are allowed because the trail is 28 miles and two nights does not cover it; no campfires or charcoal barbecues, camp stoves only; and NO ALCOHOL AT ALL, beer and wine included, where the family campgrounds permit both. Each is stricter than the Ordinance 38 rule it sits under, and each reaches Boyd, Stewart's, Maggie's Half Acre, Doe, Sunol Backpack, Eagle Springs and Round Valley. NO DOGS OVERNIGHT at the Mission Peak, Sunol and Ohlone Trail backpack sites is scoped to the AGENCY rather than a park, deliberately: those camps are filed under Del Valle Regional Park, where the family campground allows dogs, so a park-scoped rule would ban them at the wrong campground. It is an overnight ban rather than a leash requirement -- a dog may walk the trail and may not sleep at the camp -- and whether it reaches a cat is NOT STATED, unlike Ordinance 38's own 'dog, cat, or other animal' wording. ROUND VALLEY BANS DOGS ENTIRELY, park-wide, and the page gives the cause: the endangered San Joaquin kit fox is here at the northern extreme of its range and dogs are a disease vector to it. Attachment B listed the preserve without saying why. ADDS THE HALF OF Q8 THIS PROJECT CALLED UNANSWERABLE FOUR COMMITS AGO. 'Can I change or cancel, AND BY WHEN' had a channel and no cutoff; backpack sites have both -- two days before arrival, by phone, up to 4pm, with an $8 cancellation fee and a separate $8 non-refundable change fee on top of a non-refundable $8 reservation fee. A cancelled backpack trip costs $16 before any nightly rate. AND NO REFUNDS for inclement weather, stricter fire restrictions or water quality issues -- the three things most likely to stop the trip are the three EBRPD will not refund. ADDS a park_access row with six seasonal gate bands, the third park here to need more than one closing time, and free parking.",,
none-2026-09-16-17,2026-09-16,none,https://www.ebparks.org/parks/coyote-hills,,user-pasted-full-text,corrects-existing,"Coyote Hills' park page and both its map PDFs. ADDS DAIRY GLEN GROUP CAMP: capacity 50, three shade structures, picnic tables, a drinking fountain, A FIRE PIT, a hand-washing station and vault toilets, reservable 3 or more business days ahead. FULLY ADA COMPLIANT after a Regional Parks Foundation renovation, with a hardened path to the shade structures -- the only campground in this project described as accessible rather than merely having an accessible toilet. THE FIRE PIT IS NOTABLE AGAINST THE REST OF THE DATASET: every EBRPD backpack site bans fires outright and Black Diamond bans them park-wide, so a provided pit is the exception, and Ordinance 38 s.404's 'only in the facilities provided' is what governs it. ADDS THE FIRST POTABLE WATER SOURCE HERE. Every other source in this project is a spigot or trough EBRPD states is non-potable; this is described as a drinking fountain at a renovated camp. Recorded potable as the reading, with the caveat that no page says the word. THE GATE SCHEMA BREAKS PROPERLY FOR THE FIRST TIME. Black Diamond, Briones and Round Valley each need multiple closing times but open at 8am in every band, so gate_open held one storable figure. Coyote Hills opens at 7am for five months and 8am for seven, so both ends now say 'varies by season'. That is four parks in three days whose hours this schema cannot express, and the single gate_open/gate_close pair is now clearly the wrong shape rather than an awkward fit. ADDS A CONCEPT NO PARK HAD: a PARK CURFEW of 10pm-5am, distinct from the gate. The gate governs vehicle entry; the curfew governs being in the park at all, and between gate close and 10pm the two differ. ADDS that the waters west and south are the Don Edwards San Francisco Bay National Wildlife Refuge, run by U.S. Fish and Wildlife -- a fourth agency touching this project's parks, whose land is not held here, and where DOGS ARE NOT ALLOWED even though Coyote Hills permits them. NOT CAPTURED: the Visitor Center's holiday schedule, the Nectar Garden, naturalist programmes and the Ohlone exhibits -- none change a camping plan.",,
none-2026-09-16-18,2026-09-16,none,https://www.ebparks.org/sites/default/files/Coyote-Hills-Map-Brochure.pdf,,user-uploaded-pdf,unresolved-conflict,"EVIDENCE ON THE 15-VERSUS-18 PARK COUNT, AND ONE OF THE THREE CANDIDATE EXPLANATIONS IS NOW SETTLED. When that conflict was opened, three readings were offered for the gap of three: the finder tagging a park whose camping Reservations does not handle, Dumbarton Quarry being counted separately while sitting inside Coyote Hills, and Garin and Dry Creek Pioneer being one paired parkland with two entries. DUMBARTON IS CONFIRMED AS A CAMPGROUND OF COYOTE HILLS, not a park. Coyote Hills' own map brochure lists it under that park's Camping heading beside Dairy Glen -- 'The Dairy Glen area is available for group overnight camping. Dumbarton Quarry Campground on the Bay offers tent, car, and RV camping' -- which agrees with ReserveAmerica's 'located within Coyote Hills Regional Park'. The park finder lists it separately, but a finder entry is a navigation choice rather than a claim about boundaries. So 18 finder entries contain at least one campground counted as a park, and the gap is at most two. THE CONFLICT STAYS OPEN because that is not the whole gap: Garin and Dry Creek Pioneer are untested, and so is whether the Tilden trio -- Regional Park, Nature Area and Botanic Garden -- is one park or three. THE ROW CHANGE CARRIES A CAUTION rather than a clean win: with park set to Coyote Hills, Dumbarton now inherits that park's $5 parking and six seasonal gate bands, and Dumbarton has its own entrance on the Bay side and its own brochure. Whether a Dumbarton camper meets Coyote Hills' gate and fee is unconfirmed -- the same shape as Star Mine, which lies in Black Diamond and is entered from Contra Loma.",ebrpd-camping-park-count,cross_source
none-2026-09-16-19,2026-09-16,none,https://www.reserveamerica.com/explore/coyote-hills-regional-park/EB/110453/1153/campsite-booking,,user-pasted-full-text,corrects-existing,"Coyote Hills' three ReserveAmerica pages -- overview, campsites list and Dairy Glen's own booking page. CORRECTS DAIRY GLEN FROM DRIVE-IN TO HIKE-IN, and this is the worse of the two access corrections made in two days. Star Mine's drive_in at least came from a page saying parking was available at the site. Dairy Glen's came from nothing: no source read yesterday said how you reach it, and drive_in was written because a group camp with shade structures and a stone BBQ sounded like somewhere you park. The listing says it twice -- 'This is a HIKE-IN only site (approximately 1/4 mile on a flat, paved surface)' and 'Hike-in ONLY site. NO vehicle access (driving into/out of site)' -- so up to fifty people carry their kit a quarter mile while their ten permitted vehicles stay at the lot. THE LESSON IS NOT ABOUT ACCESS MODE. It is that a blank field and a guessed field render identically to a reader, and this schema already has the rule for it: absent is not a value. access_mode blank prints 'access mode not recorded'. Writing drive_in turned a gap into a claim, and nothing downstream could tell the difference. Any field filled without a source should have been left blank. CONFIRMS THE MINIMUM PARTY SIZE THAT WAS RECORDED AS NOT STATED: minimum 17, maximum 50. Yesterday's row said no page gave a minimum, derived 17 from the District's 2026 tier table, and warned that the table's row alignment had been reconstructed and found wrong in one place. The derivation was right. That is one hit and not a rehabilitation -- the row known to be wrong is still wrong, and the caveat stays on every other figure taken from that table. FILLS: check-in 2pm, check-out 12pm, maximum 10 vehicles, security deposit required, open year-round, and an ADA Accessible flag from the booking system that now agrees with the park page's fully-ADA-compliant claim -- the quarter mile being flat and paved is what lets both be true at once. Fuller facilities than the park page gave: three shade structures, three 20ft picnic tables, a 6ft stone BBQ, a drinking fountain, a fire circle with benches, a hand-washing station and vault toilets. PETS ALLOWED: DOMESTIC is stated, where Star Mine's listing leaves the field blank -- two EBRPD group camps, one marked and one not, which makes the Star Mine omission a pattern worth asking about rather than a slip. ADDS THE FIRST PARK-SCOPED BOOKING CHANNEL, coyote-hills-group, and with it a park argument to booking.channels_for that did not exist: booking mechanics have been agency-wide since the table was built, and a park-scoped row would have loaded and resolved to nothing. Dairy Glen's page states 'Reservations must be completed and paid in full 5 working days prior to your arrival date or 3 days prior if picking up parking passes/permits', against the District's 3 days. Five working days is the figure to plan on; the three-day version here is the shorter deadline for a party collecting passes, and read carelessly it looks like the District figure. 'Paid in full' is new wording nothing else in that table carries. SCOPE IS A JUDGEMENT: the sentence was read on one site's page, and is stored at park scope because Star Mine, Stewartville, Briones and Round Valley do not carry it. If another Coyote Hills camp turns up without it, the row belongs at site scope, which this schema does not have. NOT CAPTURED: the acreage disagreement and the coordinates went into the park access row as prose -- 1,266 acres on the park page against 978 here, no conflict thread because neither changes a plan, and 37.5575/-122.08583 in prose because no table in this project has a coordinates field. ONE CODE FIX THE QUOTE FORCED: open_questions flags a row uncertain when its notes contain 'approximate', 'unconfirmed' and two other markers. Quoting ReserveAmerica's 'approximately 1/4 mile on a flat, paved surface' tripped it, and the report asked a visitor to go and confirm a distance the operator had already stated. The markers exist to catch THIS PROJECT hedging, not a source hedging, so a quoted span is now stripped before they are matched. Across all committed data the open-question list is unchanged, 85 before and after, so no existing flag depended on a marker sitting inside a quotation.",,
none-2026-09-16-20,2026-09-16,none,https://www.reserveamerica.com/explore/coyote-hills-regional-park/EB/110453/overview,,user-pasted-full-text,unresolved-conflict,"EVIDENCE AGAINST YESTERDAY'S RESOLUTION, FILED THE DAY AFTER IT WAS MADE. Entry -18 closed one of the three candidate explanations for the 15-versus-18 camping park count by resolving Dumbarton Quarry Campground's park field to Coyote Hills. This page, ReserveAmerica's own listing for Coyote Hills, says 'Dumbarton Quarry and Ardenwood Historic Farm parks are located nearby' -- calling Dumbarton a PARK, and placing it NEARBY rather than inside. It lines up with EBRPD's park finder, which lists Dumbarton as a park in its own right, and against the Coyote Hills brochure, which lists the campground under its own Camping heading. The reading is now 2-2 across sources rather than 2-1. THE RESOLUTION IS LEFT STANDING, and the reason is worth stating so it can be argued with: a brochure listing a campground under a park's Camping heading is a claim about what is in the park, while a sentence pointing visitors at what else is around is a claim about convenience, and 'nearby' is what anyone would write about a camp with its own entrance several miles round the marsh even if the boundary enclosed it. But this is now a live disagreement rather than a settled question, so the thread stays open and the caution on the campground row -- that it inherits Coyote Hills' $5 parking and six seasonal gate bands while having its own entrance, exactly the Star Mine shape -- matters more, not less. What would settle it is a boundary map or the District's own statement of which park the campground lies in; neither has been read here.",ebrpd-camping-park-count,cross_source
none-2026-09-16-21,2026-09-16,none,https://www.ebparks.org/parks/garin,,user-pasted-full-text,new-group,"Garin's park page. ADDS GARIN REGIONAL PARK and Arroyo Flats Group Camp, and ADDS A CLOSURE: Dry Creek Garden is shut until further notice for storm damage, the fourth storm closure in the advisories table. SIX GATE BANDS THAT DO NOT COVER THE YEAR. Nov 1-Mar 5 8am-6pm; Mar 6-Apr 16 8am-7pm; Apr 17-May 21 8am-8pm; May 22-Aug 27 8am-9pm; Aug 28-Sep 24 8am-8pm; Sep 25-Oct 29 8am-7pm. OCTOBER 30 AND 31 FALL IN NO BAND. The last band ends Oct 29 and the next begins Nov 1, and the two neighbouring bands differ by an hour, so a party arriving on Halloween has no published closing time to check -- at a park whose group camp instructs them to check exactly that. Recorded as a gap in the source rather than a closure. This is the fifth park in four days whose hours the single gate_open/gate_close pair cannot express, and the first whose published bands are also incomplete; park_hours.csv would have to model a gap, not just a band. Opening is 8am throughout, so that figure is storable. Garin's 9pm summer close is the latest in this project. CASH ONLY, the second such park after Briones, against Coyote Hills one park over taking tap to pay -- payment method is a per-park fact in this District and does not carry. Fee charged only when the kiosk is attended, the same unresolved wording Black Diamond and Briones have: nothing says what happens when it is not. TWO ADDRESSES ON ONE ROAD: the park page gives 1580 Garin Avenue, ReserveAmerica gives the group site and the park's mailing address as 1320 Garin Avenue. Both are EBRPD's. Recorded, not resolved -- a party at the wrong number is at least on the right road. NOT CAPTURED: the Apple Festival, the Red Barn's blacksmith and tool shops, and the Edith Meyers passage, none of which change a plan. The cattle warning went into the park notes because it is addressed to dog owners and this project holds a dog-owning reader.",,
none-2026-09-16-22,2026-09-16,none,https://www.reserveamerica.com/explore/garin-regional-park/EB/110454/overview,,user-pasted-full-text,corrects-existing,"Garin's three ReserveAmerica pages. SEVEN AGENCY-WIDE RULES THAT HAVE BEEN ON EVERY EBRPD LISTING READ FOR THIS PROJECT AND WERE NEVER FILED. The 'Additional Information' block appears on Anthony Chabot's, Black Diamond's, Briones', Round Valley's and Coyote Hills' pages as well as this one. Parts of it were taken -- the per-household stay counting, the emotional-support-animal line, the minors rule -- and the rest was read past. This is the same failure named twice before in this log: a fact arriving inside text about something else gets summarised in a log entry and never becomes a row. The Briones entry, none-2026-09-16-08, literally says 'CONFIRMS beer and wine are allowed here with a separate permit for group sites' and no alcohol rule existed in regulations.csv until today. ADDED: no hard alcohol, beer and wine only at campsites and picnic areas, and a group campsite needing an additional beer-and-wine permit bought in advance -- now with the first price this project has for it, $25.00 from Arroyo Flats' own page. Firewood must be commercially purchased, processed logs or cut lumber and COLLECTING IS PROHIBITED, which is the supply half of the fire question and separate from whether a fire is allowed. No smoking or vaping. Tents unlimited in number but only on dirt or designated pads, never on lawns -- ground, not count, is the binding constraint. Two vehicles per family campsite, with group and backpack sites stating their own (and none of the three read here matches: 7, 10, 15). A maximum of two family campsites per household on any date, additional ones CANCELLED, one per date for other site types, and groups over 16 directed to a group site. Maximum three dogs per site, confined to a vehicle or tent during quiet hours. ONE OF THOSE IS WRITTEN ABOUT DOGS WHERE ORDINANCE 38 IS WRITTEN ABOUT ANIMALS, and it is the count. Three dogs per site is stated; no number is given for cats or other animals, and reading the dog figure across would be inventing one. ALSO ADDS to the group booking channel that a cabin, group, backpack or equestrian reservation gets an information letter emailed 5-7 days ahead. That is not a courtesy note -- at Arroyo Flats it carries the combination to the group site's locked gate, and that site's own page says 5-10 days instead of 5-7. ONE SCHEMA LIMIT THIS EXPOSED AND DID NOT FIX: fee_status reads a row's fee text and returns charges, free or unknown. Arroyo Flats has NO nightly rate on file and a stated $25 alcohol permit, so the row reports as charging and the cost header says the trip is not free -- both true, and neither says the site's price is unknown. This is the same shape the cpma permit already has, free for the permit and $5.00 a day for the parking, so it is a known and accepted pattern rather than a new bug. The fee text now leads with this project's own guard, 'absent is not free', so the component line carries the warning whatever the header counts. A per-item fee model would fix it properly and is not built. AND THE OPEN-QUESTION LIST IMMEDIATELY OBJECTED, correctly: the count of EBRPD rules citing ReserveAmerica went from 3 to 10, and that question exists because a booking vendor does not own what you may do on the land. The objection is right and the rules are still worth having -- these are the terms every EBRPD reservation is made under, published by EBRPD through its own system, not ReserveAmerica's invention. But none of them carries an Ordinance 38 citation, and the generators thread is what that gap looks like when it bites. Tracing these seven back to the ordinance, or establishing that the ordinance does not contain them, is the follow-up.",,
none-2026-09-16-23,2026-09-16,none,https://www.reserveamerica.com/explore/garin-regional-park/EB/110454/1154/campsite-booking,,user-pasted-full-text,unresolved-conflict,"ARROYO FLATS' MINIMUM PARTY SIZE, contradicted by two EBRPD pages read on the same day. The booking system says it twice -- 'Minimum Number of People 17' in the site details and 'CAPACITY: minimum 17, maximum 75' in the site note. The park page says the site 'can accommodate groups of 25 people or more, up to 75'. Maximum 75 is agreed; the floor is not. WHAT MAKES THIS MORE THAN A TYPO: 25 is what the District's capacity tier table gives for a 75-capacity site. That table was reconstructed here from a flattened PDF, found wrong in one row at Briones, and corrected to 300/100, 100/50, 75/25, 50/17, 35/17 against three directly stated Briones pairs -- one of which, Maud Whalen, is 25 at 75 capacity, exactly Arroyo Flats' shape. So the park page agrees with the tier table and with the one other 75-capacity site on file, and the booking system disagrees with all three. AND YET THE BOOKING SYSTEM IS NOT SIMPLY WRONG, because yesterday it was right: Dairy Glen's minimum was 17 at 50 capacity, which the tier table also predicted, and the booking system is the only place either figure is stated as a number rather than derived. NOT RESOLVED, AND THE CHANNEL IS WHY IT MATTERS. Group sites are booked BY PHONE, so no online checkout enforces the 17; whatever figure the Reservations agent applies is the one that decides whether a party of twenty gets the site. A party of 17 to 24 should call and ask before planning on either number. A party of 25 or more is safe under both.",arroyo-flats-minimum,cross_source
none-2026-09-16-24,2026-09-16,none,https://www.reserveamerica.com/explore/garin-regional-park/EB/110454/overview,,user-pasted-full-text,unresolved-conflict,"GENERATORS: THE ORDINANCE AND THE BOOKING TERMS DISAGREE, and both are EBRPD. Ordinance 38 s.400.2 and s.908.2 set a DISTURBANCE TEST -- no generator or sound-amplification device may be operated in a campground if it disturbs other campers -- which permits a quiet one at any hour, and is how this project has recorded it since the ordinance was ingested. The campground rules attached to every EBRPD reservation say 'No gas generators', flat, with no condition. A camper reading the ordinance brings one. A camper reading the terms they agreed to at booking does not. LEFT UNRESOLVED, with the safer reading named in the rule: the booking rules are the terms the reservation is made under, so plan on the flat ban -- but that is a judgement about which document governs, not something either document says. ONE DETAIL WORTH KEEPING: the booking rules ban GAS generators specifically, while the ordinance names no fuel. A battery power station may sit outside both, and nothing read says so either way, so it is a question rather than an answer.",ebrpd-generators,cross_source
none-2026-09-16-25,2026-09-16,none,https://www.ebparks.org/parks/garin,,user-pasted-full-text,unresolved-conflict,"THE THIRD CANDIDATE EXPLANATION FOR THE 15-VERSUS-18 CAMPING PARK COUNT IS NOW EVIDENCED, which leaves one of the three untested. When that conflict was opened, the gap of three had three offered readings: the park finder tagging a park whose camping Reservations does not handle; Dumbarton Quarry being counted separately while sitting inside Coyote Hills; and Garin and Dry Creek Pioneer being one parkland with two finder entries. THE THIRD IS NOW SOURCED. EBRPD's own page calls them 'two adjoining parks from former 19th Century ranches' and gives a combined figure -- over 5,800 acres and more than 35 miles of trails -- for the pair rather than for either. ReserveAmerica says Garin 'shares a contiguous border with sister park Dry Creek Pioneer Regional Park'. The camping is at Garin: Arroyo Flats is the only camp either page names, and nothing read gives Dry Creek Pioneer a camp of its own. So the finder can list two parks where Reservations has one camping park. WHAT THIS DOES AND DOES NOT DO TO THE COUNT. Two of three explanations now have evidence -- this one, and Dumbarton at entry -18, which the very next source argued against and which stands at 2-2. Taken at face value they account for two of the three, leaving one unexplained. That is not a resolution and the thread stays open: neither explanation has been confirmed by EBRPD saying so, both are this project reading its own sources, and the remaining one is the reading nothing has tested. The honest state is a gap of one that nobody here has looked for.",ebrpd-camping-park-count,cross_source
none-2026-09-16-26,2026-09-16,none,https://www.reserveamerica.com/explore/briones-regional-park/EB/110451/1151/campsite-booking,,user-pasted-full-text,corrects-existing,"Briones' three per-site booking pages, one for each group camp. CORRECTS ALL THREE FROM DRIVE-IN TO HIKE-IN and closes report R0002, the only access_mode in this dataset that rested on no document. It was stored flagged, filed as a report, and it took one page to settle -- which is the case for storing an unsourced value visibly rather than quietly. THE REPORT WAS NOT SIMPLY WRONG, AND THAT IS THE INTERESTING PART. Wee-Ta-Chi's own note says driving to the site IS permitted, four vehicles, conditions permitting -- and is forbidden when raining or when trails have been wet WITHIN SEVEN DAYS. So the site is drive-in in dry weather and a 1.5-MILE CARRY otherwise, six times the quarter-mile at Star Mine, Dairy Glen and Arroyo Flats, and which one a party gets depends on rain in the preceding week rather than on the forecast for their dates. access_mode holds one value; EBRPD's own field says Hike-In, which is the half a party must be able to do. A SCHEMA GAP, then, not a bad report: nothing here can express an access mode conditional on antecedent weather. Homestead Valley and Maud Whalen publish no site notes, so for those two hike-in is all any source says. ALCOHOL IS NOT PERMITTED AT WEE-TA-CHI, stated on its page, which contradicts what this project recorded for Briones yesterday and what it filed District-wide today. It is NOT in regulations.csv because that table's narrowest scope is PARK and this is published for one site, while Briones' other two publish nothing -- so it went on the campground row and the agency rule names it as an exception with nowhere to go. That is the second schema gap this one page opened. A REFUND THE DISTRICT OTHERWISE REFUSES: 'IF TRAILS ARE WET, THEY ARE CLOSED TO ALL TRAFFIC. If this means you must cancel your event, call Reservations for a refund or to reschedule.' EBRPD's backpack cancellation terms, already recorded, state no refunds for inclement weather of any kind. Wet trails at Wee-Ta-Chi are explicitly refundable. Driving on closed trails costs future access to sites and a repair bill. NO WATER AT WEE-TA-CHI, stated outright -- so the absence is the fact and no water_sources row is created for it. ALSO FILLS on all three: check-in 2pm, check-out 12pm, security deposit, Pets Allowed Domestic, vehicle counts of 10, 15 and 35, and a QUIET AREA flag none of the other EBRPD group camps read here carries. Maud Whalen adds a LEAN TO/SHELTER and a PLATFORM, both unique in this dataset. Homestead Valley's list is shorter than its neighbours' -- no BBQ flag, no shade rating, no ADA -- which is recorded as a contrast rather than as a stated absence. CONFIRMS THE SEASONAL CLOSURE from a fourth surface: all three loops are named 'Primitive Group Camp Seasonal'. Every date on all three calendars reads Call Center, confirming group sites are not sold online. AND IT WEAKENS YESTERDAY'S SCOPE ARGUMENT FOR COYOTE HILLS' FIVE-WORKING-DAY DEADLINE. That row was stored at park scope because no other EBRPD listing carried the sentence, which is still true -- but Briones' 2026/6 brochure requires five business days for its group camps, and that thread was closed at three on weight of agreement with the five unexplained. Two parks now publish a longer deadline than the District. Not enough to move the row, and enough that the argument for keeping it where it is should be restated honestly rather than left as written.",,
none-2026-09-16-27,2026-09-16,none,https://www.reserveamerica.com/explore/briones-regional-park/EB/110451/1150/campsite-booking,,user-pasted-full-text,unresolved-conflict,"MAUD WHALEN'S MINIMUM IS 17 ON ITS OWN PAGE AND 25 ON THE PARK'S OVERVIEW, WHICH MAKES THIS THREAD NO LONGER ABOUT ARROYO FLATS. The same split, at a second 75-capacity site, in the same direction: the per-site booking page says 17, the summary page says 25, and the maximum is agreed. Two instances is a pattern in how EBRPD publishes, not a typo at one camp. The conflict_id stays arroyo-flats-minimum because renaming it would orphan the thread's history; the name is now wrong and this entry is where that is recorded. IT ALSO REVERSES THE EVIDENCE UNDER A CORRECTION THIS PROJECT MADE YESTERDAY. Entry -08 corrected the District's capacity tier table -- reconstructed from a flattened PDF -- from 75-to-17 to 75-to-25, on the strength of Maud Whalen being 25 at 75 capacity. That 25 came from the overview page. Maud Whalen's own page says 17, which is what the ORIGINAL reconstruction said. So the reading that was called wrong yesterday now has two per-site pages behind it, and the reading that replaced it has two summary pages. Neither is settled and neither is being restored: the honest state is that the 75 row of that table has two candidate values and no decisive source. THE PRACTICAL CONSEQUENCE IS THE OPPOSITE OF ALARMING, AND WORTH STATING PLAINLY: nothing in this dataset derives a figure from that table any more. Its disputed row governed exactly two sites, Maud Whalen and Arroyo Flats, and both now state a number on their own pages. No Anthony Chabot camp is 75 capacity -- their capacities are 300, 100, 100, 50, 50, 35 and 35 -- so the four tiers those rows used are each corroborated by a directly stated site and none of them is the contested one. The table has nothing left to decide and should not be used to derive anything again. FOR A PARTY: 17 to 24 people at either site is the band that turns on this, and group sites book by phone, so the figure a Reservations agent applies decides it. Call.",arroyo-flats-minimum,cross_source
none-2026-09-16-28,2026-09-16,none,https://www.ebparks.org/sites/default/files/2026%20Group%20Camping%20Minimums.pdf,,internal-review,corrects-existing,"SEVEN ANTHONY CHABOT GROUP CAMPS CORRECTED FROM DRIVE-IN TO HIKE-IN, ON EVIDENCE THE ROWS WERE ALREADY CARRYING. Every one of them has said 'Vehicles park in the lot nearest the site -- no driving in, and no additional parking passes exist' since the District's group camping sheet was read, while access_mode said drive_in. This project defines drive_in as 'you can park at or beside the site; the car is part of the trip', which is precisely what that sentence denies. THIS IS THE WORST OF THE FOUR ACCESS CORRECTIONS AND IT IS NOT CLOSE. Star Mine, Dairy Glen and Briones each needed a page nobody had read yet. This one needed only reading a row against its own column, and it sat wrong through four days of work that repeatedly discussed exactly this field -- including a commit that said every EBRPD group camp read so far was hike-in while seven rows in the same file said otherwise. IT SURFACED FROM A QUESTION, NOT A SOURCE: asked whether the tool could answer 'which campgrounds near me are drive-in', the filter was run and returned ten rows, seven of which denied it in their own prose. A capability question found a data error, which is an argument for building the query surface rather than against it -- nothing had ever asked this dataset that question before. A GUARD NOW EXISTS, with one exemption that is the point of the two-file split. No drive_in row may contain 'no driving in', 'no driving to site', 'hike-in only' or 'no vehicle access' unless the campground has hike-in rows in campsites.csv. Anthony Chabot Campground earns that exemption: it is a drive-up campground whose Loop B is ten 'Hike-In Sites (NO driving to site)', and the per-site rows carry that. The guard asserts those ten rows exist, so the exemption cannot become a blanket one. DISTANCE IS NOT STATED for any of the seven, unlike the quarter mile at Star Mine, Dairy Glen and Arroyo Flats or Wee-Ta-Chi's 1.5 miles. 'The lot nearest the site' with parking passes issued suggests short; nothing read says so. WHERE THIS LEAVES THE DATASET: three drive-in campgrounds, all family -- Del Valle, Anthony Chabot and Dumbarton Quarry -- and twenty-one reached on foot. Every EBRPD group and backpack camp in this project is now hike-in, with no exceptions and no unsourced values left.",,
none-2026-09-16-29,2026-09-16,none,https://www.reserveamerica.com/explore/coyote-hills-regional-park/EB/110453/overview,,internal-review,corrects-existing,"ADDS COORDINATES TO campgrounds.csv AND A SEARCH THAT USES THEM, and the honest headline is that the search can place TWO campgrounds out of twenty-four. Both coordinates already existed in this project as prose, recorded in park_access notes because no table had a field for them: Coyote Hills 37.5575/-122.08583 and Garin 37.62938/-122.02886, each off a ReserveAmerica park overview page. They now sit in columns and reach Dairy Glen and Arroyo Flats. COORD_PRECISION IS THE POINT OF THE SCHEMA, NOT AN ORNAMENT. Every coordinate here names a PARK, because ReserveAmerica publishes a GPS pair on park overview pages and none on campsite pages. A coordinate without that label reads as the campsite's own position, and for a park centroid that can be a mile or more wrong -- the same failure as the guessed access_mode, where a filled field and a checked field rendered identically. The loader REFUSES a coordinate with no precision, refuses half a pair, and refuses a precision with no pair. Blank latitude is None, never 0.0: a zero pair is a real place in the Gulf of Guinea and would sort a campground 8,000 miles away. DUMBARTON QUARRY IS DELIBERATELY LEFT UNPLACED although its park now has a coordinate. It resolves to Coyote Hills and has its own entrance several miles round the marsh, and that park resolution is itself 2-2 across sources. Borrowing the centroid would put it somewhere it is not, and a wrong coordinate is worse than none because the search cannot tell. WHAT THE SEARCH REFUSES TO DO. It does not drop what it cannot measure: a campground with no coordinates comes back under CANNOT BE PLACED rather than being omitted, because omitting it makes 'nothing is near you' and 'nobody has looked' identical -- the failure the scorecard already names for Q21. It does not silently swallow the unplaced into a --within bound either; they are unknown, not far. And when --access filters, the campgrounds whose access nobody recorded are listed too, so a list of three cannot read as the whole answer. Today that second list is empty, because as of this morning every campground here has a recorded access mode. THE FEATURE FOUND ITS OWN GAP, WHICH IS THE POINT OF BUILDING IT. Asked for drive-in campgrounds near Oakland, it returns nothing and reports all three as unplaceable. open_questions now asks for the missing coordinates ONE QUESTION PER PARK rather than per campground -- 8 questions, not 22 -- for exactly the reason the campsite-proximity question fires only at hike-in campgrounds: asking it twenty-two times would bury the rest of the list, and the twenty-two share eight answers, one ReserveAmerica overview page each. NOT DONE, AND DELIBERATELY: no coordinate was derived from anything. trailheads.csv has 88 verified pairs and two of them sit in parks that have campgrounds, but a trailhead is not a campground and a derived value dressed as data is the thing this whole schema is built against. No web-search coordinate was taken either. The three drive-in campgrounds need three pages read.",,
none-2026-09-16-30,2026-09-16,none,https://www.reserveamerica.com/explore/anthony-chabot-regional-park/EB/110448/overview,,user-pasted-full-text,corrects-existing,"THE COORDINATES THE SEARCH ASKED FOR, AND THE SEARCH NOW ANSWERS ITS OWN QUESTION. Anthony Chabot 37.73528/-122.09611, Del Valle 37.56917/-121.68722, Dumbarton Quarry 37.53109/-122.07305. Drive-in campgrounds from Oakland City Hall now rank: Chabot 10.7 miles, Dumbarton 21.8, Del Valle 35.8, straight-line. Yesterday that query returned nothing and three unplaceable rows. DUMBARTON'S IS THE FIRST CAMPGROUND-PRECISION COORDINATE HERE, because it came off its own ReserveAmerica facility page rather than a park's -- the page's subject IS the campground. AND IT SETTLES WHAT REFUSING TO BORROW COST: the point is about two miles from Coyote Hills' own, so yesterday's decision to leave it blank rather than inherit its park's centroid was worth two miles, in the direction of the marsh. A test now pins that gap. CHABOT'S POINT IS GIVEN TO ALL EIGHT of its campgrounds and DEL VALLE'S TO ONE OF FIVE, and the asymmetry is the rule this schema needed: a park coordinate is assigned when the park's point is a reasonable stand-in for where you arrive, and withheld when a source states a distance that makes it misleading or when the campground has its own entrance. Del Valle's four backpack camps sit 2.07, 6.58, 10.72 and 11.5 miles up the Ohlone Wilderness Trail, measured in this dataset since it began, so the park's point would misplace them by that much. They stay blank and their coord_source says DELIBERATELY UNPLACED and why -- a blank that is a decision has to read as one, which is the same rule as an unsourced access_mode. DEL VALLE ALSO FILLS IN: 7000 Del Valle Rd, Livermore; park phone 510-544-3139; and about nine miles of back road after the I-580 exit, which matters against a gate that shuts at nine or ten. AND IT OPENS A GAP THAT IS NOT A CONFLICT: ReserveAmerica says 'Group campsite gate hours change seasonally' at Del Valle. This project holds NO group campsite at Del Valle -- only the family campground and four backpack camps. Either EBRPD has group sites here that have never been listed, or that sentence is boilerplate. Del Valle is the oldest EBRPD park in this dataset, added 2026-09-04 before any of the per-park reading started, and it is the one park whose campground list has never been checked against a ReserveAmerica campsite page.",,
none-2026-09-16-31,2026-09-16,none,https://www.reserveamerica.com/explore/del-valle-regional-park/EB/110455/overview,,user-pasted-full-text,unresolved-conflict,"DEL VALLE'S GATE CLOSES AT NINE OR AT TEN. The park page, read 2026-09-04, says 6am-9pm May through Labor Day. ReserveAmerica's Del Valle page says 'Park entrance and campground gates close daily at 10 pm', and EBRPD's own District-wide booking alert says campground gates close at 10pm daily -- so two surfaces say ten and one says nine, and the nine is the oldest reading in this dataset. NINE IS KEPT AS THE STORED ANSWER, AGAINST THE WEIGHT AND AGAINST RECENCY, for the reason Anthony Chabot's season is kept closed: the costly direction is arriving at 9:30 on the strength of a ten and finding it shut, nine miles of back road from the freeway, with a car full of camping kit. Being an hour early costs nothing. A READING THAT WOULD RECONCILE THEM AND IS NOT STATED ANYWHERE: the park page's 9pm may be the SEASONAL band it is labelled with, May through Labor Day, while the 10pm is the year-round campground gate -- Anthony Chabot's row already holds exactly that shape, a 10pm campground gate inside 5am-10pm park hours. If so both are right and neither page says which it is describing. Resolving it needs the current Del Valle park page or Reservations on (888) 327-2757 option 3 extension for the park.",del-valle-gate-close,cross_source
none-2026-09-16-32,2026-09-16,none,https://www.reserveamerica.com/explore/dumbarton-quarry-campground-on-the-bay/EB/110750/overview,,user-pasted-full-text,unresolved-conflict,"DUMBARTON HAS ITS OWN RESERVEAMERICA FACILITY, EB/110750, separate from Coyote Hills' EB/110453 -- more evidence against the park resolution made two days ago, and the third source to arrive since. The tally on whether Dumbarton Quarry Campground sits inside Coyote Hills Regional Park now reads roughly three to one AGAINST: EBRPD's park finder lists it as a park, ReserveAmerica's Coyote Hills page calls it 'a park located nearby', and ReserveAmerica sells it as its own facility -- against the Coyote Hills map brochure listing it under that park's Camping heading. Note that ReserveAmerica is now on both sides of its own evidence. THE RESOLUTION IS KEPT, and the reason is worth arguing with rather than asserting: the brochure's Camping heading is the only one of the four making a claim about BOUNDARIES. A separate booking facility and a park-finder entry are claims about how EBRPD organises its own systems, and Star Mine has a separate entrance at Fredrickson Lane while nobody doubts it lies in Black Diamond. Weight of sources is not the same as weight of relevant sources. ONE CONSEQUENCE HAS GONE AWAY ENTIRELY: this campground now carries its own coordinate, at campground precision, off its own page, so no proximity search depends on the park field to place it. What still depends on it is the $5 parking and the six seasonal gate bands inherited from Coyote Hills, at a camp with its own entrance at 9400 Quarry Road two miles away. That is the live risk, and it is one page from being settled: Dumbarton's own ebparks.org page has never been read here.",ebrpd-camping-park-count,cross_source
none-2026-09-16-33,2026-09-16,none,https://www.ebparks.org/parks/dry-creek-pioneer,,user-pasted-full-text,new-group,"Dry Creek Pioneer's park page and the Garin/Dry Creek Pioneer map brochure. ADDS A PARK WITH NO CAMPGROUND, AND THE REFERENTIAL-INTEGRITY GUARD CAUGHT IT IMMEDIATELY -- park_access.park must resolve to a campground or a trailhead, and this park has neither. The guard already had an allowlist for the case, PARKS_WITH_NO_SITE_YET, and putting Dry Creek Pioneer in it would have been a lie: 'nobody has checked' and 'checked, and there is nothing' are the two states this project spends its whole time separating. A second set, PARKS_HELD_WITHOUT_A_SITE, now says which one this is. A DUPLICATE ADVISORY WAS WRITTEN AND DELETED. The Dry Creek Garden closure was filed against Garin yesterday; the garden is actually in Dry Creek Pioneer -- 550 May Road is that park's address, the garden is at the end of May Road, and the shared map puts MEYERS DRY CREEK GARDEN in the Dry Creek Pioneer half. A second row scoped to the right park would have been unreachable, because nothing in this dataset sits in that park, so no plan could ever show it. It stays scoped to Garin, where EBRPD posts it and where a reader planning Arroyo Flats will meet it, with the mis-scoping recorded in the row. What would fix it properly is a unit that can name a paired parkland: two parks, one map, one phone extension, one combined acreage. THE GATE GAP IS NOT A TYPO ON ONE PAGE. Dry Creek Pioneer publishes the same six bands as Garin, band for band, and October 30 and 31 fall in no band here either. EBRPD publishes the same incomplete schedule for both halves of this parkland. A third time band turns up too: the Dry Creek Garden lot is 'open all week until dusk', which is neither the gate nor the 10pm curfew. AN ASYMMETRY RECORDED WITHOUT BEING OVER-READ: Garin's page says 'Garin only accepts cash for payment' and this near-identical page says nothing about payment at all. An absent sentence is not a statement that cards are taken. THE PICNIC LEAD TIME CONTRADICTS ITSELF IN TWO PARAGRAPHS OF ONE PAGE -- 'up to 3 working days prior' and 'at least 14 days in advance', about the same four areas. No conflict thread, because nothing here books a picnic area, but it is the third EBRPD lead-time disagreement found in three days, after Briones' five-business-days brochure and Coyote Hills' five working days, and the first where one page disagrees with itself. NOT CAPTURED: the four reservable group picnic areas are not campgrounds and get no rows, the same call made for Briones' Oak Grove, Newt Hollow and Crow. The Meyers sisters' history, the iris garden's spring season and the planned cottage visitor centre went into prose.",,
none-2026-09-16-34,2026-09-16,none,https://www.ebparks.org/sites/default/files/maps/garin-dry-creek-pioneer-map.pdf,,user-uploaded-pdf,unresolved-conflict,"TWO OF THE THREE CANDIDATE EXPLANATIONS FOR THE 15-VERSUS-18 PARK COUNT TURN OUT TO BE THE SAME PARK. That is the finding, and it makes the reconciliation sharper and the remaining gap clearer. The three readings offered when this opened were: the finder tagging a park whose camping Reservations does not handle; Dumbarton Quarry counted separately while sitting inside Coyote Hills; and Garin and Dry Creek Pioneer being one parkland with two entries. DRY CREEK PIONEER IS BOTH THE FIRST AND THE THIRD. Its park page carries the Camping activity icon. There is no ReserveAmerica facility for it. The single brochure covering both parks has one 'Reservable Camp' symbol in its legend and uses it once, for ARROYO FLATS GROUP CAMP, keyed to the Garin Avenue Staging Area inset in the Garin half. So it is a park the finder tags for camping whose camping Reservations does not handle, AND it is half of the paired parkland -- one over-count, not two. THE ARITHMETIC NOW WORKS, AND ARITHMETIC THAT WORKS IS NOT EVIDENCE. That lesson is already in this log, from the Anthony Chabot site count where clean arithmetic produced a confident wrong correction. Eighteen minus Dumbarton, minus Dry Creek Pioneer, minus Tilden Nature Area is fifteen. Two of those three subtractions now rest on read sources; THE TILDEN ONE RESTS ON NOTHING. The finder list contains both Charles Lee Tilden Regional Park and Tilden Nature Area, and whether that is one park or two has never been checked here. The sum landing on fifteen is a reason to go and read Tilden's pages, not a substitute for reading them. AND THE DUMBARTON SUBTRACTION IS ITSELF CONTESTED, three sources to one against this project's own resolution as of this morning. So the honest state is: one over-count evidenced and solid (Dry Creek Pioneer), one evidenced and disputed (Dumbarton), one guessed to make the sum work (Tilden). The thread stays open. What closes it is Tilden's park pages and Dumbarton's own ebparks.org page, neither of which has been read.",ebrpd-camping-park-count,cross_source
none-2026-09-16-35,2026-09-16,none,https://www.ebparks.org/parks/reinhardt-redwood,2026-09-16,user-pasted-full-text,new-group,"Reinhardt Redwood's park page and its map brochure. ADDS THE ONLY PARK IN THIS PROJECT WITH AN OAKLAND ADDRESS -- 7867 Redwood Road, 'a few miles over the ridge from downtown Oakland' -- three park-scoped facts, two new regulations and three advisories, one of them the first danger-rated row in that table. ADDS ONE CAMP WHERE THE PAGE CLAIMS SEVERAL, AND LEAVES THE REST AS A GAP. 'Several group overnight camping areas are located throughout the park.' The map's legend distinguishes Reservable Group Camp from Reservable Picnic Area and the only label containing the word camp is GIRLS' CAMP, marked 'Closed in winter'. Other named places on the sheet -- Trail's End, Big Bend Meadow, Orchard, Old Church, Fern Dell, Anna Costa, Quail, Owl -- carry one symbol or the other and the PDF flattens to text, so the symbols do not survive. Three of them are the three reservable picnic sites the page counts. NAMING A CAMP FROM THAT LIST WOULD BE THE BRIONES ERROR, where a map labelled Oak Grove, Newt Hollow and Crow the same way as three group camps and half of them were picnic areas. One camp recorded, 'several' left open. ACCESS MODE IS BLANK ON PURPOSE, and ACCESS_MODE_UNRECORDED stops being empty for the first time since Briones left it. Four access corrections in four days, three of them because a value was written that no page supported; nothing is written here. The lesson applied on the way in instead of a day later. THE NARROWEST FEE IN THIS PROJECT AND THE FIRST CHARGED AT ONE ENTRANCE RATHER THAN AT A PARK: weekends and major holidays, April through October, when staffed, AND ONLY AT REDWOOD GATE. About a dozen other entrances take no money. Every park_access row here treats a fee as a property of the park, which is wrong for this one -- there is no per-entrance fee field, and that is a schema limit rather than a data gap. Cash only, the third such park after Garin and Briones. FIVE GATE BANDS THAT COVER THE WHOLE YEAR, which settles something about Garin. Garin and Dry Creek Pioneer both leave October 30 and 31 in no band; this park's months abut cleanly, so that two-day hole is a defect on those two pages rather than a District style. THREE ADVISORIES. Stream Trail closed for repairs from Trail's End through Fern Trail since Aug 24 -- THE FIRST ROW IN THIS TABLE TO CARRY A START DATE, a field that has never been used because everything else was already in force when read. A second Stream Trail shutdown at Old Church picnic site in 'late September and early October', stored with NO DATES because that phrase is not a date and writing one would be inventing precision, the same error as a guessed coordinate. And A BOIL WATER ADVISORY on the system serving Piedmont Stables -- the first danger-rated advisory here and the first water fact that is not about availability. Every water row this project holds answers 'is the spigot running'; this one says it is running and must not be drunk untreated. IT COULD NOT GO IN water_sources: that table's location must resolve to a trailhead or a campground name and Piedmont Stables is a staging area, so the fact reaches a reader through the park instead. The linked Boil Water Notice PDF has not been read, so the cause, the start date and what was detected are all unknown. TWO PARK-SCOPED RULES. The Redwood Creek Resource Protection Area requires dogs on leash on Stream and Bridle Trails and keeps PEOPLE as well as dogs out of the creek and off its banks -- the only rule here that restricts humans for habitat, filed under pets because this vocabulary has no habitat category. And FISHING IS NOT ALLOWED anywhere in the park, the first fishing rule in the dataset, and notable because Garin and Dry Creek Pioneer both advertise fishing. NOT CAPTURED: the three reservable picnic sites for 50-75, which are not camps, the same call made for Briones' Oak Grove and Garin's four areas; the archery range, Redwood Bowl, the Anna Costa amphitheatre and the Fishway Interpretive Site went into park notes. EBRPD links an Access Northern California accessibility page and states it has not reviewed it and does not guarantee its accuracy, which is carried as published -- an agency declining to vouch for its own link is worth a reader's attention.",,
none-2026-09-16-36,2026-09-16,none,https://www.reserveamerica.com/explore/reinhardt-redwood-regional-park/EB/110458/campsites,,user-pasted-full-text,corrects-existing,"Reinhardt Redwood's four ReserveAmerica pages. ANSWERS 'SEVERAL' WITH A NUMBER: three group camps -- Fern Dell (17-50), Girl's Camp (17-50) and Trail's End (17-25). Yesterday the park page claimed several and the map named one, and this project recorded one camp and left the rest as a stated gap rather than guessing from eight labels. TWO OF THE EIGHT WERE CAMPS. Naming them from that list would have been wrong five times out of eight, which is what the Briones lesson was worth here. GIRLS' CAMP'S BLANK ACCESS MODE IS FILLED FROM A SOURCE, one commit after it was left blank. That is the whole argument for blanks: it was never a guess, so nothing had to be corrected. All three sites read Site Access: Hike-In, and the page says why in a sentence no other EBRPD park has put so plainly -- 'Driving into the sites is not permitted. BRING WAGONS to transport items to/from.' A CORRECTION TO A BRIONES NOTE, AND IT IS THIS PROJECT'S OWN MISREADING. The Briones rows say 'the booking system shows Briones open through 31 October 2026' as one of the surfaces confirming a 1 November closure. This page shows 'Current Status - Open Through 06 Jan 2027' and then states 'All group campsites are closed seasonally, November 1 - May 15' -- nine weeks apart. So the Open Through field is a booking-horizon or facility-status date, NOT a season end. At Briones the two happened to coincide and the coincidence was read as corroboration. The Briones closure still stands on three independent surfaces; it is the count of surfaces that was wrong, and the same misreading would have mattered somewhere it did not coincide. TRAIL'S END HAS THE TIGHTEST PARTY BAND HERE: 17 to 25, eight people wide, at a park fifteen minutes from downtown Oakland. It is also the camp the Stream Trail repair closure names directly -- 'beginning Mon., Aug. 24, 2026 FROM TRAIL'S END through Fern Trail' -- and Fern Dell sits on the same stretch. Whether those closures block the walk in from the Wayside Overflow lot is stated nowhere, and that is now a specific question for Reservations rather than the open-ended unknown it was yesterday. '3 DAYS' FINALLY HAS A DEFINITION. The booking rules say 'at least 72 hours (3 days) prior', the first time any surface gives this deadline in hours. So the booking system's floor is calendar hours and EBRPD's prose floor is three BUSINESS days: a Friday call for a Monday arrival clears one and fails the other. Carried into the group booking channel. THE GROUP CANCELLATION SCHEDULE, which this project has never had: 14+ days 90% of site fees refundable, 13-3 days 50%, under 3 days nothing. Changes impossible under 3 days and $8 above it. Damage deposit one night's fee, fully refundable, but repaid in 14-21 days by card and 4-6 WEEKS by cheque. TWO NEW RULES AND TWO REFINEMENTS. A District prohibited list -- no drones, no balloons or pinatas, nothing hung from trees, no feeding or approaching wildlife, NO RELEASING ANIMALS INTO PARKLANDS, no damaging plants or geological or archaeological features, no wading or swimming in undesignated areas. A park stay limit of 7 nights a month and 30 a year, filed at park scope because only this page states a number and this table has no scope for a class of site; Garin's copy of the same block says only that stay limits 'vary by site type', which is what this looks like the answer to. THE PROVENANCE GUARD FLAGGED IT IMMEDIATELY and correctly -- the number exists on the booking platform and nowhere on ebparks.org. THE FISHING RULE IS REFINED AND COMPLICATED: the park page bans fishing anywhere in the park, this page bans 'Fishing in Redwood Creek, either in the park OR ALONG REDWOOD ROAD'. A park rule that follows a creek outside its own boundary, which nothing else here does. No conflict thread -- they overlap rather than contradict, and nothing anywhere says fishing is permitted. AND THE DOG CONFINEMENT CLAUSE TRACKS THE ACCESS MODE, which is a small thing worth seeing: Garin says a dog must be confined to a VEHICLE OR TENT during quiet hours, Reinhardt says a TENT. Reinhardt's camps ban driving in, so there is no vehicle at the site. NO CELL SERVICE, WIFI OR INTERNET ANYWHERE IN THIS PARK, stated in capitals, with a PAYPHONE near the main entrance on Redwood Road and EBRPD Dispatch on 510-881-1121 emergency and 510-881-1833 non-emergency. Fifty people can be a quarter-hour from downtown Oakland with no way to call out from the site. THE SPELLING IS INCONSISTENT ACROSS TWO SOURCES AND WITHIN ONE: the map prints GIRLS' CAMP, the site list prints ""Girl's Camp"", and the same page's Vehicles paragraph prints 'Girls Camp'. The map spelling is kept as the row name; the others are recorded because searching the booking site for the wrong one finds nothing.",,
none-2026-09-16-37,2026-09-16,none,https://www.reserveamerica.com/explore/las-trampas-regional-wilderness/EB/110455/1155/campsite-booking,,user-pasted-full-text,corrects-existing,"Las Trampas' park page, its map and its four ReserveAmerica pages. BREAKS THE RULE THIS PROJECT WAS ABOUT TO BELIEVE: Corral Camp states 'Site Access: Drive-In'. Sixteen group camps here were hike-in, three of them corrected FROM a wrong drive_in over the last four days, and that was hardening into a District fact. It was a fact about the eight parks read first. The page even adds a field nothing else has used, 'Driveway Entry: Pull-Through'. IT IS THE SECOND-CLOSEST CAMPING TO OAKLAND IN THIS DATASET at 11.7 straight-line miles, behind Anthony Chabot's 10.7, and the only drive-in one of the two that is a group camp. It is also an EQUESTRIAN camp -- 'Pets Allowed: Domestic, Horse', category 'Group Site, Horse Site' -- the second after Stewartville. Minimum 17, maximum 50, 10 vehicles, five 6ft tables, a serving table, two XL BBQs, two chemical toilets, and EBRPD's own sentence 'COWS AND COW PIES MAY BE PRESENT'. A THIRD SEASONAL PATTERN: closed 1 November - 31 MARCH, where Briones and Reinhardt Redwood are both 1 November - 15 May. Five months against five and a half, reopening six weeks earlier. The 'Open Through 31 Oct 2026' field agrees with the season here, having disagreed with it by nine weeks at Reinhardt yesterday -- which is the point of yesterday's correction: it coincides sometimes and is not evidence either way. THE GATE BANDS OVERLAP WHERE GARIN'S LEAVE A HOLE. March 8 is the end of one band and the start of the next, closing at 6pm by one line and 7pm by the other. Garin and Dry Creek Pioneer leave October 30 and 31 in no band at all. Two defects in the same field, on the same kind of page, in opposite directions -- EBRPD's seasonal bands are typed by hand and nothing checks them for coverage. 6pm is stored as the one that does not strand anybody. 5:30pm is the first non-hour closing time in this project, and NO CURFEW is published here where four other parks state 10pm-5am. NO PARKING FEE IS PUBLISHED AT ALL -- not a stated 'no fee' like Anthony Chabot's, but no Fees section on the page. Recorded as silence rather than as free, which is the same rule the campground fee field follows. WATER IS THE FIRST SOURCE IN THIS PROJECT THE OPERATOR CALLS UNRELIABLE RATHER THAN MERELY UNCHECKED. Two faucets with spigots exist; the booking system, the park page and the map all say the supply is inconsistent and may be unavailable at any time, and EBRPD asks campers to phone park staff before a reservation. Recorded as one water_sources row -- not two, because nothing distinguishes the faucets -- with a log entry whose status is 'not guaranteed' and whose note says plainly that nobody has turned these taps. THE LEDGER'S USUAL LOGIC DOES NOT APPLY HERE: a newer check normally supersedes an older one, and no check can supersede 'may run out at any time'. Potable is left BLANK rather than False -- the map legend marks Drinking Water and EBRPD never uses the word. THE EBMUD PERMIT REACHES A THIRD PARK. The map marks the adjoining San Leandro Watershed 'Hiking permit required: call (510) 287-0459', a number this project did not have. After the Chabot-to-Garin trail and the Briones Reservoir land, that permit is a boundary condition of the whole District rather than a feature of one park. The map also shows the EUGENE O'NEILL NATIONAL HISTORIC SITE adjoining -- National Park Service, a fifth agency touching these parks. ACREAGE DISAGREES 6,050 AGAINST 5,342 and gets no thread, the same call as Coyote Hills' 1,266 against 978. THE PARK'S NAME DISAGREES TOO: ebparks.org says Las Trampas Wilderness Regional Preserve, its own booking system says Las Trampas Regional Wilderness. NOT CAPTURED: Steelhead and Shady picnic areas, and the Little Hills Picnic Ranch, which takes group picnics of 50 to 1,000 through a CONCESSIONAIRE number, (925) 837-8158, rather than EBRPD Reservations. Recorded in park notes only, with the observation that the District's 'a reservation obtained from anyone but EBRPD is void' rule is about campsites and does not collide with it -- written down so nobody has to work that out twice. The geology, the plant list and the etymology of Las Trampas went nowhere. ONE LOADER BUG THE WATER ROW EXPOSED, AND IT WAS THE WORST FIELD TO HAVE IT IN. water_sources.potable was a plain bool defaulting to False, so a blank cell loaded as 'not potable' -- a claim nobody made, about the one field where being wrong in either direction is a health question. It is now three-valued, None for a blank, the same rule already applied to access_mode, fees and coordinates. NO COMMITTED ROW CHANGED MEANING: every other row in that table states True or False explicitly, and Las Trampas' faucets are the only blank -- EBRPD marks Drinking Water on its map, never uses the word potable, and says the supply may run out at any time. The bug had been latent since the table was built because nothing had ever been genuinely unknown before.",,
none-2026-09-16-38,2026-09-16,none,https://www.reserveamerica.com/explore/las-trampas-regional-wilderness/EB/110455/overview,,user-pasted-full-text,unresolved-conflict,"CORRAL CAMP HAS TWO XL BARBECUES AND A RULE THAT SAYS NO BARBECUES, ON THE SAME LISTING. ReserveAmerica's description of the site: 'It has five 6' tables, a serving table, TWO XL BBQs, and two chemical toilets.' The site details flag 'BBQ: Y'. The campground rules block on the same pages: 'No campfires/BBQ's. Camp stoves ok.' The park's own Facilities paragraph says 'NO campfires are permitted' and says nothing about barbecues either way. FILED AS INTERNAL BECAUSE ONE PUBLISHER CONTRADICTS ITSELF -- the description, the amenity flag and the rules block are three parts of one ReserveAmerica listing. That matters for how it gets resolved: there is no question of ranking publishers, and no newer-source-wins to apply. THREE READINGS, NONE STATED. The rules block may be District boilerplate pasted onto a park whose camp predates it, in which case the furnished BBQs are usable and the sentence is wrong here. Or the ban is real and the two XL BBQs are decommissioned or reserved for staff, in which case the description and the amenity flag are stale. Or 'BBQ's' in that sentence means PERSONAL portable barbecues, which Ordinance 38 s.404 permits generally and which a park with a fire ban might single out -- leaving the fixed units usable. Black Diamond is the test case that argues against reading this as a plain total ban: it bans campfires AND barbecues park-wide, and its camps carry NO BBQ flag. There the facilities match the rule. Here they do not. WHY IT IS WORTH A THREAD rather than a caveat: a group of up to fifty planning to cook over the provided barbecues, at a camp where campfires are banned and camp stoves are the stated alternative, will either eat or not depending on which reading is right. The conservative plan is camp stoves for everyone. Resolving it needs Reservations on (888) 327-2757 option 2, or the park on (510) 544-3276.",las-trampas-bbq,internal
none-2026-09-16-39,2026-09-16,none,https://www.ebparks.org/parks/mission-peak,,user-pasted-full-text,corrects-existing,"Mission Peak's park page and map. FILLS THE THINNEST CAMPGROUND ROW LEFT IN THIS PROJECT -- Eagle Springs had a park, an access mode, a restroom flag and one sentence of notes, and it arrived through the Ohlone Wilderness corridor rather than through a camping page. TWO SPELLINGS, BOTH EBRPD'S OWN. The park page and the map say EAGLE SPRING BACKPACK CAMP, singular; the District's Ohlone corridor water update, which is where this row's name came from, says 'Eagle Springs'. The plural is KEPT as the key, deliberately: the water source and its append-only check ledger are built on it, and renaming would leave two ledger entries dangling against a guard that checks exactly that join. Recording both spellings costs nothing; rewriting an append-only ledger to tidy a name costs the thing the ledger is for. 'WATER NEEDS TO BE TREATED OR BOILED', on the map and again on the park page. That is stronger and more useful than the non-potable flag it corroborates: the water is THERE and usable, with a stove and time, rather than simply undrinkable. The potable column cannot express the difference, which is the same column that went three-valued yesterday for Las Trampas. Two parks in two days pressing on one boolean. THE SECOND PER-ENTRANCE FAILURE OF park_access IN TWO DAYS, and that makes it a structural gap rather than an awkward fit. Reinhardt Redwood charges at one entrance of about a dozen; Mission Peak publishes TWO SETS OF HOURS -- Ohlone College daily year-round 6am-10pm, Stanford Avenue 6:30am-8pm or 9pm by season. This row holds one pair. Stanford Avenue's are stored because it is the only entrance where a camper may park overnight, and that choice is written into the row rather than left to be inferred. THE ONLY FEE AT THIS PARK IS CHARGED BY A COMMUNITY COLLEGE. EBRPD charges nothing at either entrance; Ohlone College charges $4 and has required a permit displayed 6am-11pm every day, weekends included, since November 2017. So the trip's cost roll-up now shows a park_entrance component whose money goes to someone who is not the land manager -- and an agent that dropped it because the District is free would under-price the trip. A TEST NOW PINS THAT. AND THE ENTRANCE EBRPD RECOMMENDS IS THE ONE A CAMPER CANNOT USE: overnight parking is banned at Ohlone College. Stanford Avenue is free, has 43 spaces, and needs the overnight permit issued with the camping reservation. A THIRD PARTY CLOSES THE STREETS TOO -- the City of Fremont's residential permit programme restricts non-resident parking from Saturday 12:01am through Sunday 11:59pm and on national holidays, which is exactly when the 43-space lot fills. THE FIRST PUBLISHED PENALTY IN THIS DATASET: 'Visitors found inside the park, entrance area, and parking lot after posted hours will be subject to citation and or arrest. Citations cost a minimum of $300.' WHETHER A RESERVATION EXEMPTS THE CAMPER IS NOT STATED ANYWHERE READ, and a backpacker with a booking is inside the park all night by design. The overnight permit covers the car. Nothing read covers the person. THE HAZARD EBRPD LEADS WITH IS HEAT AND IT IS ADDRESSED TO DOG OWNERS: 'Every year, several dogs die of heat stroke and dehydration at Mission Peak.' Two litres for you and your dog, water the dog every time you drink, cooler temperatures only, watch for heavy panting, dry gums, weakness, inattention. It is a standing fact rather than an advisory with an end, so it went into park notes -- and it is the clearest example yet of what the scorecard's no-model 'What is hazardous right now?' actually costs a reader. A SIXTH AGENCY: San Francisco Water District land adjoins, posted 'STAY ON TRAIL! NO BICYCLES', after EBMUD, the National Park Service, US Fish and Wildlife and the District. Acreage disagrees 3,023 on the page against 3,043 on the map -- twenty acres, no thread, and the smallest such gap yet between two documents from the same publisher, so probably a typo rather than two measurements. Trail mileages worth keeping: 3.59 miles from the Mission Peak boundary to Sunol's, 8.66 miles from Stanford Avenue to the Sunol Visitor Center. A GUARD CAUGHT A DUPLICATION AS IT WAS WRITTEN. The map prints the reservations number beside the camp, and it went into reservation_contact for about a minute before the test that exists to stop exactly that fired: agency-wide booking mechanics live once, in booking_channels.csv. The number stays in prose as the map's own wording and out of the field a renderer would present. NOT CAPTURED: the Scarface restoration, the 2012-13 volunteer work, the feral goats, Kalpana Chawla, and the footwear advice.",,
none-2026-09-16-40,2026-09-16,none,https://www.ebparks.org/recreation/camping,,user-pasted-full-text,unresolved-conflict,"MISSION PEAK REFINES THE PARK-COUNT THREAD BY RULING OUT AN INFERENCE THIS PROJECT WAS ONE STEP FROM MAKING. Dry Creek Pioneer is tagged for camping and has no ReserveAmerica facility, and it turned out to have no camp -- which invites the rule 'no booking facility means no camping park, so it is an over-count'. MISSION PEAK BREAKS THAT RULE. It has no ReserveAmerica facility either, and it has a real camp: Eagle Spring Backpack Camp, named on the park page and on the park map, bookable by phone. EBRPD's backpack sites are phone-only across the whole District and were never sold online, so the absence of a facility says nothing about whether a park has camping. WHAT SEPARATES THE TWO CASES IS THE CAMP, NOT THE FACILITY. Dry Creek Pioneer's shared map with Garin shows one Reservable Camp symbol and it is in the Garin half. Mission Peak's map prints EAGLE SPRING BACKPACK CAMP with its rules beside it. So the Dry Creek Pioneer over-count still stands, and it stands on the map rather than on the missing facility. THE THREAD IS UNCHANGED OTHERWISE and the arithmetic still rests on one untested subtraction, Tilden Nature Area. Recorded because an inference that would have been convenient and wrong is worth writing down when a source rules it out.",ebrpd-camping-park-count,cross_source
none-2026-09-16-41,2026-09-16,none,https://www.ebparks.org/parks/morgan-territory,,user-pasted-full-text,new-group,"Morgan Territory's park page and map. ADDS A PARK, A BACKPACK CAMP AND A TRAIL CLOSURE, and the camp arrives with a name nobody published. THE NAME IS CONSTRUCTED AND THE ROW SAYS SO IN ITS FIRST SENTENCE. The park page says only 'There is a backpack campsite in the Regional Preserve'; the map labels it 'BACKPACK CAMP'. Nothing read names it. 'Morgan Territory Backpack Camp' follows the form EBRPD uses on its own alerts page -- 'Round Valley Backpack Camp at Round Valley Regional Preserve' -- and it is a key rather than a claim. THE RISK IS EXACTLY THE ONE THIS PROJECT KEEPS MEETING: a constructed value renders identically to a sourced one, which is how a guessed access_mode survived four days. So it is flagged in the row, and any published name wins over it. SIX GATE BANDS THAT COVER THE YEAR EXACTLY, no hole and no overlap -- the third clean set, with Reinhardt Redwood, against Garin and Dry Creek Pioneer's two missing days and Las Trampas' one doubled day. AND THE PARK HOURS ARE NOT THE GATE HOURS: 'Open 5am-10pm unless otherwise posted OR PERMITTED.' Those last two words are the first evidence in this dataset that EBRPD contemplates a permit extending a park's hours, which bears on the question left open at Mission Peak yesterday -- whether a camping reservation exempts a backpacker from posted hours and a $300 minimum citation. It is not an answer for Mission Peak, whose page says hours are strictly enforced and uses different words. It is the first sign the exemption exists anywhere. 'PARKING: NO FEE', stated. Recorded against Las Trampas, whose page has no Fees section at all and is filed here as silence -- this is what a stated no-fee looks like and the two must not read the same. THE BACKPACK CAMP IS NOT WHEELCHAIR ACCESSIBLE, stated outright. First explicit NOT-accessible statement in this dataset; every other accessibility note here says what IS accessible and leaves the rest to inference. TWO MORE AGENCIES, TAKING THE COUNT TO EIGHT. Mount Diablo State Park adjoins to the west. The LOS VAQUEROS WATERSHED, run by the Contra Costa Water District, adjoins to the east and EBRPD prints its conditions on its own map: 'On-Trail Use Only. NO DOGS ALLOWED', with 1.64 miles through it from Round Valley to the Manzanita Trail here, ccwater.com/412, (925) 240-2360. So the walk between two parks this project holds crosses a third party's land that bans dogs, and neither park's own dog rules would tell you. Same shape as the EBMUD trail permit, which now touches three parks. FIRST PARKING CAPACITY AND FIRST STAGING-AREA ELEVATION for an EBRPD park: 95 spots at 2,030 feet, both off the map. STONE CORRAL TRAIL IS CLOSED between Coyote Trail and the Highland Ridge junction for storm damage, the fifth storm closure in the advisories table. IT NAMES THE TRAIL THE CAMP SITS BESIDE: the map puts the camp on Roger Epperson Ridge between the Clyma and Highland Ridge Trails. Whether the closure blocks a route to it is not stated and cannot be told from a flattened map -- the same open question as Reinhardt Redwood, where a Stream Trail closure names Trail's End and Fern Dell. Two parks now. NOT CAPTURED: the wildflowers, the Diablo sunflower, the helmet law EBRPD prints for cyclists under 18, and the private-property gates went into park notes rather than becoming rows.",,
none-2026-09-16-42,2026-09-16,none,https://www.ebparks.org/sites/default/files/maps/morgan-territory-map.pdf,,user-pasted-full-text,unresolved-conflict,"IS ROUND VALLEY'S CAMP A BACKPACK CAMP OR A GROUP CAMP? Two EBRPD sources say different things, and the answer changes which queue you book it in. This project stores it as BACKPACK, from the District's own alerts page -- 'Round Valley Backpack Camp at Round Valley Regional Preserve is not working' -- and its ReserveAmerica booking page. MORGAN TERRITORY'S MAP, which shows the adjoining preserve, labels the same camp 'ROUND VALLEY GROUP CAMP'. IT IS NOT A NAMING QUIBBLE, WHICH IS WHY IT GETS A THREAD. campsite_type keys into booking_channels.csv, and EBRPD's two classes have different mechanics: backpack sites are phone-only at 48 hours' notice, group sites are phone-only at 72 hours (3 days) with a tiered cancellation schedule and a damage deposit of one night's fee. A party booking on the wrong class's deadline calls too late. BACKPACK IS KEPT, on two grounds. The alerts page and the booking page are both about THIS camp, where the map is about a neighbouring park and labels its surroundings; and the camp's own recorded capacity is minimum 1, maximum 25, which is a backpack shape -- every group camp in this dataset has a minimum of 17 or more, and a site a solo camper can book is not a group site. WHAT WOULD SETTLE IT is the heading Round Valley's own ReserveAmerica campsites page files it under; that page was read for capacity and facilities and the heading was not recorded, which is this project's omission rather than a gap in the source.",round-valley-camp-class,cross_source
none-2026-09-16-43,2026-09-16,none,https://www.reserveamerica.com/explore/morgan-territory-regional-preserve/EB/110456/1156/campsite-booking,,user-pasted-full-text,corrects-existing,"Morgan Territory's three ReserveAmerica pages, one day after the camp was added from a park page and a map. THE CONSTRUCTED NAME TURNED OUT TO BE THE PUBLISHED ONE: the row was keyed 'Morgan Territory Backpack Camp' because nothing read named the camp, and the booking system calls it exactly that. A convention holding is not a licence to construct names -- the flag was right to be there and would have been right if the name had been wrong. It stays in the row. PARKING IS APPROXIMATELY 4.5 MILES FROM THE SITE, the longest carry in this project by more than a mile: Stewartville 3.2, Wee-Ta-Chi 1.5, and a quarter mile at Star Mine, Dairy Glen and Arroyo Flats. The park's coordinate is park precision and is therefore nowhere near this camp, which the coord_source now says. Minimum 1, maximum 20. THE SENTENCE THIS PROJECT HAS BEEN MISSING: 'Campers are restricted to campsite during curfew hours (10pm-5am).' That answers the question left open at Mission Peak two entries ago -- a reservation DOES let you be in the park overnight, and what it costs is the freedom to move. Mission Peak warns of citation or arrest after posted hours with a $300 minimum and says nothing about campers; this park's own hours read 'unless otherwise posted or permitted'. Three sentences from three pages, none of them about Mission Peak's camp, and together they are the clearest answer available. AND MOST OF THE ROUND VALLEY CLASS PUZZLE DISSOLVES. This camp's page heading is BACKPACK SITE, its loop is 'Backpack Seasonal', its minimum is 1 -- and its 'Looking For Category' reads 'Group Site, Horse Site, Tent Site'. So that field is a MULTI-VALUED SEARCH FACET, not a class. A camp can be tagged group and be a backpack site, which is most of why a neighbouring park's map could label Round Valley's camp a group camp. The thread stays open, because the map is still a separate source and the facet finding explains rather than settles it, but the reading has firmed up considerably. FACILITIES: picnic tables, a vault toilet, hitching rails, a horse trough and NON-POTABLE water -- filter, treat, boil or bring your own, which at 4.5 miles means carrying every litre that far. has_restroom corrected from blank to True, restroom_type to vault toilet. Pets Allowed: Domestic, Horse, the third equestrian camp here. 'DO NOT CAMP UNDER THE TREES, USE OPEN SPACE' -- no other camp in this dataset says where within the site to pitch. SEASON IS 1 NOVEMBER - 1 APRIL, a fourth shape in this District after Briones and Reinhardt Redwood at 15 May and Las Trampas at 31 March. TWO NUMBERS ADDED TO THE BOOKING CHANNELS. A special event permit for a publicly advertised event must be on file AT LEAST 60 DAYS ahead -- every other surface says only that the permit is needed, and 60 days is longer than the window in which a backpack site can be booked at all. And the information letter carrying the parking passes arrives 'approximately one week' before, which is a THIRD figure for the same letter after 5-7 days on the group row and 5-10 on Arroyo Flats' own page. CITY AND COUNTY ARE PUBLISHED TWO WAYS: the park page says Livermore, CA 94551, which is Alameda County; ReserveAmerica says Eastern Contra Costa County, city of Antioch, with no ZIP. Both EBRPD's, identical directions, and nothing here turns on it, so no thread. NOT CAPTURED beyond prose: the Volvon homeland statement, the emergency numbers and EBRPD's own warning that cell reception may be spotty inside parks -- which matters at a camp 4.5 miles from the road with one 911-only telephone on the map.",,
none-2026-09-16-44,2026-09-16,none,https://www.reserveamerica.com/explore/morgan-territory-regional-preserve/EB/110456/1156/campsite-booking,,user-pasted-full-text,unresolved-conflict,"HOW MANY VEHICLES MAY A PARTY BRING TO MORGAN TERRITORY'S BACKPACK CAMP? The site details say 'Maximum Number of Vehicles: 4'. The same page's own notes say 'PARKING: 5 parking passes; NO overflow parking.' One page, two numbers, four against five. INTERNAL, AND THE SECOND INSTANCE OF EXACTLY THIS DEFECT. Stewartville's listing says maximum 1 vehicle in its structured detail and 5 parking passes in its notes, and that thread has been open since Black Diamond was read. Two sites now where the structured field and the prose disagree about the same quantity, which suggests the two are maintained separately rather than one being a typo. Everywhere the two AGREE -- Wee-Ta-Chi 10 and 10, Arroyo Flats 15 and 15 -- passes and vehicles are the same number, so a pass is a vehicle and the fields are measuring the same thing. THE STAKE IS SMALLER THAN STEWARTVILLE'S and it is not nothing: with no overflow parking and roadside parking 'highly discouraged', a fifth car that turns up on the strength of a fifth pass has nowhere legal to go. Plan on four. Resolving it needs Reservations on (888) 327-2757 option 2, and the same call would settle Stewartville.",morgan-territory-vehicles,internal
none-2026-09-16-45,2026-09-16,none,https://www.ebparks.org/parks/sunol,,user-pasted-full-text,confirms-existing,"THE OHLONE WILDERNESS PERMIT WAS ABOLISHED ON 1 JANUARY 2026, AND EBRPD STILL PUBLISHES TWO MAPS THAT REQUIRE IT. Sunol's park page: 'As of 1/1/2026, an Ohlone permit will NOT be required and no additional permits will be sold. No refunds for permits purchased in 2025. Backpacking reservations are still required if you plan on staying overnight.' NOTHING IN THIS DATASET CHANGES, AND THAT IS THE POINT WORTH RECORDING. Both Ohlone trailheads have carried permit_group 'none' since they were added. A blank that was never filled and a sourced absence with a date look identical in a column and are not the same claim -- the same distinction this project has now drawn for access_mode, for potable, for fees and for coordinates. This one is now sourced. THE STALE-SOURCE TRAP IS LIVE. The Sunol park map says 'OHLONE WILDERNESS TRAIL PERMIT IS REQUIRED FOR EACH PERSON to hike beyond Sunol Regional Park boundary into Ohlone Regional Wilderness', tells you where to buy one, and repeats 'Ohlone Trail Permit required' beside the boundary. The second PDF is linked off the same park page under the filename Ohlone-Wilderness-Permit-Map-11x17.pdf and explains what the permit covers -- 'foot and equestrian use of the trail only'. Both are current links from a page that abolishes the thing they describe. A planner reading either map alone would try to buy a permit that is no longer sold. Recorded on both Ohlone trailheads and on Sunol Backpack Camp, where a reader will meet it. WHAT SURVIVES: backpacking reservations, 2 or more business days ahead by phone, and the overnight PARKING permit issued with a camping reservation at Stanford Avenue. Neither is the Ohlone permit, and Sunol's map adds a third that is nothing to do with it -- 'Membership or Permit required to park on Welch Creek Road', obtained at the Sunol entry kiosk, the only per-road parking permit in this project. ADDS SUNOL'S PARK ACCESS ROW: six gate bands covering the year exactly, the fourth clean set; $5 weekends and holidays; cash, Visa, MasterCard, Discover and tap to pay. THERE IS NO DRINKING WATER IN THE PARK, stated twice on the park page -- and the spring-fed spigot this project holds at Sunol Backpack Camp is non-potable, so both are true at once. This is the only park whose own page says the second half outright. PUBLIC WIFI AT THE VISITOR CENTER, the first in this project, against Reinhardt Redwood's 'NO CELL SERVICE, WIFI/INTERNET AT THIS PARK'. THE PERMIT MAP CONFIRMS SUNOL'S SEVEN SITE NAMES and disagrees with one spelling: it numbers them 1-Cathedral, 2-Oak View, 3-Sycamore, 4-Stars Rest, 5-Hawks Nest, 6-EAGLES EYRIE, 7-Sky Camp, where this project has 'Eagles Aerie'. Same word, two spellings, third EBRPD naming disagreement in three days after Eagle Spring(s) and Girls'/Girl's Camp. Key kept, map spelling recorded. MILEAGES THAT TIE THREE PARKS TOGETHER: 8.66 miles Sunol Visitor Center to Stanford Avenue at Mission Peak, 13.9 miles Sunol boundary to Del Valle boundary, 15.6 to Del Valle West Beach. Visitor Center 390 feet, Sunol Backpack Camp 1,699.",,
none-2026-09-16-46,2026-09-16,none,https://www.ebparks.org/sites/default/files/Ohlone-Wilderness-Permit-Map-11x17.pdf,,user-pasted-full-text,corrects-existing,"CLOSES A GAP OPENED TWO DAYS AGO: DEL VALLE HAS FIVE MORE CAMPS. When Del Valle's ReserveAmerica page said 'Group campsite gate hours change seasonally', this project held no group campsite at Del Valle at all and logged it as a gap with the note that Del Valle is the oldest EBRPD park here and the one whose campground list has never been checked. The Ohlone Wilderness permit map names them: WILD TURKEY GROUP CAMP, PUNTA VACA GROUP CAMP, CEDAR GROUP CAMP, LIL CHAPARRAL HORSE CAMP and CABALLO LOCO HORSE CAMP, clustered by the Del Valle Family Campground. WHY THESE ARE ADDED WHERE REINHARDT REDWOOD'S EIGHT LABELS WERE NOT. There the map distinguished Reservable Group Camp from Reservable Picnic Area by SYMBOL, the flattened PDF lost the symbols, and guessing from the labels would have been wrong five times in eight. Here the type is in the name, in words. That is the difference between reading a map and guessing at one. ADDS A CAMPSITE CLASS: EQUESTRIAN, for the two horse camps. It is EBRPD's own word, from the cancellation text attached to every reservation -- 'to change/cancel a backpacking, equestrian, or group camping reservation' -- not a class invented here to hold rows that did not fit. booking_channels has no equestrian row, so resolving one of these returns the District-wide contact and NO class-specific method, which is the honest answer: nobody here knows how an equestrian site is booked. EVERYTHING ELSE ABOUT ALL FIVE IS BLANK and the rows say so: no capacity, no minimum, no fee, no water, no restroom, no season, and ACCESS MODE NOT RECORDED. ACCESS_MODE_UNRECORDED stops being empty again -- it has now emptied and refilled three times, which is the argument for keeping the set rather than deleting it when it happens to be empty. THE COST ROLL-UP FELT IT IMMEDIATELY. A Rose Peak plan now carries SIX unpriced campground components where it carried one, every one of them saying NO FEE ON FILE rather than vanishing. That is the intended behaviour and it is also a fair warning: this park's data is thinner than it looks, and one ReserveAmerica campsites page would fill all five rows at once.",,
none-2026-09-16-47,2026-09-16,none,https://www.reserveamerica.com/explore/sunol/EB/110028/campsites,,user-pasted-full-text,corrects-existing,"ONE RESERVEAMERICA FACILITY SELLS NINETEEN BACKPACK SITES ACROSS THREE PARKS, and finding it explains two absences this project had already recorded without understanding. EB/110028 is titled simply 'Sunol' -- not Sunol Regional Wilderness, not Sunol Wilderness Regional Preserve, just the town's name -- and its list is prefixed MIS:, OHL: and SUN: for Mission Peak, Ohlone and Sunol. THAT IS WHY MISSION PEAK HAS NO FACILITY OF ITS OWN: its sites are sold under this one. It also means searching the booking system for a park's name is not a way to find out whether the park has camping, which this project came within one inference of assuming two entries ago and was stopped from assuming by Mission Peak itself. SIX CAMPGROUNDS GAIN NAMED SITES THEY NEVER HAD. Eagle Springs is FOUR sites of 10; Boyd is two, 8 and 16; Doe is two, 14 and 10; Maggie's Half Acre is three, 6, 14 and 16; Stewart's is one at 24, the largest single backpack site here. A test asserted for weeks that these camps had no sub-sites 'because no source names any' -- which was true and was never the rule it looked like. The rule is that no placeholder row may repeat its campground's name, and that still holds. The test now says so. SUNOL'S SEVEN CAPACITIES ARE CONFIRMED EXACTLY -- Cathedral 5, Eagle's Aerie 10, Hawk's Nest 5, Oak View 5, Sky 3, Stars Rest 30, Sycamore 5 -- every figure matching what was already stored. AND SEVEN ROWS WERE QUIETLY CLAIMING TO BE BOOKABLE ONLINE. Sunol's sites carried online_bookable True while booking_channels has said since it was built that EBRPD's backpack sites are phone-only District-wide. ReserveAmerica LISTS all nineteen and sells none of them; listing is not selling, and the column means sellable. Corrected, and a test now asserts no backpack site claims otherwise. THE AERIE SPELLING RESOLVES IN FAVOUR OF THE STORED KEY, one day after it was recorded as contested. The facility says ""EAGLE'S AERIE""; the Ohlone permit map's 'Eagles Eyrie' is the outlier at two to one. That map is also the document still demanding a permit abolished on 1 January 2026, so being wrong twice on one sheet is consistent rather than surprising. OPEN YEAR ROUND, stated for all nineteen, against four EBRPD parks whose group camps shut for five months. $15.00/night plus the $8.00 reservation service fee, confirming the stored rate. Maximum 3 nights, which agrees with the Ohlone-corridor exception already in ebrpd-backpack-stay-limit. THE FACILITY'S OWN GPS IS 37.51528, -121.83278 and its address 1895 Geary Road, Sunol, CA 94586 -- a ZIP the park page omits. It places the park near PLEASANTON where the park page says Sunol and the Fremont directions say Fremont; three cities for one entrance, which is the second EBRPD park in two days to publish its own location two ways after Morgan Territory's Livermore-or-Antioch. Neither changes a plan and neither gets a thread.",,
none-2026-09-16-48,2026-09-16,none,https://www.reserveamerica.com/explore/sunol/EB/110028/campsites,,user-pasted-full-text,unresolved-conflict,"WHICH PARK ARE BOYD, STEWART'S, MAGGIE'S HALF ACRE AND DOE CAMP IN? This project files all four under DEL VALLE REGIONAL PARK. The booking facility prefixes all four 'OHL:' and puts them in a loop called 'Ohlone Backpack', where Sunol's seven are 'SUN:' and Mission Peak's four are 'MIS:'. On that pattern the prefix is a park and these camps are in Ohlone Regional Wilderness, which EBRPD's park finder lists as a camping park in its own right. IT IS NOT COSMETIC. The park field is what park_access joins on, so as filed these four inherit Del Valle's $10 weekend parking fee and its disputed 9pm-or-10pm gate. If they are in Ohlone they inherit nothing, because no Ohlone park_access row exists. DEL VALLE IS KEPT, AND THE REASON IS THAT THE FIELD IS DOING TWO JOBS. These camps sit 2.07, 6.58, 10.72 and 11.5 miles up the Ohlone Wilderness Trail measured FROM DEL VALLE, and a backpacker walking in from the Lichen Bark trailhead pays Del Valle's parking fee and meets Del Valle's gate whatever the boundary says. So the current value is right about what you pay and may be wrong about where you are. Boyd at 2.07 miles is plausibly inside Del Valle; Doe at 11.5 almost certainly is not. WHAT WOULD SETTLE IT is a boundary map, or an Ohlone Regional Wilderness park page -- neither read here. What would REDUCE it is a park field that distinguished the land a camp is on from the entrance it is reached through, which is the same gap Dumbarton Quarry and Star Mine already sit in and the third time it has mattered.",ohlone-camps-park,cross_source
none-2026-09-16-49,2026-09-16,none,https://www.reserveamerica.com/explore/sunol/EB/110028/overview,,user-pasted-full-text,unresolved-conflict,"A MECHANISM FOR THE 15-VERSUS-18 PARK COUNT THAT NOBODY HAD OFFERED, and it is not a resolution. EBRPD's Reservations page says the department oversees camping 'at 15 parks'; the park finder tags 18. Three explanations were offered at the start and this is a fourth: RESERVATIONS MAY BE COUNTING BOOKING FACILITIES RATHER THAN PARKS. The Sunol facility, EB/110028, sells sites in Mission Peak, Ohlone and Sunol under one listing. Three parks, one facility. If the department counts what it administers rather than what the finder tags, two camping parks disappear from the count without any of them ceasing to have camping. THAT WOULD OVERSHOOT. Two from this facility plus Dry Creek Pioneer, which is evidenced, plus Dumbarton Quarry, which is contested, is four -- one more than the gap of three. So the four explanations cannot all be right, and the arithmetic that landed neatly on fifteen two days ago lands on fourteen with this one added. THAT IS THE USE OF THIS ENTRY: it is evidence that the clean sum was a coincidence rather than a reconciliation, which is what 'arithmetic that works is not evidence' was written down to guard against. The thread stays open and is now less settled than it looked, not more.",ebrpd-camping-park-count,cross_source
none-2026-09-16-50,2026-09-16,none,https://www.reserveamerica.com/explore/sunol/EB/110028/776/campsite-booking,,user-pasted-full-text,corrects-existing,"TEN OF THE NINETEEN PER-SITE PAGES ON THE SUNOL FACILITY: four Eagle Springs, two Boyd, two Doe, two Maggie's Half Acre. FOUR MILES TO EAGLE SPRINGS, STATED ONCE. Site #4 gives 'Hike In Distance to Site 21120' -- 21,120 feet, exactly 4.0 miles. The other three leave the field empty, so the figure sits on #4's row and is NOT read across to its neighbours, though four sites at one camp are unlikely to differ much. It is a different number from the park page's '3-plus-mile hike to Mission Peak', which measures the summit. The field is published in feet here and at Round Valley, where 18,000 became 3.41 miles. TWO STRUCTURED FIELDS ARE THE BOOKING SYSTEM'S SCHEMA LEAKING ONTO WALK-IN SITES, and reading them literally would be wrong. Six of these ten publish 'Driveway Surface: Gravel' for camps two to eleven miles up a trail with no driveway. Nine publish 'Maximum Number of Vehicles: 1', which means one car at the trailhead, not at the pitch. Both fields exist for drive-in campgrounds and get filled in anyway. Recorded as what they are rather than stored as facts about the site -- the same care the 'Looking For Category' facet needed yesterday, and the second time in two days that a ReserveAmerica structured field has turned out not to mean what its name says. THE NO-DOGS RULE IS STRUCTURALLY CORROBORATED, which matters because it is one of the rules flagged as resting on the booking platform rather than on any ebparks.org page. Ten sites read at site level, NOT ONE marked 'Pets Allowed: Domestic', where every EBRPD group camp read for this project carries that marker. The single pets marker on the whole corridor is Doe #1's, and it reads 'Horse'. Doe #2's category is 'Horse Site' ALONE -- no tent named at all, on a page headed BACKPACK SITE. That is not a second source for the rule and the regulation says so: it is the shape the data would have if the rule were true, and not the shape it would have if the rule were false. It also agrees with this project's own 'horse camp' note on Doe, which came from a different source entirely. EVERY ONE OF THE TEN TAKES A MINIMUM OF 1. That is the cleanest corroboration yet for keeping Round Valley's camp filed as backpack against a neighbouring map calling it a group camp: a site a solo camper can book is not a group site, whatever a category field says -- and Boyd #2 and Maggie's #2 are both tagged 'Group Site' while taking a minimum of one. SHADE IS NOW RECORDED where the facility gives it: full at Boyd #1, Doe #2 and Maggie's #2, partial at Boyd #2, Doe #1 and Maggie's #1. Privacy and Quiet Area are marked at both Doe sites and nowhere else on the corridor. STILL NOT STATED FOR ANY OF THE NINETEEN: restroom and water proximity, which is the question that decides which site to take at a camp reached on foot, and the reason open_questions asks it of hike-in campgrounds only. Nine per-site pages remain unread.",,
none-2026-09-16-51,2026-09-16,none,https://www.reserveamerica.com/explore/sunol/EB/110028/393/campsite-booking,,user-pasted-full-text,corrects-existing,"THE REMAINING NINE PER-SITE PAGES. ALL NINETEEN SITES ON THE SUNOL FACILITY HAVE NOW BEEN READ, and reading the whole set is what makes three patterns visible that no single page could show. PICNIC TABLES SPLIT PERFECTLY BY PARK. Every one of Sunol's seven sites is marked PICNIC TABLE. Not one of the twelve at Eagle Springs, Boyd, Doe, Maggie's Half Acre or Stewart's is. Seven for seven against none for twelve is a pattern rather than noise, though an absent marker is still not a stated absence. For a party carrying its kitchen four to eleven miles, a table is the difference between cooking on the ground and not. EAGLE SPRINGS IS THE ONLY CAMP WITH NO SHADE RATING ON ANY SITE. Fifteen of the other fifteen carry one, full at eleven and partial at four. This is the park whose own page leads with 'Every year, several dogs die of heat stroke and dehydration at Mission Peak.' A missing field is not a statement that there is no shade; it is the one camp here where a reader would most want the field filled, and the gap is recorded rather than guessed at. THE GROUP SITE FACET TRACKS CAPACITY, which closes off most of what was puzzling about it. It appears on every site of 14 or more -- Boyd #2 16, Doe #1 14, Maggie's #2 14, Maggie's #3 16, Stewart's 24, Stars Rest 30 -- and on no site of 10 or less. Nothing here has a capacity between 11 and 13, so the exact threshold is unknown, and EBRPD's own rule directing groups over 16 to a group campsite is near it but not equal. THIS NARROWS round-valley-camp-class WITHOUT CLOSING IT: Round Valley's camp is 1-25, so on this pattern it would carry the Group Site facet, which is almost certainly why a neighbouring park's map labelled it a group camp. The thread stays open because that entry said what would settle it -- the heading Round Valley's own campsites page files it under -- and that page still has not been read. A mechanism explained is not a source obtained. UNIFORM ACROSS ALL NINETEEN: hike-in, check-in 2pm, check-out 12pm, minimum 1. Eighteen of nineteen state one vehicle; only Doe #1 omits it. Twelve of nineteen publish a gravel driveway surface for a site with no driveway. STARS REST IS THE LARGEST SITE ON THE FACILITY AT 30 AND STILL BOOKABLE BY ONE PERSON; Sky is the smallest at 3. WHAT NINETEEN PAGES DID NOT GIVE: restroom or water proximity for a single site. That is the question that decides which site to take at a camp reached on foot, it is why open_questions asks it only of hike-in campgrounds, and after reading every page the booking system has, it remains unanswerable from this source. It would come from a park brochure or from someone who has been.",,
none-2026-09-16-52,2026-09-16,none,https://www.ebparks.org/parks/point-pinole,2026-09-16,user-pasted-full-text,new-group,"Point Pinole's park page and map. ADDS A PARK, THE BEST-EQUIPPED CAMP IN THIS PROJECT, A TRAIL CLOSURE THAT IS NOT STORM DAMAGE, AND A DOG RULE WITH A DIFFERENT DENOMINATOR. THE CAMP HAS A SHOWER, AND THE FIRST VERSION OF THIS ENTRY SAID NOTHING ELSE HERE DOES, WHICH WAS WRONG AND WAS CAUGHT BY A TEST WRITTEN TO ASSERT IT. Anthony Chabot's family campground has HOT showers and Puma Point Group Camp has access to them. What is actually new is a shower at a PRIMITIVE camp: Chabot's six other group camps sit behind their own gate with no access to showers or flush toilets, and Arroyo Flats, Round Valley and Morgan Territory all say 'no showers' outright. A superlative is a claim about the whole dataset and has to be checked against it, which is what the test did. Four 6ft picnic tables, a serving table, a double BBQ, a fire circle with three benches, a shade structure, two chemical toilets, a drinking fountain with spigot, a 5ft by 8ft STORAGE CONTAINER WITH A COMBO LOCK, and A RINSING SHOWER. Arroyo Flats and Round Valley both state 'no flush toilets or showers' outright and no other camp mentions one. The lockable container is also unique and matters more than it sounds at a camp whose access mode nobody has recorded: somewhere to put food that is not a car. THE NAME IS CONSTRUCTED AGAIN. The page says 'Point Pinole group campsite'; the map has a Reservable Group Camp symbol and no readable label. Morgan Territory's constructed name turned out to be exactly what ReserveAmerica calls it, WHICH IS NOT A REASON TO TRUST THIS ONE -- one convention holding once is not a method. Any published name wins. ACCESS MODE IS NOT RECORDED, and the reason is worth stating: the camp is '200-300 yards from the pier', which is a distance from the WRONG END. The pier is at the northern tip and the car parks are at Giant Highway and Atlas Road. A distance that does not start at a road says nothing about whether you drive. ACCESS_MODE_UNRECORDED now holds six. CAPACITY AND MINIMUM PARTY SIZE ARE UNKNOWN, and a week ago this project would have derived the minimum from the District's capacity tier table. That table was retired from the job when its 75-capacity row turned out to have two candidate values, so there is nothing to derive from and the answer is simply unknown. The retirement is doing its work. THREE DOGS PER PERSON, where the District's campground rule says three dogs per SITE. Same number, different denominators: a party of ten could bring thirty dogs under one and three under the other. Not a conflict -- one is a campsite occupancy cap and one is a park-wide walking limit, and the stricter applies where both do -- but it is the first time two EBRPD rules in this dataset have counted the same thing differently. DOGS ARE NOT ALLOWED ON THE PIER, which is the landmark the camp is measured from. A SINKHOLE, NOT A STORM. The Bay Trail east of the Atlas Bridge entrance is closed by 'a large sinkhole developing between the Union Pacific Railroad tracks and the San Francisco Bay Trail corridor. There is no timeline for reopening.' Five of the six other closures in this table are storm damage; this is ground subsidence beside a live railway, and 'developing' says it is getting worse rather than waiting for a repair crew. Whether it blocks the route from the Atlas car park to the camp is not stated -- the THIRD park where a closure names trails around a camp and no source says whether the camp is still reachable. 4PM IS THE EARLIEST GATE CLOSING ANYWHERE HERE, in November and December, ninety minutes before the next earliest. Five bands covering the year exactly, the fifth clean set. Fees only when the kiosk is attended AND only April through October -- the clearest version of that condition in this project, since November to March there is no attended kiosk at all. TWO ENTRANCES WITH PARKING COUNTS, 120 spaces at Giant Highway and 78 at Atlas Road. That is the third park in three days to press on a schema storing fees and hours per park: Reinhardt Redwood charges at one entrance of a dozen, Mission Peak publishes two sets of hours, this one publishes two lots. NOT CAPTURED: the reservable group picnic areas, which are not camps; the Dotson Family Marsh renaming and the 2017 restoration; the historic powder press and bunker; and the 1.8 miles of new Bay Trail on top of the park's existing 4.5. All in park notes.",,
none-2026-09-16-53,2026-09-16,none,https://www.reserveamerica.com/explore/point-pinole-regional-shoreline/EB/110457/1157/campsite-booking,,user-pasted-full-text,corrects-existing,"Point Pinole's three ReserveAmerica pages. THE FIRST BOAT-IN SITE IN THIS PROJECT, and it arrives with two modes at once: 'Site Access: Boat-In, Hike-In'. THAT MADE access_mode MULTI-VALUED. The field was single-valued because every site read before had one answer, not because sites have one -- and it is EBRPD publishing a comma-separated pair that forced it, not a judgement made here. Stored as boat_in;hike_in, the same ';'-separated shape agency_id already uses for co-managed land. access_label now reads 'boat-in or hike-in', because a reader shown one mode has been told the site is harder or easier to reach than it is, and the discovery filter matches on MEMBERSHIP so that --access hike_in returns it. A THIRD WAY IN EXISTS AND IS DELIBERATELY NOT STORED AS drive_in. Four vehicles may drive to the site -- arriving between 2pm and 3:30pm, for a STAFF ESCORT, PRE-ARRANGED by calling park staff on 510-544-3063 AT LEAST TWO WEEKS ahead, and staying for the duration until an escort out. A ninety-minute window, a fortnight's notice, a phone number that is not Reservations', and no leaving. A filter for campgrounds you can drive to must not return that; same call as Wee-Ta-Chi's dry-weather driving. It is the strictest arrival condition anywhere in this dataset. THE WALK IS 1.5 MILES FROM PARKING, which corrects what this row implied yesterday. The park page's '200-300 yards from the pier' is a distance from the wrong end, and the same page puts the pier 'a mile' from the entrance. Recorded yesterday as exactly that -- a distance that does not start at a road -- and the real figure is now here. THE NAME IS CONFIRMED: 'Point Pinole Group Camp - Overnight (35)'. Second constructed name in two days to match, after Morgan Territory. TWO FOR TWO IS STILL NOT A METHOD: both were built from the same EBRPD convention, so they are one observation rather than two, and a park naming its camp for a person or a feature would defeat it. FILLS: minimum 17, maximum 35 -- the park page gave no capacity at all. Check-in 2pm, check-out 12pm. Seasonally closed 1 November - 31 March, loop 'Primitive Group Camp Seasonal', the same season as Las Trampas. Beer and wine need the $25 permit, the SECOND park to publish that price after Arroyo Flats, which confirms it is a District figure rather than one park's. THE VEHICLE COUNT AGREES WITH THE PASS COUNT HERE, both 7, where Stewartville says 1 against 5 and Morgan Territory 4 against 5. Three sites agree and two disagree, which is evidence that the two fields are meant to be the same number and are sometimes maintained apart -- useful for both open threads. ACREAGE DISAGREES 2,432 ON THE PARK PAGE AGAINST 2,315 HERE, stated twice. That is the FIFTH park whose acreage EBRPD publishes two ways, after Coyote Hills, Las Trampas, Morgan Territory and Mission Peak. A habit of this publisher rather than a slip at one park, and still not worth a thread, because nothing turns on it. GPS 37.99167, -122.35611 -- about 13.7 straight-line miles from downtown Oakland, which makes this the THIRD CLOSEST CAMPING in the dataset behind Anthony Chabot at 10.7 and Las Trampas' Corral at 11.7. It is also shut the five months a Bay Area winter might make a shoreline camp attractive.",,
